         w __cxa_pure_virtual
         w __deregister_frame_info
         w __gnu_Unwind_Find_exidx
         w __register_frame_info
         w __syscall_tls_create
         w __syscall_tls_delete
         w __syscall_tls_get
         w __syscall_tls_set
         w userAppExit
         w userAppInit
00000000 00000802 B __ctru_dev_utf16_buf
00000000 A __sync_synchronize
00000000 b _TLS_MODULE_BASE_
00000000 a shift
00000000 a shift
00000804 00000401 B __ctru_dev_path_buf
00100000 A __start__
00100000 T _start
00100008 T __service_ptr
0010000c T __apt_appid
00100010 T __heap_size
00100014 T __linear_heap_size
00100018 T __system_arglist
0010001c T __system_runflags
00100020 t startup
00100058 t ClearMem
0010006c t ClrLoop
00100094 T _init
001000ac t .udivsi3_skip_div0_test
001000ac T __aeabi_uidiv
001000ac 000001ec T __udivsi3
00100298 00000020 T __aeabi_uidivmod
001002b8 T __aeabi_idiv
001002b8 00000220 T __divsi3
001002c0 t .divsi3_skip_div0_test
001004d8 00000020 T __aeabi_idivmod
001004f8 00000004 W __aeabi_idiv0
001004f8 00000004 W __aeabi_ldiv0
001004fc T __aeabi_drsub
00100504 000002b0 T __aeabi_dsub
00100504 000002b0 T __subdf3
00100508 000002ac T __adddf3
00100508 000002ac T __aeabi_dadd
001007b4 00000024 T __aeabi_ui2d
001007b4 00000024 T __floatunsidf
001007d8 00000028 T __aeabi_i2d
001007d8 00000028 T __floatsidf
00100800 00000048 T __aeabi_f2d
00100800 00000048 T __extendsfdf2
00100848 00000074 T __aeabi_ul2d
00100848 00000074 T __floatundidf
0010085c 00000060 T __aeabi_l2d
0010085c 00000060 T __floatdidf
001008bc T __aeabi_ldivmod
00100990 T __aeabi_uldivmod
001009cc 00000014 T __restore_core_regs
001009cc 00000014 T restore_core_regs
001009e0 T __gnu_Unwind_Restore_VFP
001009e8 T __gnu_Unwind_Save_VFP
001009f0 T __gnu_Unwind_Restore_VFP_D
001009f8 T __gnu_Unwind_Save_VFP_D
00100a00 T __gnu_Unwind_Restore_VFP_D_16_to_31
00100a08 T __gnu_Unwind_Save_VFP_D_16_to_31
00100a10 T __gnu_Unwind_Restore_WMMXD
00100a54 T __gnu_Unwind_Save_WMMXD
00100a98 T __gnu_Unwind_Restore_WMMXC
00100aac T __gnu_Unwind_Save_WMMXC
00100ac0 00000024 T ___Unwind_RaiseException
00100ac0 00000024 T _Unwind_RaiseException
00100ae4 00000024 T ___Unwind_Resume
00100ae4 00000024 T _Unwind_Resume
00100b08 00000024 T ___Unwind_Resume_or_Rethrow
00100b08 00000024 T _Unwind_Resume_or_Rethrow
00100b2c 00000024 T ___Unwind_ForcedUnwind
00100b2c 00000024 T _Unwind_ForcedUnwind
00100b50 00000024 T ___Unwind_Backtrace
00100b50 00000024 T _Unwind_Backtrace
00100b88 00000390 T strcmp
00100f10 t __do_global_dtors_aux
00100f60 t frame_dummy
00100f8c 00000020 t C3D_TexInit
00100fac 0000020c t AvP3DS_VideoShutdown
001011b8 00000258 t AvP3DS_WriteHeadroomReport.part.0.constprop.0
00101410 00000130 t AvP3DS_AppendMarineHUDBackdrop.constprop.0
00101540 00000178 t AvP3DS_AppendBottomRect.constprop.0
001016b8 00000004 T AvP3DS_HeadroomTick
001016bc 00000070 T AvP3DS_HeadroomAccumulate
0010172c 00000014 T AvP3DS_MarkHUDFrame
00101740 0000002c T AvP3DS_SetHUDCaptureGroup
0010176c 000000d4 T AvP3DS_BenchmarkFrameStart
00101840 00000024 T AvP3DS_BenchmarkUpdateStart
00101864 00000044 T AvP3DS_BenchmarkUpdateEnd
001018a8 00000024 T AvP3DS_BenchmarkRenderStart
001018cc 00000044 T AvP3DS_BenchmarkRenderEnd
00101910 0000000c T AvP3DS_AppRunning
0010191c 00000008 T AvP3DS_StartPressed
00101924 00000080 T AvP3DS_ButtonsHeld
001019a4 0000003c T AvP3DS_ReadCirclePad
001019e0 0000003c T AvP3DS_ReadCStick
00101a1c 000000dc T AvP3DS_ShowKeyboard
00101af8 00000054 T AvP3DS_DestroyNativeTexture
00101b4c 00000018 T AvP3DS_SetStereoFlatFrame
00101b64 00000018 T AvP3DS_SetStereoFlatBatch
00101b7c 000002f8 T AvP3DS_GameFrameBegin
00101e74 000007d8 T AvP3DS_DrawTriangles
00102650 000012b4 T AvP3DS_GameFrameEnd
00103904 0000046c T AvP_PresentSurface3DS
00103d70 00000b20 T main
00104890 0000002c t SDLEventFilter
001048bc 0000038c t KeySymToKey
00104c48 00000274 t SetWindowSize
00104ebc 00000004 T DirectReadKeyboard
00104ec0 00000004 T DirectReadMouse
00104ec4 00000198 T ReadJoysticks
0010505c 000001b4 T GetScreenShot24
00105210 00000008 T ReadProcessorType
00105218 000000e0 T LoadDeviceAndVideoModePreferences
001052f8 00000058 T SaveDeviceAndVideoModePreferences
00105350 000000cc T PreviousVideoMode2
0010541c 0000008c T NextVideoMode2
001054a8 0000000c T GetVideoModeDescription2
001054b4 00000050 T GetVideoModeDescription3
00105508 00000134 T InitSDL
0010563c 00000008 T InitialiseWindowsSystem
00105644 00000990 T CheckForWindowsMessages
00105fd4 00000004 T InGameFlipBuffers
00105fd8 00000010 T FlipBuffers
00105fe8 00000778 T AvP_LegacyMain
00106760 000000d4 T __assert_func
00106834 00000008 W ScanImagesForFMVs
0010683c 00000008 W ReleaseAllFMVTextures
00106844 00000008 W UpdateAllFMVTextures
0010684c 00000008 W StartTriggerPlotFMV
00106854 00000008 W InitialiseTriggeredFMVs
0010685c 00000008 W PlatSetEnviroment
00106864 00000004 W CheckCDVolume
00106868 00000004 W EndMenuBackgroundBink
0010686c 00000008 W GetFMVInformation
00106874 00000004 W StartMenuBackgroundBink
00106878 00000008 W PlayMenuBackgroundBink
00106880 00000004 W StartFMVAtFrame
00106884 0000024c t AvP3DS_CDDAOpenTrack
00106ad0 000000e8 t AvP3DS_UpdateVoiceStep
00106bb8 000003f0 t AvP3DS_AudioCallback
00106fa8 00000498 t AvP3DS_StoreSample
00107440 00000214 t AvP3DS_CDDAPumpInternal
00107658 000000b0 T CDDA_Stop
00107708 00000024 T CDDA_Start
0010772c 000000fc T CDDA_Play
00107828 000000fc T CDDA_PlayLoop
00107924 0000006c T CDDA_ChangeVolume
00107990 00000074 T CDDA_CheckNumberOfTracks
00107a04 00000014 T CDDA_SwitchOn
00107a18 00000010 T CDDA_IsOn
00107a28 00000064 T CDDA_IsPlaying
00107a8c 000001c0 T PlatStartSoundSys
00107c50 000001cc T PlatPlaySound
00107e20 00000078 T PlatStopSound
00107e98 00000078 T AvP3DS_BeginSoundStatusSnapshot
00107f10 00000014 T AvP3DS_EndSoundStatusSnapshot
00107f24 000000a0 T PlatSoundHasStopped
00107fc4 00000060 T PlatChangeGlobalVolume
00108024 00000070 T PlatChangeSoundVolume
00108094 0000008c T PlatChangeSoundPitch
00108120 00000174 T PlatDo3dSound
00108294 000000f8 T PlatEndGameSound
0010838c 00000008 T PlatMaxHWSounds
00108394 00000024 T PlatUpdatePlayer
001083b8 00000044 T InitialiseBaseFrequency
001083fc 0000006c T UpdateSoundFrequencies
00108468 000000e0 T LoadWavFile
00108548 0000009c T ExtractWavFile
001085e4 000000c4 T LoadWavFromFastFile
001086a8 0000004c t ReleaseD3DTexture.part.0
001086f4 00000078 t FlushTriangleBuffers.isra.0
0010876c 00000094 t CheckFilteringModeIsCorrect.part.0
00108800 000003b8 t CheckTriangleBuffer
00108bb8 000001d8 T SelectProgram
00108d90 00000168 t D3D_Rectangle.part.0
00108ef8 00000088 T AvP3DS_BeginFlatStereoOverlay
00108f80 00000088 T AvP3DS_EndFlatStereoOverlay
00109008 0000008c T AvP3DS_BeginHUDCapture
00109094 00000088 T AvP3DS_EndHUDCapture
0010911c 00000140 T CreateOGLTexture
0010925c 0000000c T ReleaseD3DTexture
00109268 00000014 T CreateIMGSurface
0010927c 0000000c T ReleaseDDSurface
00109288 00000038 T ThisFramesRenderingHasBegun
001092c0 0000007c T ThisFramesRenderingHasFinished
0010933c 00000014 T FlushD3DZBuffer
00109350 00000088 T SecondFlushD3DZBuffer
001093d8 00000058 T D3D_DecalSystem_Setup
00109430 00000038 T D3D_DecalSystem_End
00109468 00000024 T D3D_Rectangle
0010948c 0000022c T D3D_ZBufferedGouraudTexturedPolygon_Output
001096b8 00000198 T D3D_SkyPolygon_Output
00109850 000001d0 T D3D_ZBufferedCloakedPolygon_Output
00109a20 0000033c T D3D_Decal_Output
00109d60 00000340 T D3D_Particle_Output
0010a0a0 00000174 T D3D_PredatorThermalVisionPolygon_Output
0010a214 000001a0 T D3D_ZBufferedGouraudPolygon_Output
0010a3b4 0000019c T D3D_PlayerOnFireOverlay
0010a550 000002bc T D3D_PlayerDamagedOverlay
0010a80c 000001c8 T DrawNoiseOverlay
0010a9d4 00000230 T D3D_ScreenInversionOverlay
0010ac04 00000114 T D3D_PredatorScreenInversionOverlay
0010ad18 000001c4 T DrawScanlinesOverlay
0010aedc 000000f0 T D3D_FadeDownScreen
0010afcc 00000064 T D3D_HUD_Setup
0010b030 0000014c T D3D_HUDQuad_Output
0010b17c 000000f4 t D3D_RenderHUDString.part.0
0010b270 00000148 T D3D_RenderHUDNumber_Centred
0010b3b8 0000000c T D3D_RenderHUDString
0010b3c4 00000100 T D3D_RenderHUDString_Clipped
0010b4c4 000001c8 T D3D_RenderHUDString_Centred
0010b68c 0000000c T RenderString
0010b698 00000064 T RenderStringCentred
0010b6fc 000000ec T RenderStringVertically
0010b7e8 00000124 T Hardware_RenderSmallMenuText
0010b90c 0000013c T Hardware_RenderSmallMenuText_Coloured
0010ba48 0000003c T Hardware_RenderHighlightRectangle
0010ba88 00000180 T D3D_DrawSliderBar
0010bc08 000000e0 T D3D_DrawSlider
0010bce8 000002b0 T D3D_DrawRectangle
0010bf98 00000040 T Hardware_RenderKeyConfigRectangle
0010bfd8 00000238 T D3D_DrawColourBar
0010c210 00000074 T ColourFillBackBuffer
0010c284 00000174 T ColourFillBackBufferQuad
0010c3f8 00000118 T D3D_DrawBackdrop
0010c510 00000214 T D3D_DrawParticle_Rain
0010c724 00000058 T InitForceField
0010c77c 000000c8 T D3D_DrawWaterFall
0010c844 0000024c T D3D_DrawMoltenMetalMesh_Unclipped
0010ca90 0000026c T D3D_DrawWaterPatch
0010ccfc 00000cac T PostLandscapeRendering
0010d9a8 0000027c T D3D_DrawWaterTest
0010dc24 000002f0 T D3D_DrawCable
0010df14 00000004 t null_gl_void
0010df18 00000018 t null_gl_create_id
0010df30 00000008 t null_gl_get_error
0010df38 0000000c t null_gl_get_string
0010df44 00000010 t null_gl_get_floatv
0010df54 00000024 t null_gl_get_integerv
0010df78 00000010 t null_gl_get_tex_parameterfv
0010df88 00000008 t null_gl_get_location
0010df90 00000024 t null_gl_get_object_iv
0010dfb4 00000020 t null_gl_get_info_log
0010dfd4 0000000c t null_gl_framebuffer_status
0010dfe0 0000003c t null_gl_gen_ids
0010e01c 00000198 T load_ogl_functions
0010e1b4 00000450 T NPCCanSeeTarget
0010e604 0000026c T LightSourcesInRangeOfObject
0010e870 00000134 T LightIntensityAtPoint
0010e9a4 000004cc T InteriorType_Body
0010ee70 000000d0 T UpdateCamera
0010ef40 00000144 T AVPGetInViewVolumeList
0010f084 00000040 T ReflectObject
0010f0c4 00000048 T InitCameraValues
0010f110 00000068 T PrepareVDBForShowView
0010f178 0000006c T UpdateObjectLights
0010f1e4 00000070 T UpdateRunTimeLights
0010f254 00000020 T InitialiseRenderer
0010f274 000000b0 T CheckIfMirroringIsRequired
0010f324 0000014c T AvpShowViews
0010f470 00000048 T AlienBiteAttackHasHappened
0010f4b8 00000098 t Autogun_TargetFilter.part.0
0010f550 000000dc T MakeSentrygunNear
0010f62c 00000278 T AutoGunBehaveInit
0010f8a4 00000068 T MakeSentrygunFar
0010f90c 0000012c T Autogun_GetNewTarget
0010fa38 0000003c T AGunSight_FrustrumReject
0010fa74 000000e4 T AGunMovement_ScanLeftRight
0010fb58 0000010c T AGunMovement_Centre
0010fc64 00000150 T AGun_GetRelativeAngles
0010fdb4 000001e0 T AGunMovement_TrackToAngles
0010ff94 000000d4 T Execute_AGun_Target
00110068 00000380 T AGun_MaintainGun
001103e8 00000074 T Execute_AGun_Dying
0011045c 00000594 T AutoGunBehaveFun
001109f0 000000ac T AGunIsDamaged
00110a9c 00000210 T LoadStrategy_Autogun
00110cac 0000019c T SaveStrategy_Autogun
00110e48 0000018c t CheckDeathValidity.part.0
00110fd4 00000160 t FindMyFloorPoly.isra.0
00111134 00000240 t GetNextModuleForLink_Core.part.0
00111374 0000002c T CheckAdjacencyValidity
001113a0 000000d0 T NPC_IsDead
00111470 00000038 T NPC_InitMovementData
001114a8 00000234 T NPC_IsObstructed
001116dc 00000110 T NPC_CannotReachTarget
001117ec 000001ec T NPCGetAvoidanceDirection
001119d8 00000160 T ProjectNPCShot
00111b38 0000012c T CastLOSProjectile
00111c64 000000e4 T VerifyHitShot
00111d48 00000030 T NPCGetTargetPosition
00111d78 000001b0 T NPCOrientateToVector
00111f28 000004fc T NPCSetVelocity
00112424 0000015c T NPCFindTargetEP
00112580 000000c8 T NPCGetMovementTarget
00112648 00000018 T NPC_InitWanderData
00112660 00000374 T NPC_FindAIWanderTarget
001129d4 0000005c T GetNextModuleForLink
00112a30 00000050 T GetNextModuleForLink_Core
00112a80 00000024 T GetNextModuleInPath
00112aa4 0000001c T TranslatePathIndex
00112ac0 000000d0 T GetClosestStepInPath
00112b90 00000100 T GetThisDeath
00112c90 00000030 T GetThisDeath_FromCode
00112cc0 0000008c T GetThisDeath_FromUniqueCode
00112d4c 00000240 T GetDeathSequence
00112f8c 00000054 T GetAlienDeathSequence
00112fe0 00000054 T GetMarineDeathSequence
00113034 00000054 T GetPredatorDeathSequence
00113088 00000054 T GetXenoborgDeathSequence
001130dc 00000108 T GetThisAttack
001131e4 000000b8 T GetThisAttack_FromUniqueCode
0011329c 00000178 T GetAttackSequence
00113414 0000002c T GetAlienAttackSequence
00113440 0000002c T GetAlienPounceAttack
0011346c 0000002c T GetWristbladeAttackSequence
00113498 0000002c T GetPredStaffAttackSequence
001134c4 000001c4 T NearNPC_GetTargetAIModuleForRetreat
00113688 000001d8 T General_GetRetreatModule_Core
00113860 0000021c T General_GetAIModuleForRetreat
00113a7c 0000004c T AIModuleIsVisible
00113ac8 000000a4 T IsMyPolyRidiculous
00113b6c 00000b54 T NPCGetMovementDirection
001146c0 000000ac T Initialise_AvoidanceManager
0011476c 0000045c T New_GetAvoidanceDirection
00114bc8 00000298 T New_GetSecondAvoidanceDirection
00114e60 000000b0 T AlignVelocityToGravity
00114f10 00000148 T InitialiseThirdAvoidance
00115058 0000012c T CastLOSSpear
00115184 00000174 T SimpleEdgeDetectionTest
001152f8 0000030c T New_NPC_IsObstructed
00115604 000002c4 T ExecuteThirdAvoidance
001158c8 000001a8 T AllNewAvoidanceKernel
00115a70 000000ac T MakeAlienFar
00115b1c 00000028 T DoAlienLimbLossSound
00115b44 000003a8 T KillAlien
00115eec 00000044 T Execute_Alien_Dying
00115f30 00000230 T GetAlienSpeedFactor_ForSequence
00116160 00000070 T RecomputeAlienSpeed
001161d0 000003f0 T CreateAlienDynamic
001165c0 00000480 T InitAlienBehaviour
00116a40 00000228 T MakeAlienNear
00116c68 00000450 T CreateAlienBot
001170b8 00000088 T CastAlienBot
00117140 00000088 T CastPredAlienBot
001171c8 00000088 T CastPraetorianBot
00117250 000000d8 T Alien_TargetFilter
00117328 00000140 T Alien_GetNewTarget
00117468 000004cc T AlienBehaviour
00117934 00000060 T Alien_Awaken
00117994 00000314 T AlienIsDamaged
00117ca8 0000005c T Alien_GoToApproach
00117d04 00000024 T AlienIsCrawling
00117d28 00000260 T LoadStrategy_Alien
00117f88 00000190 T SaveStrategy_Alien
00118118 000003a8 T BinarySwitchBehaveInit
001184c0 00000a30 T BinarySwitchBehaveFun
00118ef0 00000020 T BinarySwitchGetSynchData
00118f10 00000058 T BinarySwitchSetSynchData
00118f68 000000e4 T LoadStrategy_BinarySwitch
0011904c 000000a4 T SaveStrategy_BinarySwitch
001190f0 000000b8 T PowerCableBehaveInit
001191a8 00000150 T PowerCableBehaveFun
001192f8 000000b8 T MakeCorpseNear
001193b0 0000001c T MakeCorpseFar
001193cc 000002a0 T Convert_Alien_To_Corpse
0011966c 0000027c T Convert_Predator_To_Corpse
001198e8 000002ac T Convert_Marine_To_Corpse
00119b94 000001dc T Convert_Xenoborg_To_Corpse
00119d70 000003ac T CorpseBehaveFun
0011a11c 00000214 T CorpseIsDamaged
0011a330 00000228 T LoadStrategy_Corpse
0011a558 00000150 T SaveStrategy_Corpse
0011a6a8 000000bc T DeathVolumeBehaveInit
0011a768 000001a8 T DeathVolumeBehaveFun
0011a910 00000068 T LoadStrategy_DeathVolume
0011a978 0000004c T SaveStrategy_DeathVolume
0011a9c4 00000ea4 t MakeHierarchicalDebris.part.0
0011b868 00000058 T CreateShapeInstance
0011b8c0 00000060 T OneShotBehaveFun
0011b920 000000a0 T OneShot_Anim_BehaveFun
0011b9c0 00000124 T AlienFragFun
0011bae4 00000110 T SmokeGeneratorBehaviour
0011bbf4 0000060c T MakeFragments
0011c200 00000058 T MakeHierarchicalDebris
0011c258 0000022c T Pop_Section
0011c484 00000184 T HierarchicalFragmentBehaviour
0011c608 00000170 T LoadStrategy_HierarchicalDebris
0011c778 000000bc T SaveStrategy_HierarchicalDebris
0011c834 00000120 T MakeDebrisForLoad
0011c954 000000b4 T LoadStrategy_Debris
0011ca08 000000d8 T SaveStrategy_Debris
0011cae0 00000100 T MakeDummyNear
0011cbe0 0000002c T MakeDummyFar
0011cc0c 00000094 T DummyBehaviour
0011cca0 0000011c T FanBehaveInit
0011cdbc 0000018c T FanBehaveFun
0011cf48 00000094 T LoadStrategy_Fan
0011cfdc 0000006c T SaveStrategy_Fan
0011d048 000002ec T LocateFarNPCInAIModule
0011d334 000000f8 T GetTargetAIModuleStatus
0011d42c 00000170 t ProcessFarAlienTargetModule
0011d59c 000000bc T FarNPC_GetTargetAIModuleForHunt
0011d658 00000134 T FarNPC_GetTargetAIModuleForWander
0011d78c 000000cc T FarNPC_GetTargetAIModuleForRetreat
0011d858 0000051c T FarAlienBehaviour
0011dd74 0000008c T FarNPC_GetTargetAIModuleForGlobalHunt
0011de00 00000094 T FarNPC_GetTargetAIModuleForMarineRespond
0011de94 00000040 T FarNpc_FlipAround
0011ded4 00000164 t KillFaceHugger
0011e038 0000021c T InitFacehuggerBehaviour
0011e254 00000c34 T FacehuggerBehaviour
0011ee88 000001b0 T MakeFacehuggerNear
0011f038 0000002c T MakeFacehuggerFar
0011f064 000000a4 T FacehuggerIsDamaged
0011f108 000001c8 T PlotFaceHugger
0011f2d0 00000060 T Wake_Hugger
0011f330 000000fc T LoadStrategy_FaceHugger
0011f42c 000000d0 T SaveStrategy_FaceHugger
0011f4fc 000000b4 T InitGenerator
0011f5b0 00000060 T ActivateHive
0011f610 00000134 T InitHive
0011f744 00000374 T DoHive
0011fab8 00000084 T NumNPCsFromThisGenerator
0011fb3c 000005b4 T GeneratorBehaviour
001200f0 00000058 T NumGeneratorNPCsVisible
00120148 0000005c T ForceAGenerator
001201a4 0000001c T SetHiveParamaters
001201c0 00000070 T LoadStrategy_Generator
00120230 00000060 T SaveStrategy_Generator
00120290 0000003c T LoadHiveSettings
001202cc 00000048 T SaveHiveSettings
00120314 00000024 T GeneratorBalance_NotePlayerDeath
00120338 00000020 T GeneratorBalance_NoteAIDeath
00120358 000001a4 T LiftDoorBehaveInit
001204fc 000001bc T LiftDoorBehaveFun
001206b8 00000084 T LoadStrategy_LiftDoor
0012073c 00000078 T SaveStrategy_LiftDoor
001207b4 0000021c T LiftBehaveInit
001209d0 000002dc T TeleportContents
00120cac 00000588 T LiftBehaveFun
00121234 00000174 T CleanUpLiftControl
001213a8 00000018 T KillLightForRespawn
001213c0 0000016c T PlacedLightIsDamaged
0012152c 00000398 T SendRequestToPlacedLight
001218c4 00000198 T UpdatePlacedLightState
00121a5c 00000480 T InitPlacedLight
00121edc 000003c0 T UpdatePlacedLightColour
0012229c 00000190 T PlacedLightBehaviour
0012242c 000000c4 T MakePlacedLightNear
001224f0 00000128 T LoadStrategy_PlacedLight
00122618 000000c8 T SaveStrategy_PlacedLight
001226e0 00000070 t check_link_switch_states.constprop.0
00122750 000003bc T LinkSwitchBehaveInit
00122b0c 000006f4 T LinkSwitchBehaveFun
00123200 00000020 T LinkSwitchGetSynchData
00123220 00000058 T LinkSwitchSetSynchData
00123278 000000ec T LoadStrategy_LinkSwitch
00123364 000000ac T SaveStrategy_LinkSwitch
00123410 000002a4 T LightFXBehaveInit
001236b4 000005b0 T LightFXBehaveFun
00123c64 000000b8 T LoadStrategy_LightFx
00123d1c 00000068 T SaveStrategy_LightFx
00123d84 00000020 t Execute_MNS_NullPanicFire
00123da4 000000d8 t Execute_MNS_PumpAction
00123e80 00000040 t MarineMisfireFlameThrower
00123ec0 0000009c t ProcessFarMarineTargetModule
00123f5c 000000bc t Execute_Dying
00124018 00000154 t Execute_MNS_Reloading
0012416c 0000004c t ZoneAlert.part.0
001241b8 00000048 t Marine_MirrorSuspectPoint.isra.0
00124200 00000054 t Execute_MFS_Firing.isra.0
00124258 000000d8 t MaintainMarineGunFlash.isra.0
00124330 00000060 t Marine_EnterLesserPanicAnimation
00124390 0000008c t Marine_EnterExtremePanicAnimation
0012441c 00000410 t MarineCanSeeTarget
0012482c 000003a0 t HandleFidgetAnimations
00124bcc 000001fc t HandleWaitingAnimations
00124dc8 000006b8 t HandleMovingAnimations
00125480 0000008c t Execute_MNS_AcidAvoidance
0012550c 00000058 T InitSquad
00125564 00000204 T DoSquad
00125768 0000006c T PointAlert
001257d4 00000350 t Execute_MNS_ThrowMolotov
00125b28 00000668 t Execute_MNS_PanicFireFlamethrower
00126190 00000354 t Execute_MNS_DischargeFlamethrower
001264e4 0000004c T GetThisNPCMarineWeapon
00126530 000000a8 T GetThisManAWeapon
001265d8 00000084 T ChangeToAlternateAccoutrementSet
0012665c 00000190 T SetMarineElevation
001267ec 00000078 T CentreMarineElevation
00126864 00000054 T EndMarineMuzzleFlash
001268b8 00000090 T MakeMarineFar
00126948 000006d0 T KillMarine
00127018 0000031c T Marine_Enter_Firing_State
00127334 000001a8 T MakeMarineNear
001274dc 0000005c T Marine_Enter_Avoidance_State
00127538 00000068 T Marine_Enter_Wander_State
001275a0 00000064 T Marine_Enter_Approach_State
00127604 000000ac T Marine_Enter_Respond_State
001276b0 00000064 T Marine_Enter_Return_State
00127714 00000064 T Marine_Enter_Pathfinder_State
00127778 000000c0 T Marine_Enter_Retreat_State
00127838 00000108 T Marine_Enter_Reload_State
00127940 000001f0 T Marine_Enter_PanicReload_State
00127b30 000000f4 T Marine_Enter_PumpAction_State
00127c24 00000258 T Marine_Enter_PullPistol_State
00127e7c 00000230 T Marine_Enter_OneArmShotgun_State
001280ac 0000024c T Marine_Enter_OneArmPistol_State
001282f8 0000016c T NPC_GetBimbleTarget
00128464 00000074 T AddNPCGunFlashEffect
001284d8 000000b0 t CreateMarineGunFlash.isra.0
00128588 00000770 t Execute_MNS_PanicFireLOSWeapon
00128cf8 0000041c t Execute_MNS_DischargeSADAR
00129114 00000420 t Execute_MNS_NewDischargeGL
00129534 0000067c t Execute_MNS_PanicFireGL
00129bb0 00000734 t Execute_MNS_PanicFirePistol
0012a2e4 000003a8 t Execute_MNS_DischargeShotgun
0012a68c 000006b4 t Execute_MNS_PanicFireShotgun
0012ad40 000003fc t Execute_MNS_DischargeSkeeter
0012b13c 00000004 T RemoveNPCGunFlashEffect
0012b140 00000044 T MaintainNPCGunFlashEffect
0012b184 00000088 T SpeedRangeMods
0012b20c 000005b0 t DischargeLOSWeapon_Core
0012b7bc 000005c4 t Execute_MNS_PanicFireMinigun
0012bd80 00000074 T Validate_Target
0012bdf4 00000068 T Validate_Strategy
0012be5c 000000d4 T Marine_TargetFilter
0012bf30 00000118 T FakeTrackerWheepGenerator
0012c048 00000078 T GetFirstRandomDirection
0012c0c0 000000c0 T TurnToFaceRandomDirection
0012c180 0000025c T GetPointToFaceMarineTowards
0012c3dc 00000180 t Execute_MFS_Wait
0012c55c 000002a8 T RunAroundOnFireMission_Control
0012c804 0000005c T Marine_Enter_Wait_State
0012c860 00000134 T Marine_Enter_Taunt_State
0012c994 000001d4 T Marine_Enter_PanicFire_State
0012cb68 00000174 T PathfinderMission_SwitchState
0012ccdc 00000128 T LoiterMission_SwitchState
0012ce04 00000164 T WanderMission_SwitchState
0012cf68 0000016c T LocalGuardMission_SwitchState
0012d0d4 000001ec t Execute_MFS_SentryMode.isra.0
0012d2c0 000000f8 T InitMission
0012d3b8 00000168 T GuardMission_SwitchState
0012d520 00000098 T MarineSight_FrustrumReject
0012d5b8 00000590 t MarineIsAwareOfTarget
0012db48 000003dc t Execute_MNS_Approach
0012df24 000000e4 t Execute_MFS_Approach
0012e008 00000084 t Execute_MNS_Avoidance
0012e090 000001f0 t Execute_MNS_Wander
0012e280 00000100 t Execute_MFS_Wander
0012e380 00000148 t Execute_MNS_Respond
0012e4c8 0000010c t Execute_MFS_Respond
0012e5d8 000002a0 t Execute_MNS_Retreat
0012e878 000000f0 t Execute_MFS_Retreat
0012e968 000002c4 t Execute_MNS_Wait
0012ec2c 00000470 t Execute_MNS_SentryMode
0012f0a0 000001b4 t Execute_MNS_Return
0012f254 000000dc t Execute_MFS_Return
0012f330 0000020c T Marine_SoundCourageBonus
0012f53c 000002a8 T DoMarineHearing
0012f7e4 000000cc T NPC_Maintain_Minigun
0012f8b0 0000006c T Marine_SwitchExpression
0012f91c 00000550 t InitMarineBehaviour.part.0
0012fe6c 00000028 T InitMarineBehaviour
0012fe94 00000028 T InitSealBehaviour
0012febc 00000568 T CreateMarineDynamic
00130424 00000164 T Convert_To_RunningOnFire
00130588 000005f4 T CreateMarineBot
00130b7c 000000a8 T CastMarineBot
00130c24 00000294 t Execute_MNS_PanicReloading
00130eb8 00000b1c T WanderMission_Control
001319d4 00000a84 T GuardMission_Control
00132458 00000790 T LoiterMission_Control
00132be8 00000e00 T PathfinderMission_Control
001339e8 00000aa4 T LocalGuardMission_Control
0013448c 000000dc T Marine_CorpseSightingTest
00134568 000000b0 T Marine_SurpriseSound
00134618 00000434 t MarineCanSeeObject
00134a4c 00000064 T WarnMarineOfAttack
00134ab0 0000031c T Marine_GetNewTarget
00134dcc 000006f0 t Execute_MNS_DischargeTwoPistols
001354bc 000006b0 t Execute_MNS_PanicFireUnarmed
00135b6c 000006f0 t Execute_MNS_DischargePistol
0013625c 00000494 t Execute_MNS_DischargeMinigun
001366f0 00000578 t Execute_MNS_DischargeSmartgun
00136c68 00000518 t Execute_MNS_DischargeLOSWeapon
00137180 00000190 T Marine_UpdateFace
00137310 00000b84 T MarineBehaviour
00137e94 000000f4 T SendRequestToMarine
00137f88 000003c4 T LoadStrategy_Marine
0013834c 000002bc T SaveStrategy_Marine
00138608 000000ac T LoadMarineSquadState
001386b4 000000b0 T SaveMarineSquadState
00138764 000000e8 T Marine_Activate_AcidAvoidance_State
0013884c 000005c4 T MarineIsDamaged
00138e10 0000006c T MissionCompleteBehaveInit
00138e7c 0000008c T SendRequestToMissionStrategy
00138f08 00000074 T MessageBehaveInit
00138f7c 00000068 T SendRequestToMessageStrategy
00138fe4 0000004c T LoadStrategy_Message
00139030 00000048 T SaveStrategy_Message
00139078 0000005c T LoadStrategy_MissionComplete
001390d4 00000050 T SaveStrategy_MissionComplete
00139124 00000080 t AlienHasPathToTarget
001391a4 00000070 t DoAlienAITauntHiss.isra.0
00139214 00000070 t DoAlienAIRandomHiss.isra.0
00139284 00000070 t GetAttackDamageType.isra.0
001392f4 00000188 t AlienNearDamageShell
0013947c 000000ac T Alien_ElectToCrawl
00139528 000000c8 T Alien_ElectToPounce
001395f0 0000007c T GetAlienCrawlMode
0013966c 000000d8 T SetAlienShapeAnimSequence_Core
00139744 00000084 T AlienHandleStandingAnimation
001397c8 00000144 T StartAlienAttackSequence
0013990c 0000006c T StartAlienMovementSequence
00139978 000001b4 t CheckPounceIntegrity
00139b2c 000000dc T AlienHandleMovingAnimation
00139c08 0000001c T SetAlienShapeAnimSequence
00139c24 000000a8 T AlienShouldBeCrawling
00139ccc 00000064 T AlienIsAwareOfTarget
00139d30 000000fc T AlienIsAbleToPounce
00139e2c 00000104 T AlienNearState_Dormant
00139f30 00000088 T AlienNearState_Awakening
00139fb8 00000150 T AlienNearState_Taunting
0013a108 00000234 T TargetIsFiringFlamethrowerAtAlien
0013a340 00001c4c T NearAlienBehaviour
0013bf8c 000001b0 T ParticleGeneratorBehaveInit
0013c13c 00000374 T ParticleGeneratorBehaveFun
0013c4b0 0000006c T SendRequestToParticleGenerator
0013c51c 000000e4 T LoadStrategy_ParticleGenerator
0013c600 000000f0 T SaveStrategy_ParticleGenerator
0013c6f0 0000013c T PlacedHierarchyBehaveInit
0013c82c 000000b8 T MakePlacedHierarchyNear
0013c8e4 00000314 T PlacedHierarchyBehaveFun
0013cbf8 00000058 T DeletePlacedHierarchy
0013cc50 00000138 T SendRequestToPlacedHierarchy
0013cd88 000000f8 T LoadStrategy_PlacedHierarchy
0013ce80 000000f0 T SaveStrategy_PlacedHierarchy
0013cf70 0000011c T InitialisePlatformLift
0013d08c 00000020 T ActivatePlatformLift
0013d0ac 00000070 T StopPlatformLift
0013d11c 00000600 T PlatformLiftBehaviour
0013d71c 00000068 T NetworkPeerChangePlatformLiftState
0013d784 00000080 T LoadStrategy_PlatformLift
0013d804 0000007c T SaveStrategy_PlatformLift
0013d880 00000084 t Execute_Dying
0013d904 00000344 t Execute_PNS_DischargePistol
0013dc48 0000009c t ProcessFarPredatorTargetAIModule
0013dce4 000005ac t Execute_PNS_SwapWeapon
0013e290 000000f4 t Execute_PNS_SelfDestruct.isra.0
0013e384 0000007c t StartWristbladeAttackSequence
0013e400 0000007c t StartPredStaffAttackSequence
0013e47c 000001d8 t PredatorNearDamageShell
0013e654 00000158 t Execute_PNS_AttackWithStaff
0013e7ac 0000014c t Execute_PNS_AttackWithWristblade
0013e8f8 000000fc t Execute_PNS_Recover
0013e9f4 0000032c t Execute_PNS_DischargeSpeargun
0013ed20 000003ac T InitPredatorBehaviour
0013f0cc 00000034 T InitDormantPredatorBehaviour
0013f100 00000060 T ActivateDormantPredator
0013f160 00000110 T SetPredatorElevation
0013f270 00000380 T PredatorHandleMovingAnimation
0013f5f0 00000304 t Execute_PNS_EngageWithStaff
0013f8f8 000002e0 t Execute_PNS_EngageWithPlasmaCaster
0013fbd8 0000030c t Execute_PNS_EngageWithWristblade
0013fee8 000002c8 t Execute_PNS_EngageWithPistol
001401b0 0000022c T MakePredatorNear
001403dc 000003f8 T CreatePredoBot
001407d4 000000a8 T CastPredoBot
0014087c 00000094 T MakePredatorFar
00140910 0000011c T Predator_Enter_Recover_State
00140a2c 000000d0 T Predator_Enter_Attacking_State
00140afc 0000006c T Predator_Enter_Avoidance_State
00140b68 000000ac T Predator_Enter_Swapping_State
00140c14 00000150 T Predator_Enter_Taunt_State
00140d64 000000dc T Predator_Enter_SelfDestruct_State
00140e40 0000058c T PredatorIsDamaged
001413cc 000001c4 T Predator_SwitchState
00141590 000000d0 T Predator_TargetFilter
00141660 0000019c T Predator_GetNewTarget
001417fc 000002e4 T DoPredatorLaserTargeting
00141ae0 000003c4 t Execute_PNS_AttackBrutallyWithPlasmaCaster
00141ea4 000003c8 t Execute_PNS_AttackWithPlasmaCaster
0014226c 000000c4 T StartPredatorSelfDestructExplosion
00142330 000017d0 T PredatorBehaviour
00143b00 0000027c T LoadStrategy_Predator
00143d7c 000001f8 T SaveStrategy_Predator
00143f74 000000fc t QueenCalculateTargetInfo
00144070 00000354 t QueenCheckForAvoidAirlock.part.0.isra.0
001443c4 0000018c t MakeNonFragable_Recursion.isra.0
00144550 0000056c t HandleHangarAirlock.part.0
00144abc 000002f8 T InitQueenBehaviour
00144db4 00000060 T SetQueenFoot
00144e14 000000f4 T MakeQueenNear
00144f08 00000048 T MakeQueenFar
00144f50 000000b8 T SetQueenMovement_FromFoot
00145008 000000e0 T QueenMove_Standby
001450e8 000000f8 T QueenMove_StepBack
001451e0 00000370 T QueenMove_Walk
00145550 000000e8 T QueenMove_Taunt
00145638 000000e0 T QueenMove_Hiss
00145718 0000063c T QueenMove_Charge
00145d54 000000b8 T QueenMove_ButtAttack
00145e0c 00000334 T QueenMove_ButtCharge
00146140 000002cc T Queen_Do_Swipe
0014640c 000001d8 T QueenMove_Close
001465e4 00000164 T KillQueen
00146748 00000154 T FindQueenObjects
0014689c 000001d8 T CalculateTrajectory
00146a74 00000158 T QueenForceReconsider
00146bcc 000002d4 T QueenMove_Climb
00146ea0 00000250 T QueenIsDamaged
001470f0 00000084 T QueenPickupTargetObject
00147174 00001d7c T QueenBehaviour
00148ef0 000002a4 T LoadStrategy_Queen
00149194 0000023c T SaveStrategy_Queen
001493d0 000000e4 T CreateRubberDuck
001494b4 00000294 T RubberDuckBehaviour
00149748 00000264 T CreateFlamingDebris
001499ac 00000084 T CreateRubberDucks
00149a30 00000068 T SelfDestructBehaveInit
00149a98 00000104 T SelfDestructBehaveFun
00149b9c 00000060 T LoadStrategy_SelfDestruct
00149bfc 00000050 T SaveStrategy_SelfDestruct
00149c4c 00000098 T SoundBehaveInit
00149ce4 00000054 T SoundBehaveDestroy
00149d38 00000274 T SoundBehaveFun
00149fac 000000d8 T StartPlacedSoundPlaying
0014a084 00000034 T StopPlacedSoundPlaying
0014a0b8 00000078 T LoadStrategy_PlacedSound
0014a130 00000058 T SaveStrategy_PlacedSound
0014a188 00000224 T InitXenoMorphRoom
0014a3ac 00000594 T XenoMorphRoomBehaviour
0014a940 000001ac T InitialiseSwitchDoor
0014aaec 00000284 T SwitchDoorBehaviour
0014ad70 000000b4 T LoadStrategy_SwitchDoor
0014ae24 000000a8 T SaveStrategy_SwitchDoor
0014aecc 00000224 T TrackObjectBehaveInit
0014b0f0 000000c4 T NotifyTargetsForTrackPoint
0014b1b4 0000028c T TrackObjectBehaveFun
0014b440 00000060 T TrackObjectIsDamaged
0014b4a0 00000028 T TrackObjectGetSynchData
0014b4c8 00000068 T TrackObjectSetSynchData
0014b530 0000009c T LoadStrategy_TrackObject
0014b5cc 0000007c T SaveStrategy_TrackObject
0014b648 000001e8 t AnythingNearProxDoor
0014b830 00000044 T GetThisNpcData
0014b874 00000014 T AssignRunTimeBehaviours
0014b888 0000070c T EnableBehaviourType
0014bf94 000004d8 T ExecuteBehaviour
0014c46c 0000004c T ObjectBehaviours
0014c4b8 00000010 T OpenDoor
0014c4c8 00000010 T CloseDoor
0014c4d8 00000538 T RequestState
0014ca10 000004bc T AssignAllSBNames
0014cecc 00000094 T GetState
0014cf60 000009cc T RemoveBehaviourStrategy
0014d92c 000002a8 T MakeObject
0014dbd4 0000009c T LoadStrategy_ProxDoor
0014dc70 00000088 T SaveStrategy_ProxDoor
0014dcf8 00000220 T InitVideoScreen
0014df18 000000b8 T VideoScreenBehaviour
0014dfd0 0000004c T VideoScreenIsDamaged
0014e01c 00000070 T LoadStrategy_VideoScreen
0014e08c 00000060 T SaveStrategy_VideoScreen
0014e0ec 000000a4 t WaypointContainsPoint
0014e190 000002ac t NewFindThisRoute.part.0.constprop.0
0014e43c 0000002c T InitWaypointSystem
0014e468 00000020 T InitWaypointManager
0014e488 00000164 T WaypointContainsNPC
0014e5ec 000000c0 T NPCContainsPoint
0014e6ac 000000dc T SweepWaypoints
0014e788 0000017c T FindBestRoute
0014e904 0000004c T AlienIsAllowedToAttack
0014e950 00000020 T AlienIsEncouragedToCrawl
0014e970 00000198 T GetPositionValidity
0014eb08 000000b4 T GetTargetPositionInWaypoint
0014ebbc 000003e0 T NPCGetWaypointDirection
0014ef9c 000000a0 t SBForcesBounce
0014f03c 000000b4 t Reflect
0014f0f0 00000214 t InitialisePulseGrenadeBehaviour
0014f304 0000004c T FrisbeeSight_FrustrumReject
0014f350 000000e8 T Frisbee_TargetFilter
0014f438 00000210 T CreateFrisbeeKernel
0014f648 00000180 T CreateRocketKernel
0014f7c8 00000174 T RocketBehaviour
0014f93c 0000029c T CreateGrenadeKernel
0014fbd8 000000b8 t InitialiseGrenadeBehaviour
0014fc90 000001c8 T GrenadeBehaviour
0014fe58 000001d8 T ClusterGrenadeBehaviour
00150030 00000044 T ValidTargetForProxMine
00150074 00000324 T ProximityGrenadeBehaviour
00150398 000001f0 T FlareGrenadeBehaviour
00150588 00000190 T PulseGrenadeBehaviour
00150718 00000218 T InitialiseEnergyBoltBehaviourKernel
00150930 000000f8 T InitialiseEnergyBoltBehaviour
00150a28 000001dc T CreatePPPlasmaBoltKernel
00150c04 00000140 T PPPlasmaBoltBehaviour
00150d44 000002a4 T SpeargunBoltBehaviour
00150fe8 000000a0 T Crunch_Position_For_Players_Weapon
00151088 000008f8 T FireProjectileAmmo
00151980 000001a4 T FireFlameThrower
00151b24 00000148 T FireNetGhostFlameThrower
00151c6c 0000034c T PredatorEnergyBoltBehaviour
00151fb8 000000b8 T XenoborgEnergyBoltBehaviour
00152070 000003ec T InitialiseDiscBehaviour
0015245c 000000e0 T NPCDiscBehaviour
0015253c 000000fc T AlienSpitBehaviour
00152638 0000002c T SBIsEnvironment
00152664 00000110 T Frisbee_Hit_Environment
00152774 0000015c T Disc_Hit_Environment
001528d0 00000160 T EulerAnglesHoming
00152a30 0000085c T DiscBehaviour_SeekTrack
0015328c 00000248 T SpawnMolotovCocktail
001534d4 00000170 T MolotovBehaviour
00153644 00000058 T LoadStrategy_Grenade
0015369c 0000006c T SaveStrategy_Grenade
00153708 00000058 T LoadStrategy_ClusterGrenade
00153760 0000006c T SaveStrategy_ClusterGrenade
001537cc 00000078 T LoadStrategy_FlareGrenade
00153844 00000074 T SaveStrategy_FlareGrenade
001538b8 00000078 T LoadStrategy_ProxGrenade
00153930 00000074 T SaveStrategy_ProxGrenade
001539a4 00000064 T LoadStrategy_Rocket
00153a08 0000006c T SaveStrategy_Rocket
00153a74 00000064 T LoadStrategy_PPPlasmaBolt
00153ad8 0000006c T SaveStrategy_PPPlasmaBolt
00153b44 00000080 T LoadStrategy_PredatorEnergyBolt
00153bc4 00000080 T SaveStrategy_PredatorEnergyBolt
00153c44 00000054 T LoadStrategy_PulseGrenade
00153c98 0000006c T SaveStrategy_PulseGrenade
00153d04 00000078 T LoadStrategy_Molotov
00153d7c 0000006c T SaveStrategy_Molotov
00153de8 000001b4 T LoadStrategy_PredatorDisc
00153f9c 0000010c T SaveStrategy_PredatorDisc
001540a8 00000174 T LoadStrategy_SpearBolt
0015421c 000000d4 T SaveStrategy_SpearBolt
001542f0 0000015c T LoadStrategy_Frisbee
0015444c 000000ac T SaveStrategy_Frisbee
001544f8 00000224 T InitialiseFrisbeeBoltBehaviourKernel
0015471c 000005a4 T FrisbeeBehaviour
00154cc0 0000014c T FrisbeeEnergyBoltBehaviour
00154e0c 00000080 T LoadStrategy_FrisbeeEnergyBolt
00154e8c 00000004 T SaveStrategy_FrisbeeEnergyBolt
00154e90 0000009c t ProcessFarXenoborgTargetModule
00154f2c 000000b0 t VerifyDeltaControllers.isra.0
00154fdc 000000e8 T MakeXenoborgNear
001550c4 0000004c T MakeXenoborgFar
00155110 00000094 T Xenoborg_ActivateAllDeltas
001551a4 000000cc T Xenoborg_DeactivateAllDeltas
00155270 00000150 T Xenoborg_GetRelativeAngles
001553c0 0000007c T Xeno_Enter_ActiveWait_State
0015543c 00000070 T Xeno_Enter_TurnToFace_State
001554ac 0000007c T Xeno_Enter_Dormant_State
00155528 00000074 T Xeno_Enter_Avoidance_State
0015559c 00000070 T Xeno_Enter_ShootingTheRoof_State
0015560c 000000e0 T Execute_Xeno_PowerUp
001556ec 000000e8 T Execute_Xeno_PowerDown
001557d4 000000d0 T Xenoborg_TargetFilter
001558a4 00000118 T Xenoborg_GetNewTarget
001559bc 00000094 T Xeno_HeadMovement_ScanLeftRight
00155a50 00000094 T Xeno_HeadMovement_ScanUpDown
00155ae4 00000098 T Xeno_LeftArmMovement_TrackLeftRight
00155b7c 00000098 T Xeno_LeftArmMovement_WaveUp
00155c14 00000098 T Xeno_RightArmMovement_TrackLeftRight
00155cac 00000098 T Xeno_RightArmMovement_WaveUp
00155d44 00000240 T Xeno_HeadMovement_TrackToAngles
00155f84 000000e0 T Xeno_TorsoMovement_TrackToAngle
00156064 000000a0 T Xeno_TorsoMovement_Centre
00156104 00000068 T Xeno_Limbs_ShootTheRoof
0015616c 0000011c T Execute_Xeno_ShootTheRoof
00156288 00000230 T Xeno_LeftArmMovement_TrackToAngles
001564b8 00000138 T Xeno_LeftArmMovement_Centre
001565f0 00000240 T Xeno_RightArmMovement_TrackToAngles
00156830 000001c0 T Xeno_TurnAndTarget
001569f0 0000016c T Execute_Xeno_TurnToFace
00156b5c 00000138 T Xeno_RightArmMovement_Centre
00156c94 00000034 T XenoSight_FrustrumReject
00156cc8 00000138 T Execute_Xeno_TurnToFace_Far
00156e00 000001cc T Xenoborg_MaintainLeftGun
00156fcc 000001cc T Xenoborg_MaintainRightGun
00157198 00000180 T Xeno_Activation_Test
00157318 00000270 T Xeno_MaintainLasers
00157588 00000058 T Xeno_SwitchLED
001575e0 0000048c T CreateXenoborg
00157a6c 000000a4 T CastXenoborg
00157b10 00000448 T InitXenoborgBehaviour
00157f58 000000e4 T Xeno_Enter_PowerUp_State
0015803c 00000114 T Execute_Xeno_Inactive
00158150 000000ec T Xeno_Enter_PowerDown_State
0015823c 00000314 T Execute_Xeno_ActiveWait
00158550 00000314 T Execute_Xeno_ActiveWait_Far
00158864 000002d8 T XenoborgIsDamaged
00158b3c 00000070 T Xeno_Stomp
00158bac 00000310 T Xeno_MaintainSounds
00158ebc 000001b4 T XenoborgHandleMovingAnimation
00159070 00000454 T Execute_Xeno_Follow
001594c4 000002f8 T Execute_Xeno_Return
001597bc 0000018c T Execute_Xeno_Avoidance
00159948 000001c4 T Execute_Xeno_Follow_Far
00159b0c 0000014c T Execute_Xeno_Return_Far
00159c58 0000011c T Execute_Xeno_Avoidance_Far
00159d74 0000087c T XenoborgBehaviour
0015a5f0 000004d4 T LoadStrategy_Xenoborg
0015aac4 00000498 T SaveStrategy_Xenoborg
0015af5c 000001d4 t CreateGrapplingHook
0015b130 00000030 T InitialiseGrapplingHook
0015b160 00000094 T ActivateGrapplingHook
0015b1f4 000000f4 T GrapplingHookBehaviour
0015b2e8 0000003c T DisengageGrapplingHook
0015b324 00000238 T HandleGrapplingHookForces
0015b55c 00000320 T RenderGrapplingHook
0015b87c 0000008c T LoadStrategy_Grapple
0015b908 000000a0 T SaveStrategy_Grapple
0015b9a8 00000004 T CreateMoreGameSpecificConsoleVariables
0015b9ac 00000004 W List_Member_Base<int>::~List_Member_Base()
0015b9ac 00000004 W List_Member_Base<int>::~List_Member_Base()
0015b9b0 00000004 W List_Member<int>::~List_Member()
0015b9b0 00000004 W List_Member<int>::~List_Member()
0015b9b4 00000020 W List_Member<int>::~List_Member()
0015b9d4 00000020 W List_Member_Base<int>::~List_Member_Base()
0015b9f4 000001a8 t ExtractTracksForLevel
0015bb9c 000001d8 t PickCDTrack
0015bd74 000001b4 T EmptyCDTrackList
0015bf28 000000f8 T LoadCDTrackList
0015c020 000000f0 T CheckCDAndChooseTrackIfNeeded
0015c110 00000020 T ResetCDPlayForLevel
0015c130 00000090 t _GLOBAL__sub_I_LevelCDTracks
0015c1c0 00000254 t _GLOBAL__sub_D_LevelCDTracks
0015c414 000001dc T CheatMode_GetNextAllowedSpecies
0015c5f0 00000234 T CheatMode_GetNextAllowedEnvironment
0015c824 000000b8 T CheatMode_GetNextAllowedMode
0015c8dc 00000090 T load_precompiled_shapes
0015c96c 00000004 T OutputToConsoleLogfile
0015c970 00000044 W RefCountObject::~RefCountObject()
0015c970 00000044 W RefCountObject::~RefCountObject()
0015c9b4 00000048 W RefCountObject::~RefCountObject()
0015c9fc 000000a8 T ConsoleCommand::CreateAll()
0015caa4 0000006c T DAVEHOOK_Init
0015cb10 0000003c T DAVEHOOK_Maintain
0015cb4c 00000004 T DAVEHOOK_ScreenModeChange_Setup
0015cb50 00000038 T DAVEHOOK_ScreenModeChange_Cleanup
0015cb88 0000017c t RenderLaserTarget.part.0
0015cd04 00000018 T InitialiseDecalSystem
0015cd1c 0000003c T AllocateFixedDecal
0015cd58 00000028 T RemoveFixedDecal
0015cd80 00000448 T AddDecal
0015d1c8 000001dc T MakeDecal
0015d3a4 00000338 T HandleDecalSystem
0015d6dc 000002e4 T AddDecalToHModel
0015d9c0 00000114 T ScanHModelForDecals
0015dad4 000000a0 T Load_Decals
0015db74 00000074 T Save_Decals
0015dbe8 000000ec T SetDetailLevelsFromMenu
0015dcd4 00000028 T SetToDefaultDetailLevels
0015dcfc 00000028 T SetToMinimalDetailLevels
0015dd24 00000054 t MakeStaticBoundingBoxForSphere
0015dd78 00000050 t MakeStaticBoundingBoxForNRBB
0015ddc8 0000025c t IsPolygonWithinStaticBoundingBox
0015e024 00000378 t CreateNRBBForObject
0015e39c 00000968 t DoesPolygonIntersectNRBB
0015ed04 00000134 t InterferenceAt
0015ee38 00000198 t VectorHomingForSurfaceAlign
0015efd0 000001a4 t AlignObjectToGravityDirection
0015f178 00000574 t ApplyGravity
0015f6ec 000003dc t TestShapeWithStaticBoundingBox
0015fac8 000001f4 t FindLandscapePolygonsInObjectsVicinity
0015fcbc 00000660 t TestShapeWithDynamicBoundingBox
0016031c 00000628 t TestShapeWithParticlesDynamicBoundingBox
00160944 00000110 t UpdateDisplayBlockData
00160a54 00000f28 t DistanceMovedBeforeNRBBHitsPolygon
0016197c 000003dc t FindObjectsToRelocateAgainst
00161d58 000008ac t MoveObject
00162604 000000c4 t MakeDynamicBoundingBoxForObject.isra.0
001626c8 00000188 t FindLandscapePolygonsInObjectsPath
00162850 000004d0 t FindObjectPolygonsInObjectsPath
00162d20 000002c8 t DistanceMovedBeforeSphereHitsPolygon
00162fe8 0000009c T DynamicallyRotateObject
00163084 00000bc0 T ParticleDynamics
00163c44 0000017c T AddEffectsOfForceGenerators
00163dc0 00000550 t InitialiseDynamicObjectsList
00164310 000000d0 T GetNearestModuleTeleportPoint
001643e0 00000e34 T ObjectDynamics
00165214 0000004c T InitialiseDynamicsBlocks
00165260 0000005c T AllocateDynamicsBlock
001652bc 00000028 T DeallocateDynamicsBlock
001652e4 00000014 T InitialiseCollisionReports
001652f8 0000006c T AllocateCollisionReport
00165364 00000004 T InitialiseEquipment
00165368 000000b0 T AreDamageProfilesEqual
00165418 00000078 T InitGame
00165490 00000130 T StartGame
001655c0 00000054 T DealWithElapsedTime
00165614 0000031c T UpdateGame
00165930 00000004 T ModuleObjectJustAllocated
00165934 00000004 T ModuleObjectAboutToBeDeallocated
00165938 00000004 T CheckCDStatus
0016593c 00000004 T TimeStampedMessage
00165940 00000090 T CurrentGameStats_Initialise
001659d0 0000003c T CurrentGameStats_SpeedSample
00165a0c 0000003c T CurrentGameStats_DamageTaken
00165a48 0000002c T CurrentGameStats_ChargeUsed
00165a74 00000044 T CurrentGameStats_VisionMode
00165ab8 0000006c T CurrentGameStats_CloakOn
00165b24 00000044 T CurrentGameStats_WeaponFired
00165b68 0000003c T CurrentGameStats_WeaponHit
00165ba4 0000004c T CurrentGameStats_UsingWeapon
00165bf0 0000002c T CurrentGameStats_Spotted
00165c1c 00000030 T PrintSpottedNumber
00165c4c 000002ac T CurrentGameStats_HeadBitten
00165ef8 00000248 T CurrentGameStats_TrophyCollected
00166140 0000017c T CurrentGameStats_CreatureKilled
001662bc 00004c50 T DoStatisticsScreen
0016af0c 00000058 T DoFailedLevelStatisticsScreen
0016af64 00000014 T QuickLoad
0016af78 00000014 T QuickSave
0016af8c 00000018 T ConsoleCommandLoad
0016afa4 00000018 T ConsoleCommandSave
0016afbc 00000024 t ShowFPS
0016afe0 00000024 t ShowPolyCount
0016b004 00000014 T ShowMultiplayerScores
0016b018 00000004 t CDCommand_Stop
0016b01c 00000038 T CDCommand_PlayLoop
0016b054 0000000c t CDCommand_Volume
0016b060 00000038 t CDCommand_Play
0016b098 00000008 t DoMultiplayerSaySpecies
0016b0a0 00000008 t DoMultiplayerSay
0016b0a8 00000018 t MakeRotatingLight
0016b0c0 00000390 T CreateGameSpecificConsoleCommands
0016b450 000002bc T CreateGameSpecificConsoleVariables
0016b70c 00000324 t SaveHierarchySectionRecursion
0016ba30 0000008c t FindHeatSource_Recursion.isra.0
0016babc 00000380 t HModelDepthTest_Recursion.part.0.isra.0
0016be3c 00000050 t GetSection_Recursion.part.0.isra.0
0016be8c 000000b8 T QNormalise
0016bf44 00000008 T GetSequenceID
0016bf4c 00000064 T QDot
0016bfb0 000000c0 T New_Preprocess_Keyframe
0016c070 00000268 T Preprocess_Section
0016c2d8 00000044 T Preprocess_HModel
0016c31c 00000108 T Setup_Texture_Animation_For_Section
0016c424 0000017c T Create_New_Section
0016c5a0 000000a4 T Create_HModel
0016c644 00000064 T Destructor_Recursion
0016c6a8 00000098 T Delete_Deltas_Recursion
0016c740 000000f0 T Dispel_HModel
0016c830 000000d8 T RemoveAllDeltas
0016c908 000002a4 T Handle_Section_Timer
0016cbac 00000100 T Get_Degraded_Shape
0016ccac 000001d0 T Init_Sequence_Recursion
0016ce7c 0000001c T HModel_ChangeSpeed
0016ce98 0000009c T HModel_SetToolsRelativeSpeed
0016cf34 000000f8 T InitHModelSequence
0016d02c 00000204 t HMTimer_Kernel
0016d230 00000104 T DoHModelTimer_Recursion
0016d334 00000058 T DoHModelTimer
0016d38c 00000054 T Prune_Recursion_Virtual
0016d3e0 00000070 T Prune_HModel_Virtual
0016d450 00000120 T MulQuat
0016d570 00000240 T Slerp
0016d7b0 00000278 T Process_Delta_Controller
0016da28 00000704 T New_Analyse_Keyframe_Data
0016e12c 00000204 T Slerp2
0016e330 000000d0 T Gibbing_Recursion
0016e400 0000005c T Extreme_Gibbing
0016e45c 00000254 T Change_Controller_Recursion
0016e6b0 00000148 T Splice_HModels
0016e7f8 00000064 T GetSectionData_Recursion
0016e85c 00000018 T GetThisSectionData
0016e874 00000060 T GetThisSection
0016e8d8 000002bc T MatToQuat
0016eb94 00000258 T Init_Tweening_Recursion
0016edec 00000084 T InitHModelTweening
0016ee70 00000090 T InitHModelTweening_Backwards
0016ef00 00000410 T ReSnap
0016f310 000000e8 T Analyse_Tweening_Data
0016f3f8 00001028 T Process_Section
00170420 00000040 T Get_Delta_Sequence
00170460 00000060 T Remove_Delta_Sequence
001704c0 00000130 T Add_Delta_Sequence
001705f0 000000c4 T Start_Delta_Sequence
001706b4 0000003c T Delta_Sequence_ChangeSpeed
001706f0 00000050 T GetThisSectionData_FromChildrenOnly
00170740 00000504 T Transmogrification_Recursion
00170c44 00000054 T Transmogrify_HModels
00170c98 00000268 T TrimToTemplate_Recursion
00170f00 00000028 T TrimToTemplate
00170f28 00000058 T HModelSequence_Exists
00170f80 0000004c T HModelSequence_Exists_FromRoot
00170fcc 00000084 T KRS_Recursion
00171050 00000084 T KillRandomSections
001710d4 00000280 T Budge_Recursion
00171354 000001d4 T ProveHModel
00171528 00000034 T FindHeatSourcesInHModel
0017155c 000001dc T ProveHModel_Far
00171738 00000234 T DoHModel
0017196c 00000078 T HModelRegen_Recursion
001719e4 00000078 T HModel_Regen
00171a5c 00000034 T HModelAnimation_IsFinished
00171a90 00000044 T DeltaAnimation_IsFinished
00171ad4 0000009c T PointInHModel_Recursion
00171b70 000000a4 T PointInHModel
00171c14 0000005c T Get_Corresponding_Section_Recursive
00171c70 000001e8 T GetSectionFromID_Recursion
00171e58 00000060 T GetThisSectionData_FromID
00171eb8 000001f8 T GetThisSection_FromID
001720b0 00000324 T Init_Tweening_ToTheMiddle_Recursion
001723d4 000000c4 T InitHModelTweening_ToTheMiddle
00172498 00000264 T Verify_Positions_Recursion
001726fc 00000044 T Verify_Positions_In_HModel
00172740 00000038 T CopyShortQuatToInt
00172778 0000008c T CopyIntQuatToShort
00172804 0000002c T GetKeyFrameOffset
00172830 00000068 T SetKeyFrameOffset
00172898 00000028 T HModelDepthTest_Recursion
001728c0 00000068 T HModel_DepthTest
00172928 0000016c T DeInitialise_Recursion
00172a94 00000040 T DeInitialise_HModel
00172ad4 00000818 T LoadHierarchy
001732ec 00000288 T SaveHierarchy
00173574 000002a8 t DrawAlienTeeth
0017381c 00000148 t DisplayHealthAndArmour
00173964 0000016c t AimGunSight.isra.0
00173ad0 00000108 T InitHUD
00173bd8 00000030 T KillHUD
00173c08 00000050 T ReInitHUD
00173c58 00000094 T DoCompletedLevelStatisticsScreen
00173cec 000000c8 T ObjectShouldAppearOnMotionTracker
00173db4 00000234 t DoMotionTrackerBlips
00173fe8 0000015c T DisplayPredatorHealthAndEnergy
00174144 000014e8 T MaintainHUD
0017562c 00000068 T RotateVertex
00175694 00000004 T NewOnScreenMessage
00175698 00000178 T MaintainZoomingLevel
00175810 000007a4 t AbleToPickupAmmo
00175fb4 00000604 t AbleToPickupWeapon
001765b8 000000b8 T LoadAllWeapons
00176670 00000de4 T InitialisePlayersInventory
00177454 00000024 T ReturnPlayerSecurityClearance
00177478 00000124 T RemovePickedUpObject
0017759c 00000444 T MaintainPlayersInventory
001779e0 00000040 T SlotForThisWeapon
00177a20 00000118 T Convert_Disc_To_Pickup
00177b38 00000090 T ObjectIsDiscPickup
00177bc8 00000274 T Recall_Disc
00177e3c 000000a4 T RemoveAllThisPlayersDiscs
00177ee0 000000ec T InitTextStrings
00177fcc 00000080 T GetTextString
0017804c 00000288 T AddLightingEffectToObject
001782d4 0000007c T LightBlockDeallocation
00178350 00000014 T InitialiseLightElementSystem
00178364 00000238 T MakeLightElement
0017859c 00000584 T HandleLightElementSystem
00178b20 00000078 T Load_LightElements
00178b98 00000080 T Save_LightElements
00178c18 00000688 T CheckForRayIntersectionWithObject
001792a0 0000023c T CheckForRayIntersectionWithHierarchy
001794dc 00000074 T CheckForVectorIntersectionWith3dObject
00179550 00000104 T FindPolygonInLineOfSight_TwoIgnores
00179654 0000001c T FindPolygonInLineOfSight
00179670 000000a4 T CameraCanSeeThisPosition_WithIgnore
00179714 00000088 T IsThisObjectVisibleFromThisPosition_WithIgnore
0017979c 00000088 T IsThisObjectVisibleFromThisPosition
00179824 000000dc T PoolAllocateMem
00179900 000000b0 T ClearMemoryPool
001799b0 0000001c T MessageHistory_Initialise
001799cc 00000044 T MessageHistory_Add
00179a10 000000c0 T MessageHistory_DisplayPrevious
00179ad0 0000003c T MessageHistory_Maintain
00179b0c 00000048 T Load_MessageHistory
00179b54 0000007c T Save_MessageHistory
00179bd0 00000004 W List_Member_Base<MissionHint*>::~List_Member_Base()
00179bd0 00000004 W List_Member_Base<MissionHint*>::~List_Member_Base()
00179bd4 00000004 W List_Member_Base<MissionAlteration*>::~List_Member_Base()
00179bd4 00000004 W List_Member_Base<MissionAlteration*>::~List_Member_Base()
00179bd8 00000004 W List_Member_Base<MissionObjective*>::~List_Member_Base()
00179bd8 00000004 W List_Member_Base<MissionObjective*>::~List_Member_Base()
00179bdc 00000004 W List_Member<MissionAlteration*>::~List_Member()
00179bdc 00000004 W List_Member<MissionAlteration*>::~List_Member()
00179be0 00000004 W List_Member<MissionObjective*>::~List_Member()
00179be0 00000004 W List_Member<MissionObjective*>::~List_Member()
00179be4 00000004 W List_Member<MissionHint*>::~List_Member()
00179be4 00000004 W List_Member<MissionHint*>::~List_Member()
00179be8 00000020 W List_Member<MissionHint*>::~List_Member()
00179c08 00000020 W List_Member_Base<MissionHint*>::~List_Member_Base()
00179c28 00000020 W List_Member_Base<MissionAlteration*>::~List_Member_Base()
00179c48 00000020 W List_Member<MissionObjective*>::~List_Member()
00179c68 00000020 W List_Member_Base<MissionObjective*>::~List_Member_Base()
00179c88 00000020 W List_Member<MissionAlteration*>::~List_Member()
00179ca8 000000d4 T MissionHint::~MissionHint()
00179ca8 000000d4 T MissionHint::~MissionHint()
00179d7c 000000e0 T MissionHint::~MissionHint()
00179e5c 00000048 T MakeMissionPossible
00179ea4 0000000c T ResetMission
00179eb0 00000008 T GetMissionStateForSave
00179eb8 0000004c T SetMissionStateFromLoad
00179f04 000000dc T PrintStringTableEntryInConsole
00179fe0 000000d8 T MissionObjective::MakeVisible()
0017a0b8 00000004 T MakeMissionVisible
0017a0bc 00000360 t MissionObjective::OnTriggering() [clone .part.0]
0017a41c 00000034 T MissionObjectiveTriggered
0017a450 000001b4 T MissionObjective::MissionObjective(TEXTSTRING_ID, MissionObjectiveState, TEXTSTRING_ID, MissionEffects)
0017a450 000001b4 T MissionObjective::MissionObjective(TEXTSTRING_ID, MissionObjectiveState, TEXTSTRING_ID, MissionEffects)
0017a604 00000378 T MissionObjective::~MissionObjective()
0017a604 00000378 T MissionObjective::~MissionObjective()
0017a97c 00000094 T MissionObjective::AddMissionAlteration(MissionObjective*, int)
0017aa10 00000004 T TestInit
0017aa14 0000006c t _GLOBAL__sub_I__ZN11MissionHint17List_pMissionHintE
0017aa80 00000230 t _GLOBAL__sub_D__ZN11MissionHint17List_pMissionHintE
0017acb0 00000044 T GetThisMovementData
0017acf4 0000028c T PaintBallMode_DrawCurrentDecalAtTarget
0017af80 00000058 T PaintBallMode_ChangeSelectedDecalID
0017afd8 00000068 T PaintBallMode_ChangeSize
0017b040 0000002c T PaintBallMode_Rotate
0017b06c 00000044 T PaintBallMode_ChangeSubclass
0017b0b0 0000007c T PaintBallMode_AddDecal
0017b12c 00000004 T PaintBallMode_RemoveDecal
0017b130 00000070 T PaintBallMode_Randomise
0017b1a0 000000ac T InitialiseParticleSystem
0017b24c 00000414 T MakeParticle
0017b660 00000450 T RenderAllParticlesFurtherAwayThan
0017bab0 000000bc T DoFlareCorona
0017bb6c 000002b8 T HandleRain
0017be24 000002b8 T HandleRainShaft
0017c0dc 00000090 T HandleRipples
0017c16c 000000e8 T EffectOfRipples
0017c254 00000254 T CheckForObjectsInWater
0017c4a8 000006e4 T DrawMuzzleFlash
0017cb8c 000000a4 T DrawFrisbeePlasmaBolt
0017cc30 000000a4 T DrawPredatorPlasmaBolt
0017ccd8 00000060 T DrawSmallPredatorPlasmaBolt
0017cd38 0000006c T MakeFlareParticle
0017cda4 00000100 T MakeRocketTrailParticles
0017cea4 00000100 T MakeGrenadeTrailParticles
0017cfa4 00000078 T MakeImpactSmoke
0017d01c 000000e4 T MakeImpactSparks
0017d100 00000088 T MakeSprayOfSparks
0017d188 00000168 T MakeFlechetteExplosionAt
0017d2f0 0000013c T MakeMolotovExplosionAt
0017d42c 0000004c T MakeElectricalExplosion
0017d478 00000434 T MakeVolumetricExplosionAt
0017d8ac 000001f8 T MakeBloodExplosion
0017daa4 00000204 T MakeFocusedExplosion
0017dca8 000000bc T MakePlasmaExplosion
0017dd64 000001c0 T MakePlasmaTrailParticles
0017df24 000001b4 T MakeDewlineTrailParticles
0017e0d8 000000a4 T DrawXenoborgMainLaserbeam
0017e17c 0000009c T NewTrailPoint
0017e218 00000114 T PlayerPheromoneTrail
0017e32c 000003f4 T RenderTrailSegment
0017e720 000000b4 T HandlePheromoneTrails
0017e7d8 0000215c T HandleParticleSystem
00180934 000000e0 T RenderParticlesInMirror
00180a14 000001a4 T TimeScaleThingy
00180bb8 00000080 T Load_Particles
00180c38 000000a4 T Save_Particles
00180cdc 0000009c T Load_VolumetricExplosions
00180d78 000000b8 T Save_VolumetricExplosions
00180e30 00000090 T Load_PheromoneTrails
00180ec0 0000009c T Save_PheromoneTrails
00180f5c 000009fc T BuildFarModuleLocs
00181958 00000094 T KillFarModuleLocs
001819ec 00000040 T ModuleIsADoor
00181a2c 00000064 T AIModuleIsADoor
00181a90 00000024 T ModuleIsPhysical
00181ab4 00000018 T AIModuleIsPhysical
00181acc 00000030 T NumAdjacentModules
00181afc 00000048 T GetAIModuleEP
00181b44 0000007c T PointIsInModule
00181bc0 0000024c T InitPheromoneSystem
00181e0c 000000dc T CleanUpPheromoneSystem
00181ee8 00000068 T AIModuleAdmitsPheromones
00181f50 00000020 T AddMarinePheromones
00181f70 00000020 T MaintainMarineTargetZone
00181f90 00000324 T PlayerPheromoneSystem
001822b4 000000b0 T AiPheromoneSystem
00182364 000002c0 T InitPlayer
00182624 000000d0 T ChangeToMarine
001826f4 00000078 T ChangeToAlien
0018276c 000000d8 T ChangeToPredator
00182844 00000bfc T PlayerIsDamaged
00183440 0000001c T ActivateSelfDestructSequence
0018345c 0000004c T DeInitialisePlayer
001834a8 00000050 T InitPlayerCloakingSystem
001834f8 00000048 T GimmeCharge
00183540 00000268 T AlienPCIsCurrentlyVisible
001837a8 000001d0 T ShowAdjacencies
00183978 00000c48 T MaintainPlayer
001845c0 000003ec T SaveStrategy_Player
001849ac 0000046c T LoadStrategy_Player
00184e18 0000004c T InitPlayerMovementData
00184e64 00000034 T StartPlayerTaunt
00184e98 00000c48 T ExecuteFreeMovement
00185ae0 00000204 T NetPlayerRespawn
00185ce4 000002a4 T PlayerBehaviour
00185f88 00000088 T ThrowAFlare
00186010 000000a8 t GetSoundIndexFromNameAndIndex
001860b8 000000e4 T SoundSys_Start
0018619c 0000001c T SoundSys_ResetFadeLevel
001861b8 0000001c T SoundSys_FadeIn
001861d4 00000014 T SoundSys_FadeOut
001861e8 00000014 T SoundSys_FadeOutFast
001861fc 00000010 T SoundSys_IsOn
0018620c 00000104 T Sound_Stop
00186310 00000530 T Sound_Play
00186840 000002dc T SoundSys_Management
00186b1c 00000054 T SoundSys_StopAll
00186b70 000000b8 t SoundSys_RemoveAll.part.0
00186c28 00000018 T SoundSys_RemoveAll
00186c40 00000090 T Sound_ChangeVolume
00186cd0 00000080 T Sound_ChangePitch
00186d50 0000005c T Sound_Update3d
00186dac 00000070 T Sound_UpdateNew3d
00186e1c 000001ac T Load_SoundState
00186fc8 00000194 T Save_SoundState
0018715c 0000016c T Load_SoundState_NoRef
001872c8 00000178 T Save_SoundsWithNoReference
00187440 00000538 T DoPlayerSounds
00187978 00000060 T PlayWeaponClickingNoise
001879d8 00000098 T MakeRicochetSound
00187a70 00000034 T PlayAlienSwipeSound
00187aa4 00000034 T PlayAlienTailSound
00187ad8 00000034 T PlayPredSlashSound
00187b0c 000000dc T PlayCudgelSound
00187be8 000000f8 T FindAndLoadWavFile
00187ce0 000000b0 T LoadRebSndFile
00187d90 000000e8 T LoadSounds
00187e78 0000007c t WorldPointIsInModule
00187ef4 00000094 t WorldPointIsInModule_WithTolerance
00187f88 000000a4 T MakeObjectNear
0018802c 0000001c T MakeObjectFar
00188048 000001f4 T ModuleFromPosition
0018823c 00000224 t EmergencyRelocateObject
00188460 000004e4 T InitInanimateObject
00188944 0000008c T KillInanimateObjectForRespawn
001889d0 000004c8 T InanimateObjectIsDamaged
00188e98 00000190 T InanimateObjectBehaviour
00189028 00000064 T SendRequestToInanimateObject
0018908c 00000048 T KillFragmentalObjectForRespawn
001890d4 000000c0 T RespawnAllPickups
00189194 00000298 T IdentifyObject
0018942c 000004c0 T DoObjectVisibility
001898ec 00000050 T DoObjectVisibilities
0018993c 00000144 T InitObjectVisibilities
00189a80 000002c4 T CreateMultiplayerWeaponPickup
00189d44 00000074 T MakePlayersWeaponPickupVisible
00189db8 00000098 T Create_Pred_Disc_Pickup_For_Load
00189e50 000000d8 T LoadStrategy_InanimateObject
00189f28 00000094 T SaveStrategy_InanimateObject
00189fbc 0000003c T GetPointerFromAIModuleIndex
00189ff8 00000010 T GetIndexFromAIModulePointer
0018a008 000000cc T GetPointerForSaveBlock
0018a0d4 000004c0 T SaveGame
0018a594 000000ac T ValidateLevelForLoadGameRequest
0018a640 0000088c T LoadSavedGame
0018aecc 00000068 T GetNextBlockIfOfType
0018af34 00000040 T DisplaySavesLeft
0018af74 00000054 T ResetNumberOfSaves
0018afc8 00000398 T CharacterSoundEffects::LoadSounds(char const*, char const*)
0018b360 00000274 T CharacterSoundEffects::PlaySound(int, int, int, int*, vectorch*)
0018b5d4 0000007c T UnloadScreamSounds
0018b650 0000001c T LoadMarineScreamSounds
0018b66c 0000001c T LoadAlienScreamSounds
0018b688 0000001c T LoadPredatorScreamSounds
0018b6a4 0000001c T LoadQueenScreamSounds
0018b6c0 00000038 T PlayMarineScream
0018b6f8 00000038 T PlayAlienSound
0018b730 00000038 T PlayPredatorSound
0018b768 00000038 T PlayQueenSound
0018b7a0 000000ec T GetThisSectionAttachment
0018b88c 0000015c t HandleObjectOnFire.part.0
0018b9e8 0000003c T InitialiseSfxBlocks
0018ba24 00000054 T AllocateSfxBlock
0018ba78 00000028 T DeallocateSfxBlock
0018baa0 00000084 T CreateSFXObject
0018bb24 00000154 T DrawSfxObject
0018bc78 00000164 T HandleSfxForObject
0018bddc 0000002c T HandleObjectOnFire
0018be08 00000084 T InitialiseStrategyBlocks
0018be8c 00000078 T CreateActiveStrategyBlock
0018bf04 000000c8 T DestroyActiveStrategyBlock
0018bfcc 000000a0 T AttachNewStratBlock
0018c06c 00000054 T InitialiseSBValues
0018c0c0 0000008c T FindSBWithName
0018c14c 00000014 T InitPreservedSBs
0018c160 00000164 T PreserveStBlocksInModule
0018c2c4 0000009c T SBNeededForNextEnv
0018c360 000001e8 T AddPreservedSBsToActiveList
0018c548 000001a4 T TeleportPreservedSBsToNewEnvModule
0018c6ec 00000010 T DestroyAnyStrategyBlock
0018c6fc 00000314 T RemoveDestroyedStrategyBlocks
0018ca10 000000d8 T DestroyAllStrategyBlocks
0018cae8 00000078 T AssignNewSBName
0018cb60 00000004 W List_Member_Base<KeyBinding*>::~List_Member_Base()
0018cb60 00000004 W List_Member_Base<KeyBinding*>::~List_Member_Base()
0018cb64 00000004 W List_Member_Base<SCString*>::~List_Member_Base()
0018cb64 00000004 W List_Member_Base<SCString*>::~List_Member_Base()
0018cb68 00000004 W List_Member<SCString*>::~List_Member()
0018cb68 00000004 W List_Member<SCString*>::~List_Member()
0018cb6c 00000004 W List_Member<KeyBinding*>::~List_Member()
0018cb6c 00000004 W List_Member<KeyBinding*>::~List_Member()
0018cb70 00000020 W List_Member<KeyBinding*>::~List_Member()
0018cb90 00000020 W List_Member_Base<KeyBinding*>::~List_Member_Base()
0018cbb0 00000020 W List_Member<SCString*>::~List_Member()
0018cbd0 00000020 W List_Member_Base<SCString*>::~List_Member_Base()
0018cbf0 00000074 t GetMethodString(KEY_ID)
0018cc64 000001fc T KeyBinding::ParseUnbindCommand(char*)
0018ce60 000002d8 T KeyBinding::Maintain()
0018d138 000000b4 T KeyBinding::KeyBinding(KEY_ID, SCString*)
0018d138 000000b4 T KeyBinding::KeyBinding(KEY_ID, SCString*)
0018d1ec 00000144 T KeyBinding::~KeyBinding()
0018d1ec 00000144 T KeyBinding::~KeyBinding()
0018d330 000000f4 T KeyBinding::UnbindAll()
0018d424 000001c4 T KeyBinding::WriteToConfigFile(char*)
0018d5e8 000001ec T KeyBinding::ListThis() const
0018d7d4 000000e0 T KeyBinding::ListAllBindings()
0018d8b4 00000184 T KeyBinding::ParseBindCommand(KEY_ID&, char**, char*)
0018da38 0000027c T KeyBinding::ParseBindCommand(char*)
0018dcb4 0000000c T CONSBIND_WriteKeyBindingsToConfigFile
0018dcc0 0000006c t _GLOBAL__sub_I__ZN10KeyBinding16ParseBindCommandEPc
0018dd2c 00000380 t _GLOBAL__sub_D__ZN10KeyBinding16ParseBindCommandEPc
0018e0ac 000007ac T BatchFileProcessing::Run(char*)
0018e858 00000008 T CoordinateWithStrategy::SetCoord_Int(int)
0018e860 00000010 T CoordinateWithVelocity::SetCoord_Int(int)
0018e870 00000020 T CoordinateWithVelocity::SetCoord_FixP(int)
0018e890 00000020 T AcyclicFixedSpeedHoming::~AcyclicFixedSpeedHoming()
0018e890 00000020 T AcyclicFixedSpeedHoming::~AcyclicFixedSpeedHoming()
0018e8b0 00000020 T AcyclicPulsingCoordinate::~AcyclicPulsingCoordinate()
0018e8b0 00000020 T AcyclicPulsingCoordinate::~AcyclicPulsingCoordinate()
0018e8d0 00000020 T CyclicPulsingCoordinate::~CyclicPulsingCoordinate()
0018e8d0 00000020 T CyclicPulsingCoordinate::~CyclicPulsingCoordinate()
0018e8f0 00000020 W AcyclicHomingCoordinate::~AcyclicHomingCoordinate()
0018e8f0 00000020 W AcyclicHomingCoordinate::~AcyclicHomingCoordinate()
0018e910 0000002c T AcyclicFixedSpeedHoming::~AcyclicFixedSpeedHoming()
0018e93c 0000002c T AcyclicPulsingCoordinate::~AcyclicPulsingCoordinate()
0018e968 0000002c T CyclicPulsingCoordinate::~CyclicPulsingCoordinate()
0018e994 0000002c W AcyclicHomingCoordinate::~AcyclicHomingCoordinate()
0018e9c0 00000020 T HomingCoordinate::SetCoord_Int(int)
0018e9e0 0000002c T HomingCoordinate::SetCoord_FixP(int)
0018ea0c 000000b4 T AcyclicFixedSpeedHoming::Activity()
0018eac0 000000f8 T CyclicPulsingCoordinate::Activity()
0018ebb8 000000a8 T AcyclicPulsingCoordinate::Activity()
0018ec60 000000d4 T AcyclicHomingCoordinate::Activity()
0018ed34 00000008 T CoordinateWithStrategy::GetCoord_Int()
0018ed3c 00000020 T CoordinateWithVelocity::~CoordinateWithVelocity()
0018ed3c 00000020 T CoordinateWithVelocity::~CoordinateWithVelocity()
0018ed5c 0000006c T CyclicPulsingCoordinate::CyclicPulsingCoordinate(int, int, int, char)
0018ed5c 0000006c T CyclicPulsingCoordinate::CyclicPulsingCoordinate(int, int, int, char)
0018edc8 00000078 T AcyclicHomingCoordinate::AcyclicHomingCoordinate(int, int)
0018edc8 00000078 T AcyclicHomingCoordinate::AcyclicHomingCoordinate(int, int)
0018ee40 00000044 T AcyclicHomingCoordinate::SetTarget_Int(int)
0018ee84 0000005c T AcyclicFixedSpeedHoming::AcyclicFixedSpeedHoming(int, int, int)
0018ee84 0000005c T AcyclicFixedSpeedHoming::AcyclicFixedSpeedHoming(int, int, int)
0018eee0 0000003c T AcyclicFixedSpeedHoming::SetTarget_FixP(int)
0018ef1c 00000048 t Daemon::Stop() [clone .part.0]
0018ef64 00000054 T Daemon::Daemon(char)
0018ef64 00000054 T Daemon::Daemon(char)
0018efb8 0000005c T Daemon::~Daemon()
0018efb8 0000005c T Daemon::~Daemon()
0018f014 00000038 T Daemon::Start()
0018f04c 00000054 T Daemon::Stop()
0018f0a0 0000004c T Daemon::SetActive(char)
0018f0ec 00000004 T DAEMON_Init
0018f0f0 00000078 T DAEMON_Maintain
0018f168 00000008 W IndexedFont_HUD::bCanRender(char) const
0018f170 00000008 W IndexedFont_HUD::GetMaxWidth() const
0018f178 00000010 W IndexedFont_HUD::GetWidth(char) const
0018f188 00000008 W IndexedFont_HUD::GetHeight() const
0018f190 00000044 W IndexedFont_Kerned::CalcSize(char) const
0018f1d4 0000003c W IndexedFont_Proportional_PF::bCanRender(char) const
0018f210 0000000c W IndexedFont_Proportional_PF::GetHeight() const
0018f21c 00000008 W IndexedFont_Proportional_PF::GetMaxWidth() const
0018f224 0000006c T IndexedFont_Kerned::CalcSize(char*) const
0018f290 00000088 T IndexedFont_Kerned::CalcSize(char*, int) const
0018f318 00000004 T IndexedFont_HUD::RenderString_Unclipped(r2pos&, int, SCString const&) const
0018f31c 00000028 T IndexedFont_Kerned::RenderString_Clipped(r2pos&, r2rect const&, int, SCString const&) const
0018f344 00000028 T IndexedFont_Kerned::RenderString_Unclipped(r2pos&, int, SCString const&) const
0018f36c 00000058 T IndexedFont_HUD::RenderString_Clipped(r2pos&, r2rect const&, int, SCString const&) const
0018f3c4 00000094 W IndexedFont_HUD::CalcSize(char) const
0018f458 000000a0 T IndexedFont_HUD::RenderChar_Unclipped(r2pos&, int, char) const
0018f4f8 00000084 T IndexedFont_HUD::RenderChar_Clipped(r2pos&, r2rect const&, int, char) const
0018f57c 000000bc T IndexedFont_HUD::CalcSize(char*) const
0018f638 000000b8 W IndexedFont_HUD::CalcSize(char*, int) const
0018f6f0 00000110 T IndexedFont_Proportional::CalcSize(char*) const
0018f800 00000050 W IndexedFont_Proportional_PF::GetWidth(char) const
0018f850 00000130 T IndexedFont_Proportional::CalcSize(char*, int) const
0018f980 000000dc W IndexedFont_Proportional::CalcSize(char) const
0018fa5c 00000038 W IndexedFont_HUD::~IndexedFont_HUD()
0018fa5c 00000038 W IndexedFont_HUD::~IndexedFont_HUD()
0018fa94 00000038 W IndexedFont_Proportional_PF::~IndexedFont_Proportional_PF()
0018fa94 00000038 W IndexedFont_Proportional_PF::~IndexedFont_Proportional_PF()
0018facc 00000044 W IndexedFont_HUD::~IndexedFont_HUD()
0018fb10 00000044 W IndexedFont_Proportional_PF::~IndexedFont_Proportional_PF()
0018fb54 0000011c T IndexedFont_Proportional_PF::RenderChar_Unclipped(r2pos&, int, char) const
0018fc70 000000d8 T IndexedFont_Proportional::RenderString_Unclipped(r2pos&, int, SCString const&) const
0018fd48 000002d0 T IndexedFont_Proportional_PF::RenderChar_Clipped(r2pos&, r2rect const&, int, char) const
00190018 00000100 T IndexedFont_Proportional::RenderString_Clipped(r2pos&, r2rect const&, int, SCString const&) const
00190118 0000009c T IndexedFont::bCanRenderFully(char*)
001901b4 00000020 T IndexedFont::IndexedFont(fonts)
001901b4 00000020 T IndexedFont::IndexedFont(fonts)
001901d4 00000030 T r2rect::AlphaFill(unsigned char, unsigned char, unsigned char, unsigned char) const
00190204 00000020 T R2BASE_ScreenModeChange_Cleanup()
00190228 00000034 t _GLOBAL__sub_I__ZN5r2pos6OriginE
0019025c 00000030 T RE_ENTRANT_QUEUE_WinProc_AddMessage_WM_CHAR
0019028c 00000030 T RE_ENTRANT_QUEUE_WinProc_AddMessage_WM_KEYDOWN
001902bc 00000190 T RE_ENTRANT_QUEUE_WinMain_FlushMessages
0019044c 00000014 T RE_ENTRANT_QUEUE_WinMain_FlushMessagesWithoutProcessing
00190460 000000a4 T SCString::~SCString()
00190460 000000a4 T SCString::~SCString()
00190504 00000020 T SCString::~SCString()
00190524 00000008 T SCString::pProjCh() const
0019052c 0000011c T SCString::SCString(char const*)
0019052c 0000011c T SCString::SCString(char const*)
00190648 0000012c T SCString::SCString(int)
00190648 0000012c T SCString::SCString(int)
00190774 00000130 T SCString::SCString(float)
00190774 00000130 T SCString::SCString(float)
001908a4 0000014c T SCString::SCString(char*, unsigned int)
001908a4 0000014c T SCString::SCString(char*, unsigned int)
001909f0 00000130 T SCString::SCString(SCString*, SCString*)
001909f0 00000130 T SCString::SCString(SCString*, SCString*)
00190b20 000001fc T SCString::SCString(SCString*, SCString*, SCString*)
00190b20 000001fc T SCString::SCString(SCString*, SCString*, SCString*)
00190d1c 0000021c T SCString::SCString(SCString*, SCString*, SCString*, SCString*)
00190d1c 0000021c T SCString::SCString(SCString*, SCString*, SCString*, SCString*)
00190f38 0000023c T SCString::SCString(SCString*, SCString*, SCString*, SCString*, SCString*)
00190f38 0000023c T SCString::SCString(SCString*, SCString*, SCString*, SCString*, SCString*)
00191174 000000d8 T SCString::UpdateAfterFontChange(fonts)
0019124c 000001bc T SCString::Parse(char*)
00191408 00000068 T StringTable::GetSCString(TEXTSTRING_ID)
00191470 00000048 T AddToTable
001914b8 00000004 T STRUTIL_SC_Strlen
001914bc 00000004 T STRUTIL_SC_StrCpy
001914c0 00000044 T STRUTIL_SC_FastCat
00191504 00000054 T STRUTIL_SC_Strequal
00191558 000000cc T STRUTIL_SC_Strequal_Insensitive
00191624 00000010 T STRUTIL_SC_NumBytes
00191634 00000048 T STRUTIL_SC_SafeCopy
0019167c 00000010 T STRUTIL_SC_fIsTerminator
0019168c 00000064 T PulsingTriggerDaemon::Activity()
001916f0 00000058 T CountdownDaemon::Activity()
00191748 00000038 T PulsingTriggerDaemon::PulsingTriggerDaemon(char, int)
00191748 00000038 T PulsingTriggerDaemon::PulsingTriggerDaemon(char, int)
00191780 00000020 T PulsingTriggerDaemon::~PulsingTriggerDaemon()
00191780 00000020 T PulsingTriggerDaemon::~PulsingTriggerDaemon()
001917a0 00000008 T PulsingTriggerDaemon::SetFuse_FixP(int)
001917a8 00000314 T DeprecatedMake
00191abc 00000290 T CalculateWhereGunIsPointing
00191d4c 000002e4 T CalculatePlayersTarget
00192030 000001d8 T CalculateFiringSolution
00192208 000000e8 T SmartTarget_GetCofM
001922f0 000002f4 T SmartTarget_TargetFilter
001925e4 0000017c T SmartTarget_GetNewTarget
00192760 000002b8 T SmartTarget
00192a18 00000180 T GetTargetingPointOfObject
00192b98 0000003c T GetTargetingPointOfObject_Far
00192bd4 00000194 t BasicSlerp
00192d68 0000014c t LnQuat
00192eb4 00000154 T Start_Track_Sound
00193008 00000040 T Stop_Track_Sound
00193048 000000e8 T Update_Track_Sound
00193130 00000694 T Update_Track_Position_Only
001937c4 00000190 T Update_Track_Position
00193958 00000638 T Preprocess_Track_Controller
00193f90 00000060 T Start_Track_Playing
00193ff0 000000f0 T Stop_Track_Playing
001940e0 00000124 T Reset_Track
00194204 00000208 T LoadTrackPosition
0019440c 00000148 T SaveTrackPosition
00194554 00000180 T OperateObjectInLineOfSight
001946d4 000000ec T AnythingInMyModule
001947c0 00000498 t DamageDamageBlock
00194c58 000000dc t Predator_WeaponHasAmmo.part.0
00194d34 000000a0 t WeaponHasAmmo.part.0
00194dd4 00000420 t RequestChangeOfWeaponWhilstSwapping.part.0
001951f4 00000160 t MakePistolCasing.part.0
00195354 000000c4 T Predator_WantToChangeWeapon
00195418 00000050 T SimilarPredWeapons
00195468 00000124 T GetBloodType
0019558c 00000018 T TotalKineticDamage
001955a4 00000074 T GetDirectionOfAttack
00195618 000000f8 T MakeMatrixFromDirection
00195710 0000041c T PositionPlayersWeapon
00195b2c 000002cc T PositionPlayersWeaponMuzzleFlash
00195df8 00000100 T GetHierarchicalWeapon
00195ef8 000000c8 T FindEndOfShape
00195fc0 000000e4 T GrabWeaponShape
001960a4 0000009c T UpdateWeaponShape
00196140 00000224 T InitThisWeapon
00196368 00000054 T ParticleBeamSwapping
001963bc 0000000c T ParticleBeamReadying
001963c8 0000005c T ParticleBeamUnreadying
00196424 000001ac T GrenadeLauncher_EmergencyChangeAmmo
001965d0 000001bc T GrenadeLauncherChangeAmmo
0019678c 0000007c T SmartgunSecondaryFire
00196808 00000004 T WeaponSetStartFrame
0019680c 00000048 T PulseRifleSwapIn
00196854 00000040 T PulseRifleSwapOut
00196894 0000003c T PulseRifleGrenadeRecoil
001968d0 0000003c T PulseRifleReloadClip
0019690c 00000070 T MinigunStartSpin
0019697c 00000150 T MinigunStopSpin
00196ad0 00000088 T FireEmptyMinigun
00196b58 00001c28 T UpdateWeaponStateMachine
00198780 0000044c T Maintain_Minigun
00198bcc 00000044 T GrenadeLauncherRecoil
00198c10 00000038 T GrenadeLauncherNull
00198c48 00000044 T GrenadeLauncher_SwapIn
00198c8c 00000044 T GrenadeLauncher_SwapOut
00198cd0 000000f8 T PulseRifleFidget
00198dc8 000001fc T WristBlade_Idle
00198fc4 00000094 T TemplateHands_SwapOut
00199058 00000090 T WristBlade_Readying
001990e8 00000040 T WristBlade_Unreadying
00199128 000000f4 T GoGoGadgetCudgelPrimaryAttackAnimation
0019921c 0000013c T GoGoGadgetWristbladePrimaryAttackAnimation
00199358 00000210 T PredPistol_Idle
00199568 00000040 T PredPistol_Firing
001995a8 000002b8 T PlayerFireFlameThrower
00199860 000005a8 T CauseDamageToHModel
00199e08 0000022c T FindHitArea
0019a034 0000005c T GetThisHitLocationTable
0019a090 0000038c T Get_Sublocation
0019a41c 000000a8 T HitLocationRoll
0019a4c4 00000050 T AlienClaw_SwapIn
0019a514 00000004 T AlienClaw_SwapOut
0019a518 0000009c T AlienClaw_Idle
0019a5b4 000001c0 T WristBlade_WindUp
0019a774 000000b4 T ThrowSecondaryStrongStrike
0019a828 000000b4 T ThrowSecondaryWeakStrike
0019a8dc 00000244 T AlienTail_Poise
0019ab20 000000e4 T ComputeTailDeltaValues
0019ac04 00000050 T AlienGrab_SwapIn
0019ac54 00000004 T AlienGrab_SwapOut
0019ac58 00000004 T AlienGrab_Idle
0019ac5c 0000006c T Placeholder_Eating_Effect
0019acc8 0000011c T PC_Alien_Eat_Attack
0019ade4 000001cc T AlienGrab_Strike
0019afb0 000003c0 T PlasmaCaster_Idle
0019b370 000001ec T SecondaryFirePCPlasmaCaster
0019b55c 0000002c T Secondary_PlasmaCaster_Recoil
0019b588 000002bc T PlasmaCaster_Recoil
0019b844 00000104 T Tail_TargetFilter
0019b948 00000168 T AlienTail_TargetSelect
0019bab0 00000004 T WristConsole_Idle
0019bab4 000000a4 T TemplateHands_SwapIn
0019bb58 000000a8 T WristConsole_Readying
0019bc00 00000048 T WristConsole_Unreadying
0019bc48 0000003c T SADAR_SwapIn
0019bc84 00000054 T SADAR_SwapOut
0019bcd8 00000104 T SADAR_Fidget
0019bddc 00000040 T SADAR_Idle
0019be1c 00000044 T SADAR_Recoil
0019be60 00000040 T SADAR_Reload
0019bea0 0000004c T Minigun_SwapIn
0019beec 00000084 T GenericMarineWeapon_SwapIn
0019bf70 0000006c T GenericMarineWeapon_SwapOut
0019bfdc 00000134 T GenericMarineWeapon_Idle
0019c110 00000040 T GenericMarineWeapon_Firing
0019c150 0000008c T GenericMarineWeapon_Reload
0019c1dc 00000068 T GenericPredatorWeapon_SwapIn
0019c244 0000006c T GenericPredatorWeapon_SwapOut
0019c2b0 00000200 T GenericPredatorWeapon_Idle
0019c4b0 0000005c T SpearGun_Recoil
0019c50c 0000006c T GenericPredatorWeapon_Reload
0019c578 000000f4 T PredatorDisc_Throwing
0019c66c 00000260 T PredatorDisc_Recoil
0019c8cc 00000008 T PredatorDisc_Prefiring
0019c8d4 00000130 T PredatorDisc_Reload
0019ca04 00000184 T SpikeyThing_Use
0019cb88 00000094 T Extinguisher_Use
0019cc1c 00000140 T FireSpikeyThing
0019cd5c 000000d0 T FireExtinguisher
0019ce2c 000000b4 T Staff_SwapIn
0019cee0 00000094 T Staff_SwapOut
0019cf74 00000168 T Staff_Idle
0019d0dc 00000114 T PointIsInPlayer
0019d1f0 0000011c T IsPointInsideObject
0019d30c 00000168 T CheckBiteIntegrity
0019d474 000001a0 T AlienBite_TargetFilter
0019d614 000001bc T GetBitingTarget
0019d7d0 00000138 T Trophy_TargetFilter
0019d908 00000144 T GetTrophyTarget
0019da4c 00000020 T AutoSwapToDisc
0019da6c 00000020 T AutoSwapToDisc_OutOfSequence
0019da8c 000003a8 T CreateSpearPossiblyWithFragment
0019de34 00000074 T LimbRip_AwardHealth
0019dea8 00000254 T BiteAttack_AwardHealth
0019e0fc 00000084 T PredPistolSecondaryFire
0019e180 00000058 T ChangeHUDToAlternateShapeSet
0019e1d8 000000f0 T GrenadeLauncher_UpdateBullets
0019e2c8 0000009c T GrenadeLauncherReload
0019e364 000000e4 T GrenadeLauncherReload_Change
0019e448 00000038 T GrenadeLauncherIdle
0019e480 00000100 T GrenadeLauncherFidget
0019e580 00000044 T GrenadeLauncherInit
0019e5c4 000000ac T AccuracyStats_TargetFilter
0019e670 00000134 T FriendlyFireDamageFilter
0019e7a4 000003b0 T CauseDamageToObject
0019eb54 00000494 T HandleWeaponImpact
0019efe8 000000a8 t PlayerFireLineOfSightAmmo
0019f090 0000011c T FireAutomaticWeapon
0019f1ac 00000038 T FireBurstWeapon
0019f1e8 000001b4 T FireMinigun
0019f39c 00000080 T FireNonAutomaticWeapon
0019f41c 00000004 T GrenadeLauncherFire
0019f420 00000080 T FireNonAutomaticSecondaryAmmo
0019f4a0 000004a8 T HandleEffectsOfExplosion
0019f948 0000010c T HtoHDamageToHModel
0019fa54 000004bc T MeleeWeapon_180Degree_Front_Core
0019ff10 00000104 T AlienClaw_Recoil
001a0014 00000644 T AlienClaw_Strike
001a0658 00000540 T MeleeWeapon_90Degree_Front_Core
001a0b98 000000e0 T Cudgel_Strike
001a0c78 000000e4 T WristBlade_Strike
001a0d5c 000002f8 T WristBlade_WindUpStrike
001a1054 00000210 T AlienTail_Strike
001a1264 0000013c T Staff_Manager
001a13a0 0000011c T StaffAttack_Basic
001a14bc 000002ac T HandleSpearImpact
001a1768 00000260 T FireSpeargun
001a19c8 00000110 T Load_WeaponsCGlobals
001a1ad8 0000013c T Save_WeaponsCGlobals
001a1c14 000000d8 T MarinePistol_Firing
001a1cec 00000128 T MarinePistol_Fidget
001a1e14 000000e0 T MarinePistol_Reload
001a1ef4 000001d0 T MarineTwoPistols_Firing
001a20c4 000001d0 T MarineTwoPistols_SecondaryFiring
001a2294 00000068 T AreTwoPistolsInTertiaryFire
001a22fc 0000022c T FireMarineTwoPistols
001a2528 00000008 T FireMarineTwoPistolsPrimary
001a2530 00000008 T FireMarineTwoPistolsSecondary
001a2538 000001d0 T MarineTwoPistols_Fidget
001a2708 00000174 T MarineTwoPistols_Reload
001a287c 00000134 T MarinePistol_SwapOut
001a29b0 000000dc T MarineTwoPistols_SwapOut
001a2a8c 0000010c T MarinePistol_SwapIn
001a2b98 000001ac T MarineTwoPistols_SwapIn
001a2d44 00000080 T Frisbee_Recoil
001a2dc4 00000060 T Frisbee_Firing
001a2e24 00000004 W Chunk::prepare_for_output()
001a2e28 00000004 W Chunk::post_input_processing()
001a2e2c 00000008 W Chunk::r_u_miscellaneous()
001a2e34 00000018 T AVP_Generator_Extended_Settings_Chunk::size_chunk()
001a2e4c 00000010 T Global_Generator_Data_Chunk::size_chunk()
001a2e5c 00000010 T AVP_Player_Start_Chunk::size_chunk()
001a2e6c 00000018 T AVP_Environment_Settings_Chunk::size_chunk()
001a2e84 0000001c T AVP_Decal_Chunk::size_chunk()
001a2ea0 00000018 T Rainbow6_Generator_Extra_Data_Chunk::size_chunk()
001a2eb8 00000004 W List_Member_Base<Chunk*>::~List_Member_Base()
001a2eb8 00000004 W List_Member_Base<Chunk*>::~List_Member_Base()
001a2ebc 0000005c T Global_Generator_Data_Chunk::fill_data_block(char*)
001a2f18 00000060 T AVP_Player_Start_Chunk::fill_data_block(char*)
001a2f78 00000070 T Rainbow6_Generator_Extra_Data_Chunk::fill_data_block(char*)
001a2fe8 0000007c T AVP_Generator_Chunk::fill_data_block(char*)
001a3064 00000030 T AVP_Generator_Extra_Name_Chunk::fill_data_block(char*)
001a3094 00000094 T AVP_Power_Cable_Chunk::fill_data_block(char*)
001a3128 000000b4 T AVP_Particle_Generator_Data_Chunk::fill_data_block(char*)
001a31dc 00000020 T AVP_Generator_Chunk::size_chunk()
001a31fc 0000002c T AVP_Generator_Extra_Name_Chunk::size_chunk()
001a3228 00000024 T AVP_Power_Cable_Chunk::size_chunk()
001a324c 0000002c T AVP_Particle_Generator_Data_Chunk::size_chunk()
001a3278 00000034 T AVP_Generator_Chunk::~AVP_Generator_Chunk()
001a3278 00000034 T AVP_Generator_Chunk::~AVP_Generator_Chunk()
001a32ac 00000034 T AVP_Generator_Extra_Name_Chunk::~AVP_Generator_Extra_Name_Chunk()
001a32ac 00000034 T AVP_Generator_Extra_Name_Chunk::~AVP_Generator_Extra_Name_Chunk()
001a32e0 00000034 T AVP_Generator_Extended_Settings_Chunk::~AVP_Generator_Extended_Settings_Chunk()
001a32e0 00000034 T AVP_Generator_Extended_Settings_Chunk::~AVP_Generator_Extended_Settings_Chunk()
001a3314 00000034 T AVP_Environment_Settings_Chunk::~AVP_Environment_Settings_Chunk()
001a3314 00000034 T AVP_Environment_Settings_Chunk::~AVP_Environment_Settings_Chunk()
001a3348 00000034 T AVP_Decal_Chunk::~AVP_Decal_Chunk()
001a3348 00000034 T AVP_Decal_Chunk::~AVP_Decal_Chunk()
001a337c 00000034 T AVP_Particle_Generator_Data_Chunk::~AVP_Particle_Generator_Data_Chunk()
001a337c 00000034 T AVP_Particle_Generator_Data_Chunk::~AVP_Particle_Generator_Data_Chunk()
001a33b0 00000020 W AVP_Player_Start_Chunk::~AVP_Player_Start_Chunk()
001a33b0 00000020 W AVP_Player_Start_Chunk::~AVP_Player_Start_Chunk()
001a33d0 00000020 W Global_Generator_Data_Chunk::~Global_Generator_Data_Chunk()
001a33d0 00000020 W Global_Generator_Data_Chunk::~Global_Generator_Data_Chunk()
001a33f0 00000020 W List_Member_Base<Chunk*>::~List_Member_Base()
001a3410 00000038 T AVP_Power_Cable_Chunk::~AVP_Power_Cable_Chunk()
001a3410 00000038 T AVP_Power_Cable_Chunk::~AVP_Power_Cable_Chunk()
001a3448 00000038 T Rainbow6_Generator_Extra_Data_Chunk::~Rainbow6_Generator_Extra_Data_Chunk()
001a3448 00000038 T Rainbow6_Generator_Extra_Data_Chunk::~Rainbow6_Generator_Extra_Data_Chunk()
001a3480 0000002c W AVP_Player_Start_Chunk::~AVP_Player_Start_Chunk()
001a34ac 0000002c W Global_Generator_Data_Chunk::~Global_Generator_Data_Chunk()
001a34d8 00000020 W AVP_Generator_Extra_Data_Chunk::~AVP_Generator_Extra_Data_Chunk()
001a34d8 00000020 W AVP_Generator_Extra_Data_Chunk::~AVP_Generator_Extra_Data_Chunk()
001a34f8 0000002c W AVP_Generator_Extra_Data_Chunk::~AVP_Generator_Extra_Data_Chunk()
001a3524 00000020 W AVP_Particle_Generator_Chunk::~AVP_Particle_Generator_Chunk()
001a3524 00000020 W AVP_Particle_Generator_Chunk::~AVP_Particle_Generator_Chunk()
001a3544 0000002c W AVP_Particle_Generator_Chunk::~AVP_Particle_Generator_Chunk()
001a3570 00000074 T AVP_Generator_Extended_Settings_Chunk::fill_data_block(char*)
001a35e4 00000034 T AVP_Environment_Settings_Chunk::fill_data_block(char*)
001a3618 00000048 T AVP_Decal_Chunk::fill_data_block(char*)
001a3660 00000040 T AVP_Generator_Chunk::~AVP_Generator_Chunk()
001a36a0 00000040 T AVP_Generator_Extra_Name_Chunk::~AVP_Generator_Extra_Name_Chunk()
001a36e0 00000040 T AVP_Generator_Extended_Settings_Chunk::~AVP_Generator_Extended_Settings_Chunk()
001a3720 00000040 T AVP_Environment_Settings_Chunk::~AVP_Environment_Settings_Chunk()
001a3760 00000040 T AVP_Decal_Chunk::~AVP_Decal_Chunk()
001a37a0 00000040 T AVP_Particle_Generator_Data_Chunk::~AVP_Particle_Generator_Data_Chunk()
001a37e0 00000044 T AVP_Power_Cable_Chunk::~AVP_Power_Cable_Chunk()
001a3824 00000044 T Rainbow6_Generator_Extra_Data_Chunk::~Rainbow6_Generator_Extra_Data_Chunk()
001a3868 00000064 t RifCreateClassObjectGlobal_Generator_Data_Chunk_335(Chunk_With_Children*, char const*)
001a38cc 00000074 t RifCreateClassObjectAVP_Player_Start_Chunk_402(Chunk_With_Children*, char const*)
001a3940 0000006c t RifCreateClassObjectAVP_Generator_Extra_Name_Chunk_226(Chunk_With_Children*, char const*)
001a39ac 000000a4 t RifCreateClassObjectAVP_Generator_Extra_Data_Chunk_183(Chunk_With_Children*, char const*)
001a3a50 000000a4 t RifCreateClassObjectAVP_Particle_Generator_Chunk_715(Chunk_With_Children*, char const*)
001a3af4 00000074 T AVP_Generator_Chunk::AVP_Generator_Chunk(Chunk_With_Children*, char const*, unsigned int)
001a3af4 00000074 T AVP_Generator_Chunk::AVP_Generator_Chunk(Chunk_With_Children*, char const*, unsigned int)
001a3b68 00000034 t RifCreateClassObjectAVP_Generator_Chunk_9(Chunk_With_Children*, char const*)
001a3b9c 000001f4 T AVP_Generator_Chunk::CalculateID()
001a3d90 0000049c T AVP_Generator_Chunk::get_extra_data_chunk()
001a422c 0000003c T AVP_Generator_Chunk::get_extended_settings()
001a4268 00000020 T AVP_Generator_Chunk::get_alternate_locations_chunk()
001a4288 00000098 T AVP_Generator_Extended_Settings_Chunk::AVP_Generator_Extended_Settings_Chunk(Chunk_With_Children*, char const*, unsigned int)
001a4288 00000098 T AVP_Generator_Extended_Settings_Chunk::AVP_Generator_Extended_Settings_Chunk(Chunk_With_Children*, char const*, unsigned int)
001a4320 00000034 t RifCreateClassObjectAVP_Generator_Extended_Settings_Chunk_268(Chunk_With_Children*, char const*)
001a4354 000000cc T AVP_Power_Cable_Chunk::AVP_Power_Cable_Chunk(Chunk_With_Children*, char const*, unsigned int)
001a4354 000000cc T AVP_Power_Cable_Chunk::AVP_Power_Cable_Chunk(Chunk_With_Children*, char const*, unsigned int)
001a4420 00000034 t RifCreateClassObjectAVP_Power_Cable_Chunk_442(Chunk_With_Children*, char const*)
001a4454 00000094 T AVP_Environment_Settings_Chunk::AVP_Environment_Settings_Chunk(Chunk_With_Children*, char const*, unsigned int)
001a4454 00000094 T AVP_Environment_Settings_Chunk::AVP_Environment_Settings_Chunk(Chunk_With_Children*, char const*, unsigned int)
001a44e8 00000034 t RifCreateClassObjectAVP_Environment_Settings_Chunk_548(Chunk_With_Children*, char const*)
001a451c 00000058 T AVP_Environment_Settings_Chunk::AVP_Environment_Settings_Chunk(Chunk_With_Children*)
001a451c 00000058 T AVP_Environment_Settings_Chunk::AVP_Environment_Settings_Chunk(Chunk_With_Children*)
001a4574 00000050 T GetAVPEnvironmentSettings(Environment_Data_Chunk*)
001a45c4 000000a8 T AVP_Decal_Chunk::AVP_Decal_Chunk(Chunk_With_Children*, char const*, unsigned int)
001a45c4 000000a8 T AVP_Decal_Chunk::AVP_Decal_Chunk(Chunk_With_Children*, char const*, unsigned int)
001a466c 00000034 t RifCreateClassObjectAVP_Decal_Chunk_634(Chunk_With_Children*, char const*)
001a46a0 00000068 T AVP_Decal_Chunk::AVP_Decal_Chunk(Chunk_With_Children*, int)
001a46a0 00000068 T AVP_Decal_Chunk::AVP_Decal_Chunk(Chunk_With_Children*, int)
001a4708 0000000c T AVP_Particle_Generator_Chunk::get_data_chunk()
001a4714 0000000c T AVP_Particle_Generator_Chunk::get_alternate_locations_chunk()
001a4720 0000000c T AVP_Particle_Generator_Chunk::get_sound_chunk()
001a472c 000000c0 T AVP_Particle_Generator_Data_Chunk::AVP_Particle_Generator_Data_Chunk(Chunk_With_Children*, char const*, unsigned int)
001a472c 000000c0 T AVP_Particle_Generator_Data_Chunk::AVP_Particle_Generator_Data_Chunk(Chunk_With_Children*, char const*, unsigned int)
001a47ec 00000034 t RifCreateClassObjectAVP_Particle_Generator_Data_Chunk_750(Chunk_With_Children*, char const*)
001a4820 000000a4 T Rainbow6_Generator_Extra_Data_Chunk::Rainbow6_Generator_Extra_Data_Chunk(Chunk_With_Children*, char const*, unsigned int)
001a4820 000000a4 T Rainbow6_Generator_Extra_Data_Chunk::Rainbow6_Generator_Extra_Data_Chunk(Chunk_With_Children*, char const*, unsigned int)
001a48c4 00000034 t RifCreateClassObjectRainbow6_Generator_Extra_Data_Chunk_819(Chunk_With_Children*, char const*)
001a48f8 00000128 t _GLOBAL__sub_I___Chunk_Include_avpchunk
001a4a20 00000020 T HandleCheatModes
001a4a40 000001e4 T GiveAllWeaponsCheat
001a4c24 00000150 T SCString::ProcessAnyCheatCodes()
001a4d74 000000bc T Draw_HUDImage
001a4e30 00000114 T D3D_InitialiseMarineHUD
001a4f44 0000022c T LoadCommonTextures
001a5170 00000134 T D3D_BLTMotionTrackerBlipToHUD
001a52a4 000000a8 T D3D_BlitWhiteChar
001a534c 000000ac T D3D_DrawHUDFontCharacter
001a53f8 00000078 T D3D_DrawHUDPredatorDigit
001a5470 000000f8 T D3D_BLTDigitToHUD
001a5568 00000394 T D3D_BLTMotionTrackerToHUD
001a58fc 00000094 T D3D_BLTGunSightToHUD
001a5990 000002c4 T Render_HealthAndArmour
001a5c54 00000148 T Render_MarineAmmo
001a5d9c 00000010 T PlatformSpecificInitMarineHUD
001a5dac 0000004c T PlatformSpecificInitPredatorHUD
001a5df8 0000004c T PlatformSpecificInitAlienHUD
001a5e44 00000120 T PlatformSpecificKillMarineHUD
001a5f64 00000120 T PlatformSpecificKillPredatorHUD
001a6084 00000120 T PlatformSpecificKillAlienHUD
001a61a4 00000004 T PlatformSpecificEnteringHUD
001a61a8 0000002c T BLTMotionTrackerToHUD
001a61d4 0000002c T BLTMotionTrackerBlipToHUD
001a6200 0000002c T BLTGunSightToScreen
001a622c 00000144 T YClipMotionTrackerVertices
001a6370 00000004 T PutByte
001a6374 0000002c T PutLittleWord
001a63a0 0000003c T PutLittleDword
001a63dc 00000004 W List_Member_Base<FFDataI>::~List_Member_Base()
001a63dc 00000004 W List_Member_Base<FFDataI>::~List_Member_Base()
001a63e0 00000038 W List_Member<FFDataI>::~List_Member()
001a63e0 00000038 W List_Member<FFDataI>::~List_Member()
001a6418 00000020 W List_Member_Base<FFDataI>::~List_Member_Base()
001a6438 0000002c W List_Member<FFDataI>::~List_Member()
001a6464 00000128 T ReportError(char const*, char const*)
001a658c 0000015c T FFHeaderI::~FFHeaderI()
001a658c 0000015c T FFHeaderI::~FFHeaderI()
001a66e8 000000fc T FFHeaderI::Clear()
001a67e4 000003e0 T FFHeaderI::Read(char const*)
001a6bc4 000000a0 T FFHeaderI::FFHeaderI(char const*, int)
001a6bc4 000000a0 T FFHeaderI::FFHeaderI(char const*, int)
001a6c64 000000ec T FFHeaderI::FindFile(char const*, unsigned int*) const
001a6d50 00000004 W List_Member_Base<FFileDesc>::~List_Member_Base()
001a6d50 00000004 W List_Member_Base<FFileDesc>::~List_Member_Base()
001a6d54 00000004 W List_Member_Base<FFHeaderI*>::~List_Member_Base()
001a6d54 00000004 W List_Member_Base<FFHeaderI*>::~List_Member_Base()
001a6d58 00000004 W List_Member_Base<_FFile*>::~List_Member_Base()
001a6d58 00000004 W List_Member_Base<_FFile*>::~List_Member_Base()
001a6d5c 00000004 W List_Member<_FFile*>::~List_Member()
001a6d5c 00000004 W List_Member<_FFile*>::~List_Member()
001a6d60 00000004 W List_Member<FFHeaderI*>::~List_Member()
001a6d60 00000004 W List_Member<FFHeaderI*>::~List_Member()
001a6d64 00000020 W List_Member_Base<FFileDesc>::~List_Member_Base()
001a6d84 00000020 W List_Member<FFHeaderI*>::~List_Member()
001a6da4 00000020 W List_Member_Base<FFHeaderI*>::~List_Member_Base()
001a6dc4 00000020 W List_Member<_FFile*>::~List_Member()
001a6de4 00000020 W List_Member_Base<_FFile*>::~List_Member_Base()
001a6e04 00000030 W List_Member<FFileDesc>::~List_Member()
001a6e04 00000030 W List_Member<FFileDesc>::~List_Member()
001a6e34 0000003c W List_Member<FFileDesc>::~List_Member()
001a6e70 00000100 T FFileDesc::FFileDesc(char const*, char const*)
001a6e70 00000100 T FFileDesc::FFileDesc(char const*, char const*)
001a6f70 00000084 T FFileDesc::FFileDesc(FFileDesc const&)
001a6f70 00000084 T FFileDesc::FFileDesc(FFileDesc const&)
001a6ff4 00000064 T FFileDesc::Load() const
001a7058 000001e0 T ffInit
001a7238 00000304 T ffcloseall
001a753c 00000314 T ffclose_almost_all
001a7850 000000f8 T ffclose
001a7948 00000274 T ffreadbuf
001a7bbc 0000010c T ffopen
001a7cc8 00000064 T ffreadb
001a7d2c 00000114 T ffseek
001a7e40 000000c4 t _GLOBAL__sub_I__ZN9FFileDescC2EPKcS1_
001a7f04 00000444 t _GLOBAL__sub_D__ZN9FFileDescC2EPKcS1_
001a8348 00000020 T SetLevelToLoadForAlien
001a8368 00000020 T SetLevelToLoadForPredator
001a8388 00000020 T SetLevelToLoadForMarine
001a83a8 0000004c T SetLevelToLoadForMultiplayer
001a83f4 0000004c T SetLevelToLoadForCooperative
001a8440 0000001c T SetLevelToLoad
001a845c 00000050 T SetLevelToLoadForCheatMode
001a84ac 00000040 T NumberForCurrentLevel
001a84ec 00000004 T PlayMenuMusic
001a84f0 00000004 T EndMenuMusic
001a84f4 000000d0 T Show_CopyrightInfo
001a85c4 00000138 T Show_Presents
001a86fc 0000011c T Show_ARebellionGame
001a8818 000000f8 T Show_AvPLogo
001a8910 0000006c T PlayIntroSequence
001a897c 0000007c T MakeInGameMenu
001a89f8 00000028 T MakeUserProfileSelectMenu
001a8a20 000005d0 t GetDescriptionOfKey
001a8ff0 00000088 t RenderHelpString
001a9078 000000ac t AddMultiplayerBriefingString
001a9124 00000b9c t RenderMenuElement
001a9cc0 000002e4 t SetBriefingTextForMultiplayer
001a9fa4 00000074 t HeightOfMenuElement
001aa018 00000190 t RenderScrollyMenu
001aa1a8 00000128 t CheckForLoadGame
001aa2d0 0000007c T HandlePostGameFMVs
001aa34c 00000088 T HandlePreGameFMVs
001aa3d4 0000001c T InGameMenusAreRunning
001aa3f0 000000bc T NumberOfAvailableLevels
001aa4ac 000002ac T RollCreditsText
001aa758 000000fc T SelectMenuDisplayMode
001aa854 00000088 T DrawMainMenusBackdrop
001aa8dc 00000088 T DisplayVideoModeUnavailableScreen
001aa964 000000bc T DoCredits
001aaa20 00000118 T RenderBriefingText
001aab38 00000250 t RenderMenu
001aad88 000000ac T CheckForKeysWithMultipleAssignments
001aae34 00000084 T HandleCheatModeFeatures
001aaeb8 000000b4 T AvP_MainMenus_Deinit
001aaf6c 0000002c T KeyboardEntryQueue_Add
001aaf98 000000c4 T SaveLevelHeader
001ab05c 00000030 T LoadLevelHeader
001ab08c 00000198 T ScanSaveSlots
001ab224 000005b0 t SetupNewMenu
001ab7d4 00000030 T AvP_TriggerInGameMenus
001ab804 00000d00 t InteractWithMenuElement
001ac504 000018d8 T AvP_UpdateMenus
001adddc 00000044 T AvP_MainMenus_Update
001ade20 00000048 T AvP_InGameMenus
001ade68 000000c4 t OkayToPlayNextEpisode.isra.0
001adf2c 00000194 T AvP_MainMenus_Init
001ae0c0 0000003c T GetFilenameForSaveSlot
001ae0fc 00000004 W List_Member_Base<char*>::~List_Member_Base()
001ae0fc 00000004 W List_Member_Base<char*>::~List_Member_Base()
001ae100 00000004 W List_Member<char*>::~List_Member()
001ae100 00000004 W List_Member<char*>::~List_Member()
001ae104 00000020 W List_Member<char*>::~List_Member()
001ae124 00000020 W List_Member_Base<char*>::~List_Member_Base()
001ae144 0000024c T GetMultiplayerConfigDescription
001ae390 000005d0 T SaveMultiplayerConfiguration
001ae960 0000019c T DeleteMultiplayerConfigurationByIndex
001aeafc 00000074 T LoadIPAddress
001aeb70 000004dc T BuildMultiplayerLevelNameArray
001af04c 000000e4 T GetCustomMultiplayerLevelIndex
001af130 000005ac T LoadMultiplayerConfiguration
001af6dc 000000b8 T LoadMultiplayerConfigurationByIndex
001af794 0000007c T GetCustomMultiplayerLevelName
001af810 000000b4 t _GLOBAL__sub_I_LastDescriptionFile
001af8c4 0000043c t _GLOBAL__sub_D_LastDescriptionFile
001afd00 00000004 W List_Member_Base<AVP_USER_PROFILE*>::~List_Member_Base()
001afd00 00000004 W List_Member_Base<AVP_USER_PROFILE*>::~List_Member_Base()
001afd04 00000004 W List_Member<AVP_USER_PROFILE*>::~List_Member()
001afd04 00000004 W List_Member<AVP_USER_PROFILE*>::~List_Member()
001afd08 00000020 W List_Member<AVP_USER_PROFILE*>::~List_Member()
001afd28 00000020 W List_Member_Base<AVP_USER_PROFILE*>::~List_Member_Base()
001afd48 00000014 T NumberOfUserProfiles
001afd5c 00000098 T GetFirstUserProfile
001afdf4 0000019c T GetNextUserProfile
001aff90 000001a8 t InsertProfileIntoList
001b0138 00000154 T DeleteUserProfile
001b028c 00000254 T GetSettingsFromUserProfile
001b04e0 0000023c T SaveSettingsToUserProfile
001b071c 000000c8 T SaveUserProfile
001b07e4 00000598 T ExamineSavedUserProfiles
001b0d7c 00000024 T FixCheatModesInUserProfile
001b0da0 00000040 t _GLOBAL__sub_I_UserProfilesList
001b0de0 00000124 t _GLOBAL__sub_D_UserProfilesList
001b0f04 00000004 T AlienHUDGadget::Jitter(int)
001b0f08 000000c4 T AlienHUDGadget::Render(r2pos const&, r2rect const&, int)
001b0fcc 00000054 T AlienHUDGadget::~AlienHUDGadget()
001b0fcc 00000054 T AlienHUDGadget::~AlienHUDGadget()
001b1020 00000020 T AlienHUDGadget::~AlienHUDGadget()
001b1040 00000008 T AlienHUDGadget::AddTextReport(SCString*)
001b1048 00000008 T AlienHUDGadget::ClearTheTextReportQueue()
001b1050 0000000c T AlienHUDGadget::CharTyped(char)
001b105c 0000000c T AlienHUDGadget::Key_Backspace()
001b1068 0000000c T AlienHUDGadget::Key_End()
001b1074 0000000c T AlienHUDGadget::Key_Home()
001b1080 0000000c T AlienHUDGadget::Key_Left()
001b108c 0000000c T AlienHUDGadget::Key_Up()
001b1098 0000000c T AlienHUDGadget::Key_Right()
001b10a4 0000000c T AlienHUDGadget::Key_Down()
001b10b0 0000000c T AlienHUDGadget::Key_Delete()
001b10bc 0000000c T AlienHUDGadget::Key_Tab()
001b10c8 00000050 T AlienHUDGadget::AlienHUDGadget()
001b10c8 00000050 T AlienHUDGadget::AlienHUDGadget()
001b1118 000000a8 T AlienHUDGadget::SetString(char const*)
001b11c0 00000034 T BringDownConsoleWithSayTypedIn
001b11f4 00000034 T BringDownConsoleWithSaySpeciesTypedIn
001b1228 00000008 T ConsoleCommand_VoidVoid::Execute(char*)
001b1230 0000000c T ConsoleCommand_VoidCharP::Execute(char*)
001b123c 00000004 W List_Member_Base<ConsoleCommand*>::~List_Member_Base()
001b123c 00000004 W List_Member_Base<ConsoleCommand*>::~List_Member_Base()
001b1240 00000004 W List_Member<ConsoleCommand*>::~List_Member()
001b1240 00000004 W List_Member<ConsoleCommand*>::~List_Member()
001b1244 00000020 W List_Member<ConsoleCommand*>::~List_Member()
001b1264 00000020 W List_Member_Base<ConsoleCommand*>::~List_Member_Base()
001b1284 00000028 T ConsoleCommand_VoidInt::Execute(char*)
001b12ac 000000a4 T ConsoleCommand_IntVoid::Execute(char*)
001b1350 000000ac T ConsoleCommand_IntInt::Execute(char*)
001b13fc 0000016c T ConsoleCommand::Process(char*)
001b1568 00000140 T ConsoleCommand::~ConsoleCommand()
001b1568 00000140 T ConsoleCommand::~ConsoleCommand()
001b16a8 00000020 W ConsoleCommand_VoidCharP::~ConsoleCommand_VoidCharP()
001b16a8 00000020 W ConsoleCommand_VoidCharP::~ConsoleCommand_VoidCharP()
001b16c8 0000002c W ConsoleCommand_VoidCharP::~ConsoleCommand_VoidCharP()
001b16f4 00000020 W ConsoleCommand_IntInt::~ConsoleCommand_IntInt()
001b16f4 00000020 W ConsoleCommand_IntInt::~ConsoleCommand_IntInt()
001b1714 0000002c W ConsoleCommand_IntInt::~ConsoleCommand_IntInt()
001b1740 00000020 W ConsoleCommand_IntVoid::~ConsoleCommand_IntVoid()
001b1740 00000020 W ConsoleCommand_IntVoid::~ConsoleCommand_IntVoid()
001b1760 0000002c W ConsoleCommand_IntVoid::~ConsoleCommand_IntVoid()
001b178c 00000020 W ConsoleCommand_VoidInt::~ConsoleCommand_VoidInt()
001b178c 00000020 W ConsoleCommand_VoidInt::~ConsoleCommand_VoidInt()
001b17ac 0000002c W ConsoleCommand_VoidInt::~ConsoleCommand_VoidInt()
001b17d8 00000020 W ConsoleCommand_VoidVoid::~ConsoleCommand_VoidVoid()
001b17d8 00000020 W ConsoleCommand_VoidVoid::~ConsoleCommand_VoidVoid()
001b17f8 0000002c W ConsoleCommand_VoidVoid::~ConsoleCommand_VoidVoid()
001b1824 0000018c T ConsoleCommand::Display() const
001b19b0 000000e8 T ConsoleCommand::ListAll()
001b1a98 000000b8 T ConsoleCommand::ConsoleCommand(char*, char*, char)
001b1a98 000000b8 T ConsoleCommand::ConsoleCommand(char*, char*, char)
001b1b50 0000004c T ConsoleCommand::Make(char*, char*, void (&)(), char)
001b1b9c 0000004c T ConsoleCommand::Make(char*, char*, void (&)(int), char)
001b1be8 0000004c T ConsoleCommand::Make(char*, char*, void (&)(char*), char)
001b1c34 00000040 t _GLOBAL__sub_I__ZN14ConsoleCommand20List_pConsoleCommandE
001b1c74 00000124 t _GLOBAL__sub_D__ZN14ConsoleCommand20List_pConsoleCommandE
001b1d98 00000004 W List_Member_Base<ConsoleSymbol*>::~List_Member_Base()
001b1d98 00000004 W List_Member_Base<ConsoleSymbol*>::~List_Member_Base()
001b1d9c 00000004 W List_Member<ConsoleSymbol*>::~List_Member()
001b1d9c 00000004 W List_Member<ConsoleSymbol*>::~List_Member()
001b1da0 00000020 W List_Member<ConsoleSymbol*>::~List_Member()
001b1dc0 00000020 W List_Member_Base<ConsoleSymbol*>::~List_Member_Base()
001b1de0 00000138 T ConsoleSymbol::~ConsoleSymbol()
001b1de0 00000138 T ConsoleSymbol::~ConsoleSymbol()
001b1f18 00000020 T ConsoleSymbol::~ConsoleSymbol()
001b1f38 000000a4 T ConsoleSymbol::ConsoleSymbol(char*)
001b1f38 000000a4 T ConsoleSymbol::ConsoleSymbol(char*)
001b1fdc 00000040 t _GLOBAL__sub_I__ZN13ConsoleSymbol16List_pConsoleSymE
001b201c 00000124 t _GLOBAL__sub_D__ZN13ConsoleSymbol16List_pConsoleSymE
001b2140 0000000c T ConsoleVariable_Simple_Int::GetValue() const
001b214c 00000024 T ConsoleVariable_Simple_Int::SetValue(int)
001b2170 0000002c T ConsoleVariable_Simple_Int::SetValue(float)
001b219c 0000000c T ConsoleVariable_Simple_FixP::GetValue() const
001b21a8 00000028 T ConsoleVariable_Simple_FixP::SetValue(int)
001b21d0 00000038 T ConsoleVariable_Simple_FixP::SetValue(float)
001b2208 00000004 W List_Member_Base<ConsoleVariable*>::~List_Member_Base()
001b2208 00000004 W List_Member_Base<ConsoleVariable*>::~List_Member_Base()
001b220c 00000004 W List_Member<ConsoleVariable*>::~List_Member()
001b220c 00000004 W List_Member<ConsoleVariable*>::~List_Member()
001b2210 00000020 W List_Member<ConsoleVariable*>::~List_Member()
001b2230 00000020 W List_Member_Base<ConsoleVariable*>::~List_Member_Base()
001b2250 0000002c T ConsoleVariable_Simple_Int::MakeValueString(int)
001b227c 00000038 T ConsoleVariable_Simple_FixP::MakeValueString(int)
001b22b4 000002c0 T ConsoleVariable_Simple_Int::MakeRangeString()
001b2574 000002dc T ConsoleVariable_Simple_FixP::MakeRangeString()
001b2850 00000140 T ConsoleVariable::~ConsoleVariable()
001b2850 00000140 T ConsoleVariable::~ConsoleVariable()
001b2990 00000020 W ConsoleVariable_Simple_FixP::~ConsoleVariable_Simple_FixP()
001b2990 00000020 W ConsoleVariable_Simple_FixP::~ConsoleVariable_Simple_FixP()
001b29b0 0000002c W ConsoleVariable_Simple_FixP::~ConsoleVariable_Simple_FixP()
001b29dc 00000020 W ConsoleVariable_Simple_Int::~ConsoleVariable_Simple_Int()
001b29dc 00000020 W ConsoleVariable_Simple_Int::~ConsoleVariable_Simple_Int()
001b29fc 0000002c W ConsoleVariable_Simple_Int::~ConsoleVariable_Simple_Int()
001b2a28 000000c8 T ConsoleVariable::ConsoleVariable(char*, char*, int, int, char)
001b2a28 000000c8 T ConsoleVariable::ConsoleVariable(char*, char*, int, int, char)
001b2af0 00000060 T ConsoleVariable::MakeSimpleConsoleVariable_Int(int&, char*, char*, int, int, char)
001b2b50 00000060 T ConsoleVariable::MakeSimpleConsoleVariable_FixP(int&, char*, char*, int, int, char)
001b2bb0 000002a0 T ConsoleVariable::Display()
001b2e50 000000e8 T ConsoleVariable::ListAllVariables()
001b2f38 00000358 T ConsoleVariable::OutputResultOfSetValue(int)
001b3290 000000fc T ConsoleVariable::ProcessSetValue(int)
001b338c 00000110 T ConsoleVariable::ProcessSetValue(float)
001b349c 0000026c T ConsoleVariable::Process(char*)
001b3708 00000040 t _GLOBAL__sub_I__ZN15ConsoleVariable16List_pConsoleVarE
001b3748 00000124 t _GLOBAL__sub_D__ZN15ConsoleVariable16List_pConsoleVarE
001b386c 00000004 T Gadget::~Gadget()
001b386c 00000004 T Gadget::~Gadget()
001b3870 00000014 T GADGET_Init
001b3884 00000038 T GADGET_Render
001b38bc 00000010 T GADGET_ScreenModeChange_Cleanup
001b38cc 000000d4 T GADGET_NewOnScreenMessage
001b39a0 00000018 T RemoveTheConsolePlease
001b39b8 0000002c T SCString::SendToScreen()
001b39e4 0000001c T HUDGadget::MakeHUD(playertypes)
001b3a00 00000030 T HUDGadget::~HUDGadget()
001b3a00 00000030 T HUDGadget::~HUDGadget()
001b3a30 00000020 T HUDGadget::HUDGadget(char*)
001b3a30 00000020 T HUDGadget::HUDGadget(char*)
001b3a50 00000034 T RootGadget::Render(r2pos const&, r2rect const&, int)
001b3a84 0000004c T RootGadget::~RootGadget()
001b3a84 0000004c T RootGadget::~RootGadget()
001b3ad0 00000058 T RootGadget::~RootGadget()
001b3b28 0000004c T RootGadget::RefreshHUD()
001b3b74 00000030 T RootGadget::RootGadget()
001b3b74 00000030 T RootGadget::RootGadget()
001b3ba4 0000000c T AVPTextInputState::TextEntryError()
001b3bb0 00000020 W AVPTextInputState::~AVPTextInputState()
001b3bb0 00000020 W AVPTextInputState::~AVPTextInputState()
001b3bd0 00000050 T TextEntryGadget::~TextEntryGadget()
001b3bd0 00000050 T TextEntryGadget::~TextEntryGadget()
001b3c20 0000002c W AVPTextInputState::~AVPTextInputState()
001b3c4c 00000090 T AVPTextInputState::ProcessCarriageReturn()
001b3cdc 0000005c T TextEntryGadget::~TextEntryGadget()
001b3d38 00000704 T TextEntryGadget::Render(r2pos const&, r2rect const&, int)
001b443c 00000004 T AVPTextInputState::Key_Up()
001b4440 00000004 T AVPTextInputState::Key_Down()
001b4444 00000004 T AVPTextInputState::Key_Tab()
001b4448 0000000c T TextEntryGadget::DontRender()
001b4454 00000068 T TextEntryGadget::TextEntryGadget()
001b4454 00000068 T TextEntryGadget::TextEntryGadget()
001b44bc 0000003c T TeletypeDaemon::~TeletypeDaemon()
001b44bc 0000003c T TeletypeDaemon::~TeletypeDaemon()
001b44f8 0000008c T TeletypeDaemon::Activity()
001b4584 00000048 T TeletypeDaemon::~TeletypeDaemon()
001b45cc 00000110 T TeletypeGadget::~TeletypeGadget()
001b45cc 00000110 T TeletypeGadget::~TeletypeGadget()
001b46dc 00000020 T TeletypeGadget::~TeletypeGadget()
001b46fc 000000c0 T TeletypeGadget::TeletypeGadget(TextReportGadget*, SCString*)
001b46fc 000000c0 T TeletypeGadget::TeletypeGadget(TextReportGadget*, SCString*)
001b47bc 0000000c T TeletypeGadget::HasFinishedPrinting()
001b47c8 000000ec T TeletypeCursor::Render(r2pos const&, r2rect const&, int)
001b48b4 000000cc T TeletypeGadget::Render(r2pos const&, r2rect const&, int)
001b4980 00000050 T TeletypeGadget::DirectRenderCursor(r2pos const&, r2rect const&, int)
001b49d0 00000004 W List_Member_Base<TextExpansion*>::~List_Member_Base()
001b49d0 00000004 W List_Member_Base<TextExpansion*>::~List_Member_Base()
001b49d4 00000004 W List_Member<TextExpansion*>::~List_Member()
001b49d4 00000004 W List_Member<TextExpansion*>::~List_Member()
001b49d8 00000020 W List_Member<TextExpansion*>::~List_Member()
001b49f8 00000020 W List_Member_Base<TextExpansion*>::~List_Member_Base()
001b4a18 000001e4 T TextExpansion::~TextExpansion()
001b4a18 000001e4 T TextExpansion::~TextExpansion()
001b4bfc 00000328 T TextExpansion::TestForExpansions(TextInputState*)
001b4f24 0000006c T TextExpansion::ListAll()
001b4f90 00000200 T TextExpansion::TextExpansion(SCString*, SCString*)
001b4f90 00000200 T TextExpansion::TextExpansion(SCString*, SCString*)
001b5190 000004ac T TextExpansion::AddExpansion(char*)
001b563c 000002a0 T TextExpansion::TryToRemoveExpansion(SCString*)
001b58dc 00000238 T TextExpansion::TryToRemoveExpansion(char*)
001b5b14 00000040 t _GLOBAL__sub_I__ZN13TextExpansion13List_pTextExpE
001b5b54 00000124 t _GLOBAL__sub_D__ZN13TextExpansion13List_pTextExpE
001b5c78 00000274 T TextInputState::~TextInputState()
001b5c78 00000274 T TextInputState::~TextInputState()
001b5eec 00000024 T TextInputState::GetCurrentState()
001b5f10 00000010 T TextInputState::Key_End()
001b5f20 0000000c T TextInputState::Key_Home()
001b5f2c 00000014 T TextInputState::Key_Left()
001b5f40 00000018 T TextInputState::Key_Right()
001b5f58 00000078 T TextInputState::Key_Delete()
001b5fd0 00000024 T TextInputState::Key_Backspace()
001b5ff4 0000001c T TextInputState::ToggleTypingMode()
001b6010 00000090 T TextInputState::TextInputState(char, char*)
001b6010 00000090 T TextInputState::TextInputState(char, char*)
001b60a0 000000dc T TextInputState::TryToInsertAt(SCString*, int)
001b617c 000000e4 T TextInputState::bInsertAt(char, int)
001b6260 000000e8 T TextInputState::CharTyped(char)
001b6348 0000006c T TextInputState::DeleteAt(int)
001b63b4 00000020 T TextInputState::Clear()
001b63d4 0000003c T TextInputState::SetString(SCString&)
001b6410 00000208 T TextInputState::AddToHistory(SCString&)
001b6618 0000006c T TextInputState::bManualMatch(char*) const
001b6684 00000090 T TextInputState::bManualMatchInsensitive(char*) const
001b6714 0000028c T TextInputState::GetNxtMatchingHistory() const
001b69a0 00000088 T TextInputState::History_SelectNxt()
001b6a28 0000028c T TextInputState::GetPrvMatchingHistory() const
001b6cb4 00000088 T TextInputState::History_SelectPrv()
001b6d3c 000002ac T TextInputState::GetNxtMatchingCompletion() const
001b6fe8 00000084 T TextInputState::Completion_SelectNxt()
001b706c 00000004 W List_Member_Base<TeletypeGadget*>::~List_Member_Base()
001b706c 00000004 W List_Member_Base<TeletypeGadget*>::~List_Member_Base()
001b7070 00000004 W List_Member<TeletypeGadget*>::~List_Member()
001b7070 00000004 W List_Member<TeletypeGadget*>::~List_Member()
001b7074 00000020 W List_Member_Base<TeletypeGadget*>::~List_Member_Base()
001b7094 00000020 W List_Member<TeletypeGadget*>::~List_Member()
001b70b4 00000020 W CheesyDaemon_Flash::~CheesyDaemon_Flash()
001b70b4 00000020 W CheesyDaemon_Flash::~CheesyDaemon_Flash()
001b70d4 0000002c W CheesyDaemon_Flash::~CheesyDaemon_Flash()
001b7100 00000020 W CheesyDaemon_Lifetime::~CheesyDaemon_Lifetime()
001b7100 00000020 W CheesyDaemon_Lifetime::~CheesyDaemon_Lifetime()
001b7120 0000002c W CheesyDaemon_Lifetime::~CheesyDaemon_Lifetime()
001b714c 00000020 T TextReportDaemon_Scroll::~TextReportDaemon_Scroll()
001b714c 00000020 T TextReportDaemon_Scroll::~TextReportDaemon_Scroll()
001b716c 0000002c T TextReportDaemon_Scroll::~TextReportDaemon_Scroll()
001b7198 00000020 T TextReportDaemon_Disappear::~TextReportDaemon_Disappear()
001b7198 00000020 T TextReportDaemon_Disappear::~TextReportDaemon_Disappear()
001b71b8 0000002c T TextReportDaemon_Disappear::~TextReportDaemon_Disappear()
001b71e4 00000224 T TextReportGadget::Render(r2pos const&, r2rect const&, int)
001b7408 00000038 T TextReportGadget::GetPos_Rel(r2rect const&) const
001b7440 0000009c T TextReportGadget::GetSize(r2rect const&) const
001b74dc 00000160 T TextReportGadget::Disappear()
001b763c 00000008 T TextReportDaemon_Disappear::Triggered()
001b7644 00000020 T TextReportGadget::ForceOnScreen()
001b7664 000001b4 T TextReportGadget::PostprocessForAddingTeletypeLine()
001b7818 00000094 T TextReportGadget::DirectAddTeletypeLine(SCString*)
001b78ac 000001f8 T TextReportGadget::TeletypeCompletionHook()
001b7aa4 00000124 T TextReportGadget::AddTeletypeLine(SCString*)
001b7bc8 000002ec T TextReportGadget::AddTextReport(SCString*)
001b7eb4 000002f4 T TextReportGadget::UpdateLineTimes()
001b81a8 000000f4 T TextReportDaemon_Scroll::TextReportDaemon_Scroll(TextReportGadget*)
001b81a8 000000f4 T TextReportDaemon_Scroll::TextReportDaemon_Scroll(TextReportGadget*)
001b829c 00000168 T TextReportGadget::TextReportGadget()
001b829c 00000168 T TextReportGadget::TextReportGadget()
001b8404 00000170 W RefList<SCString>::EmptyYourself()
001b8574 00000010 T TextReportGadget::ClearQueue()
001b8584 000004a0 T TextReportGadget::~TextReportGadget()
001b8584 000004a0 T TextReportGadget::~TextReportGadget()
001b8a24 00000020 T TextReportGadget::~TextReportGadget()
001b8a44 000000bc T UpdateGammaSettings
001b8b00 00000014 T InitialiseGammaSettings
001b8b14 00000024 T Placed_Hierarchy_Sequence_Chunk::size_chunk()
001b8b38 00000020 W Placed_Hierarchy_Chunk::~Placed_Hierarchy_Chunk()
001b8b38 00000020 W Placed_Hierarchy_Chunk::~Placed_Hierarchy_Chunk()
001b8b58 0000002c W Placed_Hierarchy_Chunk::~Placed_Hierarchy_Chunk()
001b8b84 00000064 T Placed_Hierarchy_Data_Chunk::size_chunk()
001b8be8 00000044 T Placed_Hierarchy_Data_Chunk::~Placed_Hierarchy_Data_Chunk()
001b8be8 00000044 T Placed_Hierarchy_Data_Chunk::~Placed_Hierarchy_Data_Chunk()
001b8c2c 0000004c T Placed_Hierarchy_Sequence_Chunk::~Placed_Hierarchy_Sequence_Chunk()
001b8c2c 0000004c T Placed_Hierarchy_Sequence_Chunk::~Placed_Hierarchy_Sequence_Chunk()
001b8c78 000000b8 T Placed_Hierarchy_Data_Chunk::fill_data_block(char*)
001b8d30 000000d4 T Placed_Hierarchy_Sequence_Chunk::fill_data_block(char*)
001b8e04 00000050 T Placed_Hierarchy_Data_Chunk::~Placed_Hierarchy_Data_Chunk()
001b8e54 00000058 T Placed_Hierarchy_Sequence_Chunk::~Placed_Hierarchy_Sequence_Chunk()
001b8eac 000000a4 t RifCreateClassObjectPlaced_Hierarchy_Chunk_11(Chunk_With_Children*, char const*)
001b8f50 000000e4 T Placed_Hierarchy_Data_Chunk::Placed_Hierarchy_Data_Chunk(Chunk_With_Children*, char const*, unsigned int)
001b8f50 000000e4 T Placed_Hierarchy_Data_Chunk::Placed_Hierarchy_Data_Chunk(Chunk_With_Children*, char const*, unsigned int)
001b9034 00000034 t RifCreateClassObjectPlaced_Hierarchy_Data_Chunk_32(Chunk_With_Children*, char const*)
001b9068 00000140 T Placed_Hierarchy_Sequence_Chunk::Placed_Hierarchy_Sequence_Chunk(Chunk_With_Children*, char const*, unsigned int)
001b9068 00000140 T Placed_Hierarchy_Sequence_Chunk::Placed_Hierarchy_Sequence_Chunk(Chunk_With_Children*, char const*, unsigned int)
001b91a8 00000034 t RifCreateClassObjectPlaced_Hierarchy_Sequence_Chunk_164(Chunk_With_Children*, char const*)
001b91dc 00000050 t _GLOBAL__sub_I___Chunk_Include_hierplace
001b922c 00000018 T IOFOCUS_AcceptControls
001b9244 00000010 T IOFOCUS_AcceptTyping
001b9254 00000050 T IOFOCUS_Toggle
001b92a4 00000004 W List_Member_Base<loaded_sound*>::~List_Member_Base()
001b92a4 00000004 W List_Member_Base<loaded_sound*>::~List_Member_Base()
001b92a8 00000004 W List_Member<loaded_sound*>::~List_Member()
001b92a8 00000004 W List_Member<loaded_sound*>::~List_Member()
001b92ac 00000020 W List_Member<loaded_sound*>::~List_Member()
001b92cc 00000020 W List_Member_Base<loaded_sound*>::~List_Member_Base()
001b92ec 000001e4 T LoseSound
001b94d0 00000114 T LoseAllNonCommonSounds()
001b95e4 00000284 T GetSound
001b9868 00000040 t _GLOBAL__sub_I_loaded_sounds
001b98a8 00000124 t _GLOBAL__sub_D_loaded_sounds
001b99cc 00000b24 T KRenderItems
001ba4f0 00000010 T RenderThisDisplayblock
001ba500 0000008c T RenderThisHierarchicalDisplayblock
001ba58c 00000004 W List_Member_Base<LoadedNPC>::~List_Member_Base()
001ba58c 00000004 W List_Member_Base<LoadedNPC>::~List_Member_Base()
001ba590 00000020 W List_Member_Base<LoadedNPC>::~List_Member_Base()
001ba5b0 00000030 W List_Member<LoadedNPC>::~List_Member()
001ba5b0 00000030 W List_Member<LoadedNPC>::~List_Member()
001ba5e0 0000003c W List_Member<LoadedNPC>::~List_Member()
001ba61c 00000104 T LoadedNPC::LoadedNPC(char const*)
001ba61c 00000104 T LoadedNPC::LoadedNPC(char const*)
001ba720 00000124 T LoadedNPC::LoadedNPC(LoadedNPC const&)
001ba720 00000124 T LoadedNPC::LoadedNPC(LoadedNPC const&)
001ba844 00000080 T LoadedNPC::Load(int, int)
001ba8c4 00000da0 T InitNPCs
001bb664 00000144 T EndNPCs
001bb7a8 00000070 t _GLOBAL__sub_I_ForceLoad_Alien
001bb818 00000230 t _GLOBAL__sub_D_ForceLoad_Alien
001bba48 00000004 W List_Member_Base<LocationGroupDieRoll*>::~List_Member_Base()
001bba48 00000004 W List_Member_Base<LocationGroupDieRoll*>::~List_Member_Base()
001bba4c 00000004 W List_Member_Base<BehaviourBlockData*>::~List_Member_Base()
001bba4c 00000004 W List_Member_Base<BehaviourBlockData*>::~List_Member_Base()
001bba50 00000004 W List_Member_Base<mission_setup*>::~List_Member_Base()
001bba50 00000004 W List_Member_Base<mission_setup*>::~List_Member_Base()
001bba54 00000004 W List_Member_Base<Light_Chunk*>::~List_Member_Base()
001bba54 00000004 W List_Member_Base<Light_Chunk*>::~List_Member_Base()
001bba58 00000004 W List_Member<Light_Chunk*>::~List_Member()
001bba58 00000004 W List_Member<Light_Chunk*>::~List_Member()
001bba5c 00000004 W List_Member<BehaviourBlockData*>::~List_Member()
001bba5c 00000004 W List_Member<BehaviourBlockData*>::~List_Member()
001bba60 00000004 W List_Member<LocationGroupDieRoll*>::~List_Member()
001bba60 00000004 W List_Member<LocationGroupDieRoll*>::~List_Member()
001bba64 00000004 W List_Member<mission_setup*>::~List_Member()
001bba64 00000004 W List_Member<mission_setup*>::~List_Member()
001bba68 00000020 W List_Member<LocationGroupDieRoll*>::~List_Member()
001bba88 00000020 W List_Member_Base<LocationGroupDieRoll*>::~List_Member_Base()
001bbaa8 00000020 W List_Member<BehaviourBlockData*>::~List_Member()
001bbac8 00000020 W List_Member_Base<BehaviourBlockData*>::~List_Member_Base()
001bbae8 00000020 W List_Member<mission_setup*>::~List_Member()
001bbb08 00000020 W List_Member_Base<mission_setup*>::~List_Member_Base()
001bbb28 00000020 W List_Member_Base<Light_Chunk*>::~List_Member_Base()
001bbb48 00000020 W List_Member<Light_Chunk*>::~List_Member()
001bbb68 0000008c t get_marine_facing_point(vectorch&, euler&, vectorch&)
001bbbf4 000000ec t setup_track_sound(Indexed_Sound_Chunk*, track_sound**) [clone .part.0]
001bbce0 00000040 T GetSoundForMainRif(char const*)
001bbd20 00000310 T setup_track_sound(Object_Chunk*, track_sound**, track_sound**, track_sound**)
001bc030 000003b4 T setup_track_controller(Object_Chunk*)
001bc3e4 0000044c T create_strategies_from_list
001bc830 00000258 T AddToBehaviourList(char const*, ObjectID const&, bhvr_type, void*, int, Object_Alternate_Locations_Chunk*, int)
001bca88 000000f8 t add_prox_door(Object_Chunk*, int, int, module*, AVP_Strategy_Chunk*)
001bcb80 0000015c t add_alien(AVP_Generator_Chunk*)
001bccdc 0000023c t add_binswitch(char const*, AVP_Strategy_Chunk*, ObjectID const&, Object_Chunk*, int) [clone .isra.0]
001bcf18 000005d0 t add_multiswitch(char const*, AVP_Strategy_Chunk*, ObjectID const&, Object_Chunk*, int) [clone .isra.0]
001bd4e8 00000280 t add_linkswitch(char const*, AVP_Strategy_Chunk*, ObjectID const&, Object_Chunk*, int) [clone .isra.0]
001bd768 0000013c T deallocate_behaviour_list
001bd8a8 00000770 T add_placed_hierarchy(Placed_Hierarchy_Chunk*, char const*, char const*)
001be018 000003a8 T deal_with_module_object(Object_Chunk*, int, int, int, module*)
001be3c0 00001304 T setup_generators(Environment_Data_Chunk*)
001bf6c4 0000047c T SetupMissionObjectives()
001bfb40 000000bc T setup_light_data(lightblock*, Light_Chunk*)
001bfbfc 0000008c T setup_placed_light_data(lightblock*, Placed_Object_Light_Chunk*)
001bfc88 00001164 T deal_with_placed_object(Object_Chunk*, int, int)
001c0dec 000008e4 T SetUpRunTimeLights
001c16d0 00000620 T DealWithExternalObjectStategies(Environment_Data_Chunk*)
001c1cf0 00000344 T setup_sounds(Environment_Data_Chunk*)
001c2034 0000029c T setup_cables(Environment_Data_Chunk*)
001c22d0 000003c4 T setup_particle_generators(Environment_Data_Chunk*)
001c2694 000000a0 t _GLOBAL__sub_I_QuantumObjectDieRollOveride
001c2734 0000033c t _GLOBAL__sub_D_QuantumObjectDieRollOveride
001c2a70 0000003c T AVP_Path_Chunk::size_chunk()
001c2aac 00000044 T AVP_Path_Chunk::~AVP_Path_Chunk()
001c2aac 00000044 T AVP_Path_Chunk::~AVP_Path_Chunk()
001c2af0 000000ac T AVP_Path_Chunk::fill_data_block(char*)
001c2b9c 00000050 T AVP_Path_Chunk::~AVP_Path_Chunk()
001c2bec 000000fc T AVP_Path_Chunk::AVP_Path_Chunk(Chunk_With_Children*, char const*, unsigned int)
001c2bec 000000fc T AVP_Path_Chunk::AVP_Path_Chunk(Chunk_With_Children*, char const*, unsigned int)
001c2ce8 00000034 t RifCreateClassObjectAVP_Path_Chunk_6(Chunk_With_Children*, char const*)
001c2d1c 00000018 t _GLOBAL__sub_I___Chunk_Include_pathchnk
001c2d34 00000064 T catpathandextension
001c2d98 00000028 T IDemandTurnLeft
001c2dc0 00000028 T IDemandTurnRight
001c2de8 00000028 T IDemandGoForward
001c2e10 00000028 T IDemandGoBackward
001c2e38 0000003c T IDemandSelect
001c2e74 000000cc T LoadTextFile
001c2f40 0000000c T UnloadTextFile
001c2f50 000000d8 t CalculatePosnForGhostAutoGunMuzzleFlash
001c3028 000016ac t SetPlayerGhostAnimationSequence.isra.0
001c46d4 000001b8 t UpdatePlayerGhostAnimSequence
001c488c 00000094 T UpdateObjectTrails
001c4920 00000230 T UpdateGhost
001c4b50 00000194 T RemoveGhost
001c4ce4 00000080 T RemovePlayersGhosts
001c4d64 00000078 T FindGhost
001c4ddc 000001c8 T PlayerGhostExtrapolation
001c4fa4 000000a0 T ChangeGhostMarineAccoutrementSet
001c5044 000001f0 T CreateMarineHModel
001c5234 00000110 T CreateAlienHModel
001c5344 00000198 T CreatePredatorHModel
001c54dc 00000594 T CreateNetGhost
001c5a70 000001d8 T MakeGhostNear
001c5c48 0000001c T MakeGhostFar
001c5c64 000001a4 T HandleGhostGunFlashEffect
001c5e08 0000012c T PostDynamicsExtrapolationUpdate
001c5f34 00000400 T HandlePlayerGhostWeaponSound
001c6334 00000720 T HandleWeaponElevation
001c6a54 00000370 T MaintainGhosts
001c6dc4 000000cc T HandleGhostAutoGunMuzzleFlash
001c6e90 00000074 T HandleGhostAutoGunSound
001c6f04 0000008c T MaintainGhostCloakingStatus
001c6f90 000001e4 T NetGhostBehaviour
001c7174 00000054 T MaintainGhostFireStatus
001c71c8 00000158 T KillGhost
001c7320 000001a4 T ApplyGhostCorpseDeathAnim
001c74c4 000001b0 T ApplyCorpseDeathAnim
001c7674 00000260 T Deduce_PlayerMarineDeathSequence
001c78d4 00000198 T Deduce_PlayerAlienDeathSequence
001c7a6c 000001fc T Deduce_PlayerPredatorDeathSequence
001c7c68 000005ac T MakeNewCorpse
001c8214 00000090 T UpdateAlienAIGhostAnimSequence
001c82a4 00000208 T KillAlienAIGhost
001c84ac 00000124 T UpdateAlienAIGhost
001c85d0 000000d4 T Convert_DiscGhost_To_PickupGhost
001c86a4 0000008c T PlayHitDeltaOnGhost
001c8730 00000280 T DamageNetworkGhost
001c89b0 00000040 T PlayOtherSound
001c89f0 000000ac t FindEnvironmentObjectFromName
001c8a9c 000002f4 t GetMyMarineSequence
001c8d90 000002ec t GetMyAlienSequence
001c907c 0000039c t GetMyPredatorSequence
001c9418 00000078 t GetStrategySynchObjectChecksum
001c9490 00000124 t NetworkGameConsoleMessageWithWeaponIcon
001c95b4 000000d8 t FindObjectFromNetIndex
001c968c 00000094 t Handle_LastManStanding_Restart.part.0
001c9720 000002a0 t AddNetMsg_LocalObjectState.part.0
001c99c0 000001e4 t AddNetMsg_PlayerAutoGunState.part.0
001c9ba4 000000c4 t NetworkGameConsoleMessage.constprop.0
001c9c68 000000d0 t MyPlayerHasAMuzzleFlash.isra.0
001c9d38 000001d4 t AddNetMsg_FragmentalObjectsStatus.part.0
001c9f0c 000001ac t AddNetMsg_StrategySynch.part.0
001ca0b8 00000098 t CalculateMyScore
001ca150 00000108 t Inform_AiHasDied
001ca258 00000284 t ProcessNetMsg_PlayerState_Minimal.part.0
001ca4dc 00000164 t CountMultiplayerLivesLeft
001ca640 00000178 t Inform_PlayerHasDied
001ca7b8 00000110 T SetDefaultMultiplayerConfig
001ca8c8 000002d8 T InitAVPNetGameForHost
001caba0 0000016c T InitAVPNetGameForJoin
001cad0c 000000fc T RemovePlayerFromGame
001cae08 00000220 t ProcessSystemMessage.part.0
001cb028 00000508 T AddNetMsg_GameDescription
001cb530 00000084 T AddNetMsg_PlayerDescription
001cb5b4 000003b8 T AddNetMsg_PlayerState_Minimal
001cb96c 000008b0 t AddNetMsg_PlayerState.part.0
001cc21c 000000b0 T GetWeaponIconFromDamage
001cc2cc 00000088 T AddNetMsg_PlayerDeathAnim
001cc354 0000002c T AddNetMsg_PlayerLeaving
001cc380 00000118 T AddNetMsg_AllGameScores
001cc498 00000158 T AddNetMsg_PlayerScores
001cc5f0 00000144 t PeriodicScoreUpdate
001cc734 00000100 T AddNetMsg_ScoreChange
001cc834 000008ec t UpdateNetworkGameScores
001cd120 000001f4 T AddNetMsg_PlayerKilled
001cd314 00000018 T AddNetMsg_LocalObjectState
001cd32c 00000390 T AddNetMsg_LocalObjectDamaged
001cd6bc 0000005c T AddNetMsg_LocalObjectDestroyed_Request
001cd718 0000006c T AddNetMsg_LocalObjectDestroyed
001cd784 00000204 T AddNetMsg_InanimateObjectDamaged
001cd988 0000005c T AddNetMsg_InanimateObjectDestroyed
001cd9e4 0000005c T AddNetMsg_ObjectPickedUp
001cda40 0000006c T AddNetMsg_LOSRequestBinarySwitch
001cdaac 00000074 T AddNetMsg_PlatformLiftState
001cdb20 00000068 T AddNetMsg_RequestPlatformLiftActivate
001cdb88 000000e0 T AddNetMsg_MakeDecal
001cdc68 00000134 T AddNetMsg_ChatBroadcast
001cdd9c 00000070 T AddNetMsg_MakeExplosion
001cde0c 00000084 T AddNetMsg_MakeFlechetteExplosion
001cde90 00000088 T AddNetMsg_MakePlasmaExplosion
001cdf18 00000234 T AddNetMsg_PredatorLaserSights
001ce14c 0000005c T AddNetMsg_LocalObjectOnFire
001ce1a8 00000094 T AddNetMsg_CreateWeapon
001ce23c 000003ac T AddNetMsg_AlienAIState
001ce5e8 00000a74 T NetSendMessages
001cf05c 000000e8 T EndAVPNetGame
001cf144 000000a0 T AddNetMsg_AlienAISeqChange
001cf1e4 000001f4 T AddNetMsg_AlienAIKilled
001cf3d8 000000b4 T AddNetMsg_FarAlienPosition
001cf48c 000002f0 T AddNetMsg_GhostHierarchyDamaged
001cf77c 00000098 T AddNetMsg_Gibbing
001cf814 00000094 T AddNetMsg_SpotAlienSound
001cf8a8 00000080 T AddNetMsg_SpotOtherSound
001cf928 00000038 T PlayerIdInPlayerList
001cf960 00000048 T TransmitEndOfGameNetMsg
001cf9a8 0000004c T TransmitPlayerLeavingNetMsg
001cf9f4 000002b4 T StartOfGame_PlayerPlacement
001cfca8 00000304 T TeleportNetPlayerToAStartingPosition
001cffac 0000005c T Current_Level_Requires_Mirror_Image
001d0008 000000e8 T CreatePlayersImageInMirror
001d00f0 00000020 T DeallocatePlayersMirrorImage
001d0110 00000198 T RenderPlayersImageInMirror
001d02a8 0000015c T RestartNetworkGame
001d0404 00000680 t ProcessNetMsg_GameDescription
001d0a84 000034a4 t ProcessGameMessage
001d3f28 000000d0 T MinimalNetCollectMessages
001d3ff8 00000320 T DetermineAvailableCharacterTypes
001d4318 00000258 T GetNextAllowedSpecies
001d4570 00000214 T SpeciesTag_DetermineMyNextCharacterType
001d4784 00000194 T ShowNearestPlayersName
001d4918 00000040 T AreThereAnyLivesLeft
001d4958 0000079c T DoMultiplayerEndGameScreen
001d50f4 00000218 T DoMultiplayerSpecificHud
001d530c 000001a0 T GetNextMultiplayerObservedPlayer
001d54ac 00000040 T TurnOffMultiplayerObserveMode
001d54ec 000000a8 T CheckStateOfObservedPlayer
001d5594 000003f8 T NetCollectMessages
001d598c 000001dc t Draw_Progress_Bar()
001d5b68 00000128 T Start_Progress_Bar
001d5c90 0000006c T Set_Progress_Bar_Position
001d5cfc 000000e0 T Game_Has_Loaded
001d5ddc 00000004 W List_Member_Base<Object_Chunk*>::~List_Member_Base()
001d5ddc 00000004 W List_Member_Base<Object_Chunk*>::~List_Member_Base()
001d5de0 00000004 W List_Member_Base<Hierarchy_Descriptor*>::~List_Member_Base()
001d5de0 00000004 W List_Member_Base<Hierarchy_Descriptor*>::~List_Member_Base()
001d5de4 00000004 W List_Member_Base<Hierarchy_Alternate_Shape_Set*>::~List_Member_Base()
001d5de4 00000004 W List_Member_Base<Hierarchy_Alternate_Shape_Set*>::~List_Member_Base()
001d5de8 00000004 W List_Member_Base<Object_Animation_Sequence_Chunk*>::~List_Member_Base()
001d5de8 00000004 W List_Member_Base<Object_Animation_Sequence_Chunk*>::~List_Member_Base()
001d5dec 00000004 W List_Member_Base<Hierarchy_ID_Time_Pair*>::~List_Member_Base()
001d5dec 00000004 W List_Member_Base<Hierarchy_ID_Time_Pair*>::~List_Member_Base()
001d5df0 00000004 W List_Member_Base<Object_Animation_Sequence_Frame_Chunk*>::~List_Member_Base()
001d5df0 00000004 W List_Member_Base<Object_Animation_Sequence_Frame_Chunk*>::~List_Member_Base()
001d5df4 00000004 W List_Member_Base<Object_ShapeNum_Pair*>::~List_Member_Base()
001d5df4 00000004 W List_Member_Base<Object_ShapeNum_Pair*>::~List_Member_Base()
001d5df8 00000004 W List_Member_Base<Global_Hierarchy_Store*>::~List_Member_Base()
001d5df8 00000004 W List_Member_Base<Global_Hierarchy_Store*>::~List_Member_Base()
001d5dfc 00000004 W List_Member_Base<Shape_Chunk*>::~List_Member_Base()
001d5dfc 00000004 W List_Member_Base<Shape_Chunk*>::~List_Member_Base()
001d5e00 00000004 W List_Member_Base<Adjacent_AIModule_EP*>::~List_Member_Base()
001d5e00 00000004 W List_Member_Base<Adjacent_AIModule_EP*>::~List_Member_Base()
001d5e04 00000004 W List_Member<Adjacent_AIModule_EP*>::~List_Member()
001d5e04 00000004 W List_Member<Adjacent_AIModule_EP*>::~List_Member()
001d5e08 00000004 W List_Member<Global_Hierarchy_Store*>::~List_Member()
001d5e08 00000004 W List_Member<Global_Hierarchy_Store*>::~List_Member()
001d5e0c 00000004 W List_Member<Object_Chunk*>::~List_Member()
001d5e0c 00000004 W List_Member<Object_Chunk*>::~List_Member()
001d5e10 00000004 W List_Member<Hierarchy_Alternate_Shape_Set*>::~List_Member()
001d5e10 00000004 W List_Member<Hierarchy_Alternate_Shape_Set*>::~List_Member()
001d5e14 00000004 W List_Member<Object_ShapeNum_Pair*>::~List_Member()
001d5e14 00000004 W List_Member<Object_ShapeNum_Pair*>::~List_Member()
001d5e18 00000004 W List_Member<Hierarchy_Descriptor*>::~List_Member()
001d5e18 00000004 W List_Member<Hierarchy_Descriptor*>::~List_Member()
001d5e1c 00000004 W List_Member<Hierarchy_ID_Time_Pair*>::~List_Member()
001d5e1c 00000004 W List_Member<Hierarchy_ID_Time_Pair*>::~List_Member()
001d5e20 00000020 W List_Member_Base<Hierarchy_Descriptor*>::~List_Member_Base()
001d5e40 00000020 W List_Member_Base<Hierarchy_Alternate_Shape_Set*>::~List_Member_Base()
001d5e60 00000020 W List_Member<Hierarchy_Descriptor*>::~List_Member()
001d5e80 00000020 W List_Member<Hierarchy_Alternate_Shape_Set*>::~List_Member()
001d5ea0 00000020 W List_Member_Base<Object_Animation_Sequence_Chunk*>::~List_Member_Base()
001d5ec0 00000020 W List_Member<Hierarchy_ID_Time_Pair*>::~List_Member()
001d5ee0 00000020 W List_Member_Base<Hierarchy_ID_Time_Pair*>::~List_Member_Base()
001d5f00 00000020 W List_Member_Base<Object_Hierarchy_Chunk*>::~List_Member_Base()
001d5f20 00000020 W List_Member_Base<Object_Animation_Sequence_Frame_Chunk*>::~List_Member_Base()
001d5f40 00000020 W List_Member<Global_Hierarchy_Store*>::~List_Member()
001d5f60 00000020 W List_Member_Base<Global_Hierarchy_Store*>::~List_Member_Base()
001d5f80 00000020 W List_Member_Base<Object_ShapeNum_Pair*>::~List_Member_Base()
001d5fa0 00000020 W List_Member<Object_ShapeNum_Pair*>::~List_Member()
001d5fc0 00000020 W List_Member_Base<Shape_Chunk*>::~List_Member_Base()
001d5fe0 00000020 W List_Member_Base<Object_Chunk*>::~List_Member_Base()
001d6000 00000020 W List_Member<Object_Chunk*>::~List_Member()
001d6020 00000020 W List_Member_Base<Adjacent_AIModule_EP*>::~List_Member_Base()
001d6040 00000020 W List_Member<Adjacent_AIModule_EP*>::~List_Member()
001d6060 00000020 W Special_Objects_Chunk::~Special_Objects_Chunk()
001d6060 00000020 W Special_Objects_Chunk::~Special_Objects_Chunk()
001d6080 0000002c W Special_Objects_Chunk::~Special_Objects_Chunk()
001d60ac 000002ac T setup_start_position(_RifHandle*)
001d6358 000003fc T setup_paths(_RifHandle*)
001d6754 00000120 T set_environment_properties(Environment_Data_Chunk*)
001d6874 000000b4 T ConvertObjectIndexToPathIndex(int, int)
001d6928 0000002c T pre_process_shape(_RifHandle*, ChunkShape&, Chunk_With_Children*, int)
001d6958 00000050 T set_local_scale
001d69a8 000003f8 T Global_Hierarchy_Store::Global_Hierarchy_Store(_RifHandle*)
001d69a8 000003f8 T Global_Hierarchy_Store::Global_Hierarchy_Store(_RifHandle*)
001d6da0 000004a0 T Global_Hierarchy_Store::~Global_Hierarchy_Store()
001d6da0 000004a0 T Global_Hierarchy_Store::~Global_Hierarchy_Store()
001d7240 00000b90 T Global_Hierarchy_Store::setup_alternate_shape_sets(List<Object_ShapeNum_Pair*>&, File_Chunk*)
001d7dd0 000002e8 T Global_Hierarchy_Store::build_time_list(Object_Hierarchy_Chunk*)
001d80b8 00000044 T Global_Hierarchy_Store::get_time_from_sequence_id(int)
001d80fc 00000d44 T Global_Hierarchy_Store::build_hierarchy(Object_Hierarchy_Chunk*, char*)
001d8e40 00000698 T Global_Hierarchy_Store::add_hierarchy(List<Object_ShapeNum_Pair*>&, Object_Hierarchy_Chunk*)
001d94d8 00001254 t copy_rif_data_as_hierarchy(_RifHandle*, int, int, int)
001da72c 000000c4 T GetNamedHierarchyFromLibrary
001da7f0 0000000c T GetHierarchyFromLibrary
001da7fc 00000090 T GetHierarchyAlternateShapeSetFromLibrary
001da88c 00000148 T GetHierarchyAlternateShapeSetCollectionFromLibrary
001da9d4 000000b8 T GetHierarchyAlternateShapeFromId
001daa8c 00000120 T EmptyHierarchyLibrary
001dabac 00000124 T DeleteHierarchyLibraryEntry
001dacd0 0000006c T load_rif_bitmap(char const*, BMPN_Flags)
001dad3c 00000134 T GetMSLPos
001dae70 00000094 T FreeMSLPos
001daf04 00000008 T ProcessUVCoord
001daf0c 00000198 T post_process_shape
001db0a4 00000004 T DeallocateLoadedShapeheader
001db0a8 0000007c T DeallocateModules
001db124 00000020 T avp_undo_rif_load
001db144 0000006c T avp_load_rif
001db1b0 0000006c T avp_load_rif_non_env
001db21c 00000138 T setup_preplaced_decals(File_Chunk*, Environment_Data_Chunk*)
001db358 000037fc T copy_rif_data
001deb54 00000054 t LoadedPlacedHierarchy::load_rif() [clone .part.0]
001deba8 0000025c T setup_placed_hierarchies(Environment_Data_Chunk*)
001dee04 0000003c T get_object_index_from_module_index(List<Object_Chunk*>&, int)
001dee40 000004fc T save_preplaced_decals
001df33c 00000064 T check_preplaced_decal_modules
001df3a0 00000020 T DeallocateSoundsAndPoolAllocatedMemory
001df3c0 00000004 W List_Member_Base<Object_Hierarchy_Chunk*>::~List_Member_Base()
001df3c0 00000004 W List_Member_Base<Object_Hierarchy_Chunk*>::~List_Member_Base()
001df3c4 000000c8 t _GLOBAL__sub_I_LevelHasStars
001df48c 00000444 t _GLOBAL__sub_D_LevelHasStars
001df8d0 00000230 T ScreenShot
001dfb00 00000004 W AvpStrat::~AvpStrat()
001dfb00 00000004 W AvpStrat::~AvpStrat()
001dfb04 00000004 W BinSwitchStrategy::~BinSwitchStrategy()
001dfb04 00000004 W BinSwitchStrategy::~BinSwitchStrategy()
001dfb08 00000024 T AVP_Strategy_Chunk::size_chunk()
001dfb2c 00000024 T AVP_External_Strategy_Chunk::size_chunk()
001dfb50 00000008 T AvpStrat::GetStrategySize()
001dfb58 0000001c T AvpStrat::fill_data_block(char*)
001dfb74 0000000c T MiscStrategy::GetStrategySize()
001dfb80 00000008 T EnemyStrategy::GetStrategySize()
001dfb80 00000008 T SimpleStrategy::GetStrategySize()
001dfb80 00000008 T R6SwitchStrategy::GetStrategySize()
001dfb80 00000008 T GeneratorStrategy::GetStrategySize()
001dfb80 00000008 T PlacedBombStrategy::GetStrategySize()
001dfb88 0000005c T SimpleStrategy::fill_data_block(char*)
001dfbe4 00000004 W SimpleStrategy::~SimpleStrategy()
001dfbe4 00000004 W SimpleStrategy::~SimpleStrategy()
001dfbe8 00000008 T R6SimpleStrategy::GetStrategySize()
001dfbf0 0000001c T LiftStrategy::GetStrategySize()
001dfc0c 000000dc T LiftStrategy::fill_data_block(char*)
001dfce8 00000008 T PlatLiftStrategy::GetStrategySize()
001dfce8 00000008 T MummyPickupStrategy::GetStrategySize()
001dfcf0 00000040 T PlatLiftStrategy::fill_data_block(char*)
001dfd30 00000008 T DoorStrategy::GetStrategySize()
001dfd38 0000003c T DoorStrategy::fill_data_block(char*)
001dfd74 00000008 T FanStrategy::GetStrategySize()
001dfd74 00000008 T SwitchDoorStrategy::GetStrategySize()
001dfd7c 0000003c T SwitchDoorStrategy::fill_data_block(char*)
001dfdb8 00000008 T BinSwitchStrategy::GetStrategySize()
001dfdc0 0000004c T BinSwitchStrategy::fill_data_block(char*)
001dfe0c 00000010 T LinkSwitchStrategy::GetStrategySize()
001dfe1c 00000008 T ConsoleStrategy::GetStrategySize()
001dfe1c 00000008 T TextMessageStrategy::GetStrategySize()
001dfe24 00000034 T ConsoleStrategy::fill_data_block(char*)
001dfe58 00000008 T LightingStrategy::GetStrategySize()
001dfe58 00000008 T SwingDoorStrategy::GetStrategySize()
001dfe58 00000008 T DeathVolumeStrategy::GetStrategySize()
001dfe60 00000064 T LightingStrategy::fill_data_block(char*)
001dfec4 0000001c T MultiSwitchStrategy::GetStrategySize()
001dfee0 000000d8 T MultiSwitchStrategy::fill_data_block(char*)
001dffb8 0000001c T AreaSwitchStrategy::GetStrategySize()
001dffd4 00000068 T AreaSwitchStrategy::fill_data_block(char*)
001e003c 00000008 T TeleportStrategy::GetStrategySize()
001e003c 00000008 T MummyChestStrategy::GetStrategySize()
001e003c 00000008 T MissionHintStrategy::GetStrategySize()
001e003c 00000008 T SelfDestructStrategy::GetStrategySize()
001e0044 00000044 T TeleportStrategy::fill_data_block(char*)
001e0088 0000005c T EnemyStrategy::fill_data_block(char*)
001e00e4 00000048 T GeneratorStrategy::fill_data_block(char*)
001e012c 0000001c T MissionObjectiveStrategy::GetStrategySize()
001e0148 000000e4 T MissionObjectiveStrategy::fill_data_block(char*)
001e022c 00000044 T MissionHintStrategy::fill_data_block(char*)
001e0270 00000034 T TextMessageStrategy::fill_data_block(char*)
001e02a4 00000040 T TrackStrategy::GetStrategySize()
001e02e4 000000b4 T TrackStrategy::fill_data_block(char*)
001e0398 00000040 T HierarchyStrategy::GetStrategySize()
001e03d8 000000b4 T HierarchyStrategy::fill_data_block(char*)
001e048c 0000003c T FanStrategy::fill_data_block(char*)
001e04c8 00000060 T DeathVolumeStrategy::fill_data_block(char*)
001e0528 00000040 T SelfDestructStrategy::fill_data_block(char*)
001e0568 0000005c T SwingDoorStrategy::fill_data_block(char*)
001e05c4 0000006c T PlacedBombStrategy::fill_data_block(char*)
001e0630 0000004c T R6SwitchStrategy::fill_data_block(char*)
001e067c 00000008 T MummyInanimateStrategy::GetStrategySize()
001e0684 00000084 T MummyInanimateStrategy::fill_data_block(char*)
001e0708 0000004c T MummyPickupStrategy::fill_data_block(char*)
001e0754 00000008 T MummyPivotObjectStrategy::GetStrategySize()
001e0754 00000008 T MummyTriggerVolumeStrategy::GetStrategySize()
001e075c 00000070 T MummyTriggerVolumeStrategy::fill_data_block(char*)
001e07cc 00000070 T MummyPivotObjectStrategy::fill_data_block(char*)
001e083c 00000060 T MummyChestStrategy::fill_data_block(char*)
001e089c 00000008 T MummyAlterCameraRangeStrategy::GetStrategySize()
001e08a4 00000080 T MummyAlterCameraRangeStrategy::fill_data_block(char*)
001e0924 00000004 W MummyAlterCameraRangeStrategy::~MummyAlterCameraRangeStrategy()
001e0924 00000004 W MummyAlterCameraRangeStrategy::~MummyAlterCameraRangeStrategy()
001e0928 00000004 W MummyChestStrategy::~MummyChestStrategy()
001e0928 00000004 W MummyChestStrategy::~MummyChestStrategy()
001e092c 00000004 W MummyPivotObjectStrategy::~MummyPivotObjectStrategy()
001e092c 00000004 W MummyPivotObjectStrategy::~MummyPivotObjectStrategy()
001e0930 00000004 W MummyTriggerVolumeStrategy::~MummyTriggerVolumeStrategy()
001e0930 00000004 W MummyTriggerVolumeStrategy::~MummyTriggerVolumeStrategy()
001e0934 00000004 W MummyPickupStrategy::~MummyPickupStrategy()
001e0934 00000004 W MummyPickupStrategy::~MummyPickupStrategy()
001e0938 00000004 W MummyInanimateStrategy::~MummyInanimateStrategy()
001e0938 00000004 W MummyInanimateStrategy::~MummyInanimateStrategy()
001e093c 00000004 W R6SwitchStrategy::~R6SwitchStrategy()
001e093c 00000004 W R6SwitchStrategy::~R6SwitchStrategy()
001e0940 00000004 W PlacedBombStrategy::~PlacedBombStrategy()
001e0940 00000004 W PlacedBombStrategy::~PlacedBombStrategy()
001e0944 00000004 W SwingDoorStrategy::~SwingDoorStrategy()
001e0944 00000004 W SwingDoorStrategy::~SwingDoorStrategy()
001e0948 00000004 W SelfDestructStrategy::~SelfDestructStrategy()
001e0948 00000004 W SelfDestructStrategy::~SelfDestructStrategy()
001e094c 00000004 W DeathVolumeStrategy::~DeathVolumeStrategy()
001e094c 00000004 W DeathVolumeStrategy::~DeathVolumeStrategy()
001e0950 00000004 W FanStrategy::~FanStrategy()
001e0950 00000004 W FanStrategy::~FanStrategy()
001e0954 00000004 W TextMessageStrategy::~TextMessageStrategy()
001e0954 00000004 W TextMessageStrategy::~TextMessageStrategy()
001e0958 00000004 W MissionHintStrategy::~MissionHintStrategy()
001e0958 00000004 W MissionHintStrategy::~MissionHintStrategy()
001e095c 00000004 W MissionObjectiveStrategy::~MissionObjectiveStrategy()
001e095c 00000004 W MissionObjectiveStrategy::~MissionObjectiveStrategy()
001e0960 00000004 W GeneratorStrategy::~GeneratorStrategy()
001e0960 00000004 W GeneratorStrategy::~GeneratorStrategy()
001e0964 00000004 W EnemyStrategy::~EnemyStrategy()
001e0964 00000004 W EnemyStrategy::~EnemyStrategy()
001e0968 00000004 W TeleportStrategy::~TeleportStrategy()
001e0968 00000004 W TeleportStrategy::~TeleportStrategy()
001e096c 00000004 W LightingStrategy::~LightingStrategy()
001e096c 00000004 W LightingStrategy::~LightingStrategy()
001e0970 00000004 W ConsoleStrategy::~ConsoleStrategy()
001e0970 00000004 W ConsoleStrategy::~ConsoleStrategy()
001e0974 00000004 W SwitchDoorStrategy::~SwitchDoorStrategy()
001e0974 00000004 W SwitchDoorStrategy::~SwitchDoorStrategy()
001e0978 00000004 W DoorStrategy::~DoorStrategy()
001e0978 00000004 W DoorStrategy::~DoorStrategy()
001e097c 00000004 W PlatLiftStrategy::~PlatLiftStrategy()
001e097c 00000004 W PlatLiftStrategy::~PlatLiftStrategy()
001e0980 00000004 W R6SimpleStrategy::~R6SimpleStrategy()
001e0980 00000004 W R6SimpleStrategy::~R6SimpleStrategy()
001e0984 0000003c T AVP_Strategy_Chunk::~AVP_Strategy_Chunk()
001e0984 0000003c T AVP_Strategy_Chunk::~AVP_Strategy_Chunk()
001e09c0 0000003c T AVP_External_Strategy_Chunk::~AVP_External_Strategy_Chunk()
001e09c0 0000003c T AVP_External_Strategy_Chunk::~AVP_External_Strategy_Chunk()
001e09fc 00000020 W MummyAlterCameraRangeStrategy::~MummyAlterCameraRangeStrategy()
001e0a1c 00000020 W MummyChestStrategy::~MummyChestStrategy()
001e0a3c 00000020 W MummyPivotObjectStrategy::~MummyPivotObjectStrategy()
001e0a5c 00000020 W MummyTriggerVolumeStrategy::~MummyTriggerVolumeStrategy()
001e0a7c 00000020 W MummyPickupStrategy::~MummyPickupStrategy()
001e0a9c 00000020 W MummyInanimateStrategy::~MummyInanimateStrategy()
001e0abc 00000020 W R6SwitchStrategy::~R6SwitchStrategy()
001e0adc 00000020 W PlacedBombStrategy::~PlacedBombStrategy()
001e0afc 00000020 W SwingDoorStrategy::~SwingDoorStrategy()
001e0b1c 00000020 W SelfDestructStrategy::~SelfDestructStrategy()
001e0b3c 00000020 W DeathVolumeStrategy::~DeathVolumeStrategy()
001e0b5c 00000020 W FanStrategy::~FanStrategy()
001e0b7c 00000020 W TextMessageStrategy::~TextMessageStrategy()
001e0b9c 00000020 W MissionHintStrategy::~MissionHintStrategy()
001e0bbc 00000020 W MissionObjectiveStrategy::~MissionObjectiveStrategy()
001e0bdc 00000020 W GeneratorStrategy::~GeneratorStrategy()
001e0bfc 00000020 W EnemyStrategy::~EnemyStrategy()
001e0c1c 00000020 W TeleportStrategy::~TeleportStrategy()
001e0c3c 00000020 W LightingStrategy::~LightingStrategy()
001e0c5c 00000020 W ConsoleStrategy::~ConsoleStrategy()
001e0c7c 00000020 W BinSwitchStrategy::~BinSwitchStrategy()
001e0c9c 00000020 W SwitchDoorStrategy::~SwitchDoorStrategy()
001e0cbc 00000020 W DoorStrategy::~DoorStrategy()
001e0cdc 00000020 W PlatLiftStrategy::~PlatLiftStrategy()
001e0cfc 00000020 W R6SimpleStrategy::~R6SimpleStrategy()
001e0d1c 00000020 W SimpleStrategy::~SimpleStrategy()
001e0d3c 00000020 W AvpStrat::~AvpStrat()
001e0d5c 00000064 T AVP_Strategy_Chunk::output_chunk(int&)
001e0dc0 00000064 T AVP_External_Strategy_Chunk::output_chunk(int&)
001e0e24 00000034 T Virtual_Object_Properties_Chunk::~Virtual_Object_Properties_Chunk()
001e0e24 00000034 T Virtual_Object_Properties_Chunk::~Virtual_Object_Properties_Chunk()
001e0e58 00000038 T MiscStrategy::~MiscStrategy()
001e0e58 00000038 T MiscStrategy::~MiscStrategy()
001e0e90 0000002c T MiscStrategy::~MiscStrategy()
001e0ebc 00000030 T LiftStrategy::~LiftStrategy()
001e0ebc 00000030 T LiftStrategy::~LiftStrategy()
001e0eec 00000038 T LinkSwitchStrategy::~LinkSwitchStrategy()
001e0eec 00000038 T LinkSwitchStrategy::~LinkSwitchStrategy()
001e0f24 0000002c T LinkSwitchStrategy::~LinkSwitchStrategy()
001e0f50 00000030 T MultiSwitchStrategy::~MultiSwitchStrategy()
001e0f50 00000030 T MultiSwitchStrategy::~MultiSwitchStrategy()
001e0f80 0000006c T TrackStrategy::~TrackStrategy()
001e0f80 0000006c T TrackStrategy::~TrackStrategy()
001e0fec 00000020 T TrackStrategy::~TrackStrategy()
001e100c 00000014 W TrackDestructStrategy::~TrackDestructStrategy()
001e100c 00000014 W TrackDestructStrategy::~TrackDestructStrategy()
001e1020 00000020 W TrackDestructStrategy::~TrackDestructStrategy()
001e1040 00000070 T HierarchyStrategy::~HierarchyStrategy()
001e1040 00000070 T HierarchyStrategy::~HierarchyStrategy()
001e10b0 00000020 T HierarchyStrategy::~HierarchyStrategy()
001e10d0 0000004c T AVP_Strategy_Chunk::fill_data_block(char*)
001e111c 0000005c T AVP_External_Strategy_Chunk::fill_data_block(char*)
001e1178 00000020 W Virtual_Object_Chunk::~Virtual_Object_Chunk()
001e1178 00000020 W Virtual_Object_Chunk::~Virtual_Object_Chunk()
001e1198 0000002c W Virtual_Object_Chunk::~Virtual_Object_Chunk()
001e11c4 0000002c T Virtual_Object_Properties_Chunk::size_chunk()
001e11f0 0000007c T Virtual_Object_Properties_Chunk::fill_data_block(char*)
001e126c 00000030 T MiscStrategy::fill_data_block(char*)
001e129c 00000040 T Virtual_Object_Properties_Chunk::~Virtual_Object_Properties_Chunk()
001e12dc 0000003c T LiftStrategy::~LiftStrategy()
001e1318 00000090 T LinkSwitchStrategy::fill_data_block(char*)
001e13a8 00000094 T R6SimpleStrategy::fill_data_block(char*)
001e143c 00000048 T AVP_Strategy_Chunk::~AVP_Strategy_Chunk()
001e1484 00000048 T AVP_External_Strategy_Chunk::~AVP_External_Strategy_Chunk()
001e14cc 00000030 W AreaSwitchStrategy::~AreaSwitchStrategy()
001e14cc 00000030 W AreaSwitchStrategy::~AreaSwitchStrategy()
001e14fc 0000003c T MultiSwitchStrategy::~MultiSwitchStrategy()
001e1538 0000003c W AreaSwitchStrategy::~AreaSwitchStrategy()
001e1574 000000a4 t RifCreateClassObjectVirtual_Object_Chunk_294(Chunk_With_Children*, char const*)
001e1618 00000040 T TrackDestructStrategy::GetStrategySize()
001e1658 00000078 T TrackDestructStrategy::fill_data_block(char*)
001e16d0 00000080 T Virtual_Object_Properties_Chunk::Virtual_Object_Properties_Chunk(Chunk_With_Children*, char const*, unsigned int)
001e16d0 00000080 T Virtual_Object_Properties_Chunk::Virtual_Object_Properties_Chunk(Chunk_With_Children*, char const*, unsigned int)
001e1750 00000034 t RifCreateClassObjectVirtual_Object_Properties_Chunk_307(Chunk_With_Children*, char const*)
001e1784 000000c4 T R6SimpleStrategy::R6SimpleStrategy(char const*, unsigned int)
001e1784 000000c4 T R6SimpleStrategy::R6SimpleStrategy(char const*, unsigned int)
001e1848 00000160 T LiftStrategy::LiftStrategy(char const*, unsigned int)
001e1848 00000160 T LiftStrategy::LiftStrategy(char const*, unsigned int)
001e19a8 0000027c T AVP_External_Strategy_Chunk::AVP_External_Strategy_Chunk(Chunk_With_Children*, char const*, unsigned int)
001e19a8 0000027c T AVP_External_Strategy_Chunk::AVP_External_Strategy_Chunk(Chunk_With_Children*, char const*, unsigned int)
001e1c24 00000034 t RifCreateClassObjectAVP_External_Strategy_Chunk_195(Chunk_With_Children*, char const*)
001e1c58 000000e0 T LinkSwitchStrategy::LinkSwitchStrategy(char const*, unsigned int)
001e1c58 000000e0 T LinkSwitchStrategy::LinkSwitchStrategy(char const*, unsigned int)
001e1d38 000001b4 T MultiSwitchStrategy::MultiSwitchStrategy(char const*, unsigned int)
001e1d38 000001b4 T MultiSwitchStrategy::MultiSwitchStrategy(char const*, unsigned int)
001e1eec 0000006c T AreaSwitchStrategy::AreaSwitchStrategy(char const*, unsigned int)
001e1eec 0000006c T AreaSwitchStrategy::AreaSwitchStrategy(char const*, unsigned int)
001e1f58 00000174 T MissionObjectiveStrategy::MissionObjectiveStrategy(char const*, unsigned int)
001e1f58 00000174 T MissionObjectiveStrategy::MissionObjectiveStrategy(char const*, unsigned int)
001e20cc 0000011c T TrackStrategy::TrackStrategy(char const*, unsigned int)
001e20cc 0000011c T TrackStrategy::TrackStrategy(char const*, unsigned int)
001e21e8 00000080 T TrackDestructStrategy::TrackDestructStrategy(char const*, unsigned int)
001e21e8 00000080 T TrackDestructStrategy::TrackDestructStrategy(char const*, unsigned int)
001e2268 0000011c T HierarchyStrategy::HierarchyStrategy(char const*, unsigned int)
001e2268 0000011c T HierarchyStrategy::HierarchyStrategy(char const*, unsigned int)
001e2384 000000bc T MummyPivotObjectStrategy::MummyPivotObjectStrategy(char const*, unsigned int)
001e2384 000000bc T MummyPivotObjectStrategy::MummyPivotObjectStrategy(char const*, unsigned int)
001e2440 0000008c T MummyAlterCameraRangeStrategy::MummyAlterCameraRangeStrategy(char const*, unsigned int)
001e2440 0000008c T MummyAlterCameraRangeStrategy::MummyAlterCameraRangeStrategy(char const*, unsigned int)
001e24cc 00000b10 T AVP_Strategy_Chunk::AVP_Strategy_Chunk(Chunk_With_Children*, char const*, unsigned int)
001e24cc 00000b10 T AVP_Strategy_Chunk::AVP_Strategy_Chunk(Chunk_With_Children*, char const*, unsigned int)
001e2fdc 00000034 t RifCreateClassObjectAVP_Strategy_Chunk_7(Chunk_With_Children*, char const*)
001e3010 00000068 t _GLOBAL__sub_I___Chunk_Include_strachnk
001e3078 00000060 t ReadModuleMapList.constprop.0.isra.0
001e30d8 0000006c T InitialVideoMode
001e3144 000001e0 T InitCharacter
001e3324 00000068 T ProcessSystemObjects
001e338c 00000130 T RestartLevel
001e34bc 00000088 T IntegrateNewEnvironment
001e3544 000000d8 T LoadRifFile
001e361c 000000f0 T Destroy_CurrentEnvironment
001e370c 0000002c T ChangeEnvironmentToEnv
001e3738 00000070 T ExitGame
001e37a8 00000030 T InitPlayerGameInput
001e37d8 00001458 T ReadPlayerGameInput
001e4c30 00000004 T LoadKeyConfiguration
001e4c34 00000074 T LoadDefaultPrimaryConfigs
001e4ca8 000000ec T SetupVision
001e4d94 00000140 T HandlePredOVision
001e4ed4 00000074 T ChangePredatorVisionMode
001e4f48 00000110 T HandleMarineOVision
001e5058 000000c4 T HandleAlienOVision
001e511c 00000048 T IsVisionChanging
001e5164 00000148 t FixFilename
001e52ac 0000004c t try_game_directory
001e52f8 000000c0 t check_game_directory
001e53b8 0000022c T realpath
001e55e4 00000570 T fnmatch
001e5b54 00000074 T SetGameDirectories
001e5bc8 00000170 T OpenGameFile
001e5d38 00000004 T CloseGameFile
001e5d3c 000001f0 T GetGameFileAttributes
001e5f2c 0000006c T DeleteGameFile
001e5f98 00000074 T CreateGameDirectory
001e600c 00000164 T OpenGameDirectory
001e6170 000001ac T ScanGameDirectory
001e631c 00000064 T CloseGameDirectory
001e6380 000002b4 T InitGameDirectories
001e6634 000000b0 t VertexWithin_Norm_Frustrum
001e66e4 000000b4 t VertexWithin_Wide_Frustrum
001e6798 0000007c t ObjectWithin_Norm_Frustrum
001e6814 00000074 t ObjectCompletelyWithin_Norm_Frustrum
001e6888 00000008 t ObjectCompletelyWithin_Wide_Frustrum
001e6890 0000007c t ObjectWithin_Wide_Frustrum
001e690c 000000f0 t TestVerticesWith_Norm_Frustrum
001e69fc 000000f4 t TestVerticesWith_Wide_Frustrum
001e6af0 000001fc t TexturedPolygon_Wide_ClipWithPositiveX
001e6cec 00000004 t GouraudTexturedPolygon_Wide_ClipWithPositiveX
001e6cf0 00000240 t TexturedPolygon_Wide_ClipWithNegativeY
001e6f30 00000004 t GouraudTexturedPolygon_Wide_ClipWithNegativeY
001e6f34 000001f4 t TexturedPolygon_Wide_ClipWithPositiveY
001e7128 00000004 t GouraudTexturedPolygon_Wide_ClipWithPositiveY
001e712c 0000024c t TexturedPolygon_Wide_ClipWithNegativeX
001e7378 00000004 t GouraudTexturedPolygon_Wide_ClipWithNegativeX
001e737c 000001c4 t GouraudPolygon_Wide_ClipWithPositiveX
001e7540 000001d0 t GouraudPolygon_Wide_ClipWithNegativeY
001e7710 000001c0 t GouraudPolygon_Wide_ClipWithPositiveY
001e78d0 000001cc t GouraudPolygon_Wide_ClipWithNegativeX
001e7a9c 00000240 t TexturedPolygon_Norm_ClipWithPositiveX
001e7cdc 00000004 t GouraudTexturedPolygon_Norm_ClipWithPositiveX
001e7ce0 0000023c t TexturedPolygon_Norm_ClipWithNegativeY
001e7f1c 00000004 t GouraudTexturedPolygon_Norm_ClipWithNegativeY
001e7f20 00000234 t TexturedPolygon_Norm_ClipWithPositiveY
001e8154 00000004 t GouraudTexturedPolygon_Norm_ClipWithPositiveY
001e8158 00000240 t TexturedPolygon_Norm_ClipWithNegativeX
001e8398 00000004 t GouraudTexturedPolygon_Norm_ClipWithNegativeX
001e839c 00000200 t GouraudPolygon_Norm_ClipWithPositiveX
001e859c 000001cc t GouraudPolygon_Norm_ClipWithNegativeY
001e8768 000001f4 t GouraudPolygon_Norm_ClipWithPositiveY
001e895c 000001d0 t GouraudPolygon_Norm_ClipWithNegativeX
001e8b2c 00000184 T SetFrustrumType
001e8cb0 00000258 T GouraudPolygon_ClipWithZ
001e8f08 000002d8 T TexturedPolygon_ClipWithZ
001e91e0 00000004 T GouraudTexturedPolygon_ClipWithZ
001e91e4 00000228 T PolygonWithinFrustrum
001e940c 000000d0 T DecalWithinFrustrum
001e94dc 00000098 T QuadWithinFrustrum
001e9574 0000007c T TriangleWithinFrustrum
001e95f0 000000e8 t VertexIntensity_Alien_Sense
001e96d8 0000005c t VertexIntensity_FullBright
001e9734 00000094 t TranslatePoint
001e97c8 000001a8 t VertexIntensity_Pred_SeePredatorTech
001e9970 000001dc t VertexIntensity_Pred_SeeAliens
001e9b4c 000002a8 t VertexIntensity_Pred_Thermal
001e9df4 000002b8 t VertexIntensity_ImageIntensifier
001ea0ac 000003fc t VertexIntensity_Standard_Opt
001ea4a8 00000410 t VertexIntensity_Underwater
001ea8b8 000004f4 t VertexIntensity_DiscoInferno
001eadac 00000068 t DecalPolygon_Construct.isra.0
001eae14 00000030 T InitialiseLightIntensityStamps
001eae44 000000a8 T SetupShapePipeline
001eaeec 000000d8 T ChooseLightingModel
001eafc4 00000358 T PredatorThermalVision_ShapePipeline
001eb31c 0000004c T GetTxAnimArrayZ
001eb368 00000058 T GetTxAnimDataZ
001eb3c0 00000054 T GetTxAnimHeaderFromShape
001eb414 0000008c T UpdateTxAnim
001eb4a0 0000010c T GetMVSIndex
001eb5ac 000003c0 T CreateTxAnimUVArray
001eb96c 000002dc t CloakedPolygon_Construct
001ebc48 00000324 T PredatorSeeAliensVision_ShapePipeline
001ebf6c 00000274 T TranslationSetup
001ec1e0 0000006c T TranslatePointIntoViewspace
001ec24c 00000150 T SquishPoints
001ec39c 000001ec T MorphPoints
001ec588 000001e8 T TranslateShapeVertices
001ec770 00000554 T RenderParticle
001eccc4 000000a4 t FindAlienEnergySource_Recursion.isra.0
001ecd68 0000017c T DoAlienEnergyView
001ecee4 0000034c T RenderFlechetteParticle
001ed230 000001bc T RenderMirroredDecal
001ed3ec 000001b0 T RenderDecal
001ed59c 00000014 T ClearTranslucentPolyList
001ed5b0 000000b8 T AddToTranslucentPolyList
001ed668 00000f94 T ShapePipeline
001ee5fc 000003c4 T AddShape
001ee9c0 00000180 T AddHierarchicalShape
001eeb40 000000e4 T OutputTranslucentPolyList
001eec24 00000178 T RenderMirrorSurface
001eed9c 00000178 T RenderMirrorSurface2
001eef14 000003cc T RenderSky
001ef2e0 000004b8 T RenderPredatorTargetingSegment
001ef798 000001bc T RenderPredatorPlasmaCasterCharge
001ef958 0000022c T RenderLightFlare
001efb84 000003f0 T RenderExplosionSurface
001eff74 00000208 T RenderInsideAlienTongue
001f017c 00000104 T CreateStarArray
001f0280 000001d8 T RenderStarfield
001f0458 00000028 T MapPostProcessing
001f0480 000000b4 T MapSetVDB
001f0534 00000068 T MapBlockInit
001f059c 00000104 T ReadMap
001f06a0 00000024 T ADD_LL_PP
001f06c4 0000000c T MUL_I_WIDE
001f06d0 0000003c T CMP_LL
001f070c 00000050 T DIV_FIXED
001f075c 00000018 T NarrowDivide
001f0774 00000014 T WideMulNarrowDiv
001f0788 00000030 T SqRoot32
001f07b8 0000003c T ConstructOneOverSinTable
001f07f4 00000018 T GetOneOverSin
001f080c 0000004c T _DotProduct
001f0858 00000044 T VectorDistance
001f089c 00000124 T CreateEulerMatrix
001f09c0 00000264 T MatrixMultiply
001f0c24 00000034 T TransposeMatrixCH
001f0c58 00000014 T CopyVector
001f0c6c 00000014 T CopyLocation
001f0c80 00000014 T CopyEuler
001f0c94 00000048 T CopyMatrix
001f0cdc 00000034 T MakeVector
001f0d10 00000030 T AddVector
001f0d40 00000030 T SubVector
001f0d70 000000c4 T _RotateVector
001f0e34 000000dc T _RotateAndCopyVector
001f0f10 00000344 T MatrixToEuler
001f1254 00000194 T MNormalise
001f13e8 00000044 T ArcCos
001f142c 00000044 T ArcSin
001f1470 00000158 T ArcTan
001f15c8 000000a0 T MatrixFromZVector
001f1668 0000005c T FandVD_Distance_3d
001f16c4 000000e0 T MakeVectorLocal
001f17a4 00000184 T PointInPolygon
001f1928 00000050 T FastRandom
001f1978 0000005c T SeededFastRandom
001f19d4 00000094 T SetSeededFastRandom
001f1a68 0000009c T SetFastRandom
001f1b04 0000008c T MagnitudeOfCrossProduct
001f1b90 00000090 T CrossProduct
001f1c20 0000005c T Approximate3dMagnitude
001f1c7c 000000e0 T QuatToMat
001f1d5c 00000a08 T MD5Transform
001f2764 000000e4 T MD5Update
001f2848 000000bc T MD5Final
001f2908 00000078 T md5_buffer
001f2980 00000260 t RenderSmallFontString
001f2be0 0000003c T LengthOfMenuText
001f2c1c 00000038 T LengthOfSmallMenuText
001f2c54 000005e8 T RenderSmallFontString_Wrapped
001f323c 000000cc T RenderSmallMenuText
001f3308 000000c0 T RenderSmallMenuText_Coloured
001f33c8 0000013c T RenderKeyConfigRectangle
001f3504 000000fc T RenderHighlightRectangle
001f3600 000000a8 T LoadAvPMenuGfx
001f36a8 0000031c T LoadAllAvPMenuGfx
001f39c4 00000028 T InitialiseMenuGfx
001f39ec 00000054 T ReleaseAllAvPMenuGfx
001f3a40 000002f8 T DrawAvPMenuGfx
001f3d38 00000634 T RenderMenuText
001f436c 000001f8 T DrawAvPMenuGfx_Faded
001f4564 0000039c T DrawAvPMenuGfx_Clipped
001f4900 000006d4 T RenderMenuText_Clipped
001f4fd4 00000018 T HeightOfMenuGfx
001f4fec 00000120 T FadedScreen
001f510c 000000a0 T ClearScreenToBlack
001f51ac 00000198 t AllocateModuleObject.part.0.constprop.0
001f5344 00000078 T FindVisibleModules
001f53bc 000000b4 T ThisObjectIsInAModuleVisibleFromCurrentlyVisibleModules
001f5470 00000024 T AllocateModuleObject
001f5494 0000002c T DeallocateModuleVisArrays
001f54c0 00000104 T GetModuleVisArrays
001f55c4 00000090 T ConvertModuleNameToPointer
001f5654 000000a0 T ConvertVModuleNameToPointer
001f56f4 00000098 T PreprocessVMODIDATA
001f578c 00000058 T PreprocessModuleArray
001f57e4 0000003c T PreprocessAllModules
001f5820 000000f8 T IsModuleVisibleFromModule
001f5918 000003e8 T AllNewModuleHandler
001f5d00 0000009c T IsAIModuleVisibleFromAIModule
001f5d9c 000000b4 T UpdateMorphing
001f5e50 0000005c T GetMorphDisplay
001f5eac 00000040 T DpExtInit
001f5eec 00000028 T DpExtUnInit
001f5f14 00000008 T DpExtRecv
001f5f1c 00000008 T DpExtSend
001f5f24 00000030 T DirectPlay_ConnectingToLobbiedGame
001f5f54 0000002c T DirectPlay_ConnectingToSession
001f5f80 00000030 T DirectPlay_UpdateSessionList
001f5fb0 000000c0 T DirectPlay_HostGame
001f6070 00000038 T DirectPlay_ConnectToSession
001f60a8 0000002c T DirectPlay_Disconnect
001f60d4 00000048 T IDirectPlayX_GetPlayerName
001f611c 0000006c T InitialiseObjectBlocks
001f6188 00000080 T CreateActiveObject
001f6208 0000004c T InitialiseTxAnimBlocks
001f6254 0000004c T InitialiseLightBlocks
001f62a0 000000b4 T AddLightBlock
001f6354 0000009c T DeleteLightBlock
001f63f0 0000012c t DestroyActiveObject.part.0
001f651c 00000014 T DestroyActiveObject
001f6530 00000094 t ChooseNextFrame
001f65c4 00000030 T CopyAnimationFrameToShape
001f65f4 000001fc T DoShapeAnimation
001f67f0 00000048 T DoAllShapeAnimations
001f6838 000000fc T SetShapeAnimationSequence
001f6934 00000030 T InitShapeAnimationController
001f6964 00000024 T InitShapeAnimationControlData
001f6988 000000c4 T SetOrphanedShapeAnimationSequence
001f6a4c 00000754 T Generate_Sphere
001f71a0 0000002c T ATRemoveSurface
001f71cc 0000002c T ATRemoveTexture
001f71f8 00000008 T GetTextureHandle
001f7200 00000004 T ReleaseDirect3DNotDDOrImages
001f7204 00000004 T ReleaseDirect3D
001f7208 00000004 T InitDrawTest
001f720c 00000034 T CheckWireFrameMode
001f7240 00000004 T MinimizeAllDDGraphics
001f7244 00000004 T finiObjectsExceptDD
001f7248 00000004 T finiObjects
001f724c 00000028 T UnlockSurface
001f7274 00000008 T ChangeDirectDrawObject
001f727c 00000008 T SelectDirectDrawObject
001f7284 00000004 T GenerateDirectDrawSurface
001f7288 00000080 T dx_str_log
001f7308 00000098 T dx_strf_log
001f73a0 00000068 T dx_line_log
001f7408 000000f8 T MakeClipPlane
001f7500 000001fc T VDBClipPlanes
001f76fc 000001a0 T SetVDB
001f789c 0000003c T InitialiseVDBs
001f78d8 000000a8 T CreateActiveVDB
001f7980 00000070 T DestroyActiveVDB
001f79f0 00000010 T GiveVersionDetails
001f7a00 0000009c T Animation_Chunk::size_chunk()
001f7a9c 00000064 T Animation_Chunk::output_chunk(int&)
001f7b00 00000150 T Animation_Chunk::fill_data_block(char*)
001f7c50 0000025c T Animation_Chunk::Animation_Chunk(Chunk_With_Children*, char const*, unsigned int)
001f7c50 0000025c T Animation_Chunk::Animation_Chunk(Chunk_With_Children*, char const*, unsigned int)
001f7eac 00000034 t RifCreateClassObjectAnimation_Chunk_6(Chunk_With_Children*, char const*)
001f7ee0 0000007c T TEXANIM::~TEXANIM()
001f7ee0 0000007c T TEXANIM::~TEXANIM()
001f7f5c 00000070 T Animation_Chunk::~Animation_Chunk()
001f7f5c 00000070 T Animation_Chunk::~Animation_Chunk()
001f7fcc 00000020 T Animation_Chunk::~Animation_Chunk()
001f7fec 00000018 t _GLOBAL__sub_I___Chunk_Include_animchnk
001f8004 00000018 W Object_Animation_Sequence_Frame_Chunk::size_chunk()
001f801c 00000010 W Object_Animation_Sequence_Time_Chunk::size_chunk()
001f802c 00000010 W Object_Animation_Sequence_Speed_Chunk::size_chunk()
001f803c 00000010 W Object_Animation_Sequence_Flags_Chunk::size_chunk()
001f804c 00000054 T Object_Animation_All_Sequence_Chunk::size_chunk()
001f80a0 00000004 W List_Member<Object_Animation_Sequence_Chunk*>::~List_Member()
001f80a0 00000004 W List_Member<Object_Animation_Sequence_Chunk*>::~List_Member()
001f80a4 00000004 W List_Member<Object_Animation_Sequence_Frame_Chunk*>::~List_Member()
001f80a4 00000004 W List_Member<Object_Animation_Sequence_Frame_Chunk*>::~List_Member()
001f80a8 000000b0 T Object_Animation_Sequence_Frame_Chunk::fill_data_block(char*)
001f8158 0000002c T Object_Animation_Sequence_Time_Chunk::fill_data_block(char*)
001f8184 0000003c T Object_Animation_Sequence_Speed_Chunk::fill_data_block(char*)
001f81c0 0000002c T Object_Animation_Sequence_Flags_Chunk::fill_data_block(char*)
001f81ec 000000c0 T Object_Animation_All_Sequence_Chunk::fill_data_block(char*)
001f82ac 00000090 T Object_Animation_Sequence_Header_Chunk::fill_data_block(char*)
001f833c 00000044 T Object_Animation_Sequence_Header_Chunk::~Object_Animation_Sequence_Header_Chunk()
001f833c 00000044 T Object_Animation_Sequence_Header_Chunk::~Object_Animation_Sequence_Header_Chunk()
001f8380 00000020 W Object_Animation_Sequence_Flags_Chunk::~Object_Animation_Sequence_Flags_Chunk()
001f8380 00000020 W Object_Animation_Sequence_Flags_Chunk::~Object_Animation_Sequence_Flags_Chunk()
001f83a0 00000020 W Object_Animation_Sequence_Speed_Chunk::~Object_Animation_Sequence_Speed_Chunk()
001f83a0 00000020 W Object_Animation_Sequence_Speed_Chunk::~Object_Animation_Sequence_Speed_Chunk()
001f83c0 00000020 W Object_Animation_Sequence_Time_Chunk::~Object_Animation_Sequence_Time_Chunk()
001f83c0 00000020 W Object_Animation_Sequence_Time_Chunk::~Object_Animation_Sequence_Time_Chunk()
001f83e0 00000020 W List_Member<Object_Animation_Sequence_Frame_Chunk*>::~List_Member()
001f8400 00000020 W List_Member<Object_Animation_Sequence_Chunk*>::~List_Member()
001f8420 0000002c W Object_Animation_Sequence_Flags_Chunk::~Object_Animation_Sequence_Flags_Chunk()
001f844c 0000002c W Object_Animation_Sequence_Speed_Chunk::~Object_Animation_Sequence_Speed_Chunk()
001f8478 0000002c W Object_Animation_Sequence_Time_Chunk::~Object_Animation_Sequence_Time_Chunk()
001f84a4 00000038 W Object_Animation_Sequence_Frame_Chunk::~Object_Animation_Sequence_Frame_Chunk()
001f84a4 00000038 W Object_Animation_Sequence_Frame_Chunk::~Object_Animation_Sequence_Frame_Chunk()
001f84dc 0000005c W Object_Animation_Sequence_Header_Chunk::size_chunk()
001f8538 00000044 t RifCreateClassObjectObject_Animation_Sequence_Time_Chunk_367(Chunk_With_Children*, char const*)
001f857c 0000004c t RifCreateClassObjectObject_Animation_Sequence_Speed_Chunk_390(Chunk_With_Children*, char const*)
001f85c8 00000044 t RifCreateClassObjectObject_Animation_Sequence_Flags_Chunk_414(Chunk_With_Children*, char const*)
001f860c 00000020 W Object_Animation_Sequence_Chunk::~Object_Animation_Sequence_Chunk()
001f860c 00000020 W Object_Animation_Sequence_Chunk::~Object_Animation_Sequence_Chunk()
001f862c 0000002c W Object_Animation_Sequence_Chunk::~Object_Animation_Sequence_Chunk()
001f8658 00000020 W Object_Animation_Sequences_Chunk::~Object_Animation_Sequences_Chunk()
001f8658 00000020 W Object_Animation_Sequences_Chunk::~Object_Animation_Sequences_Chunk()
001f8678 0000002c W Object_Animation_Sequences_Chunk::~Object_Animation_Sequences_Chunk()
001f86a4 00000084 W Object_Animation_All_Sequence_Chunk::~Object_Animation_All_Sequence_Chunk()
001f86a4 00000084 W Object_Animation_All_Sequence_Chunk::~Object_Animation_All_Sequence_Chunk()
001f8728 00000044 W Object_Animation_Sequence_Frame_Chunk::~Object_Animation_Sequence_Frame_Chunk()
001f876c 00000050 T Object_Animation_Sequence_Header_Chunk::~Object_Animation_Sequence_Header_Chunk()
001f87bc 00000090 W Object_Animation_All_Sequence_Chunk::~Object_Animation_All_Sequence_Chunk()
001f884c 000000a4 t RifCreateClassObjectObject_Animation_Sequences_Chunk_214(Chunk_With_Children*, char const*)
001f88f0 000000a4 t RifCreateClassObjectObject_Animation_Sequence_Chunk_523(Chunk_With_Children*, char const*)
001f8994 000000f8 T Object_Animation_Sequence_Frame_Chunk::Object_Animation_Sequence_Frame_Chunk(Chunk_With_Children*, char const*, unsigned int)
001f8994 000000f8 T Object_Animation_Sequence_Frame_Chunk::Object_Animation_Sequence_Frame_Chunk(Chunk_With_Children*, char const*, unsigned int)
001f8a8c 00000034 t RifCreateClassObjectObject_Animation_Sequence_Frame_Chunk_9(Chunk_With_Children*, char const*)
001f8ac0 00000104 T Object_Animation_Sequence_Header_Chunk::Object_Animation_Sequence_Header_Chunk(Chunk_With_Children*, char const*, unsigned int)
001f8ac0 00000104 T Object_Animation_Sequence_Header_Chunk::Object_Animation_Sequence_Header_Chunk(Chunk_With_Children*, char const*, unsigned int)
001f8bc4 00000034 t RifCreateClassObjectObject_Animation_Sequence_Header_Chunk_112(Chunk_With_Children*, char const*)
001f8bf8 0000000c T Object_Animation_Sequence_Chunk::get_header()
001f8c04 00000218 T Object_Animation_Sequence_Chunk::get_frames(List<Object_Animation_Sequence_Frame_Chunk*>*)
001f8e1c 00000218 T Object_Animation_Sequences_Chunk::list_sequences(List<Object_Animation_Sequence_Chunk*>*)
001f9034 0000001c T Object_Animation_Sequence_Chunk::get_sequence_time()
001f9050 0000012c T Object_Animation_All_Sequence_Chunk::Object_Animation_All_Sequence_Chunk(Chunk_With_Children*, char const*, unsigned int)
001f9050 0000012c T Object_Animation_All_Sequence_Chunk::Object_Animation_All_Sequence_Chunk(Chunk_With_Children*, char const*, unsigned int)
001f917c 00000034 t RifCreateClassObjectObject_Animation_All_Sequence_Chunk_430(Chunk_With_Children*, char const*)
001f91b0 000000c8 t _GLOBAL__sub_I___Chunk_Include_animobs
001f9278 00000008 T AwBmpLoader::AreRowsReversed()
001f9280 00000050 T AwTlCreateClassObject_AwBmpLoader_188()
001f92d0 00000028 W AwTl::RefCntObj::~RefCntObj()
001f92d0 00000028 W AwTl::RefCntObj::~RefCntObj()
001f92f8 0000002c W AwTl::RefCntObj::~RefCntObj()
001f9324 00000020 W AwBmpLoader::~AwBmpLoader()
001f9324 00000020 W AwBmpLoader::~AwBmpLoader()
001f9344 0000002c W AwBmpLoader::~AwBmpLoader()
001f9370 0000018c W MediaMedium::MovePos(int)
001f94fc 00000494 T AwBmpLoader::GetPalette()
001f9990 00000158 W MediaRead(MediaMedium*, unsigned char*)
001f9ae8 00000470 T AwBmpLoader::LoadNextRow(AwTl::PtrUnion)
001f9f58 00000590 W MediaRead(MediaMedium*, unsigned int*)
001fa4e8 00000398 T AwBmpLoader::LoadHeaderInfo(MediaMedium*)
001fa880 00000014 t _GLOBAL__sub_I__ZN11AwBmpLoader14LoadHeaderInfoEP11MediaMedium
001fa894 00000008 T AwIffLoader::GetNumColours()
001fa89c 00000008 T AwIffLoader::GetMinPaletteSize()
001fa8a4 00000008 T AwIffLoader::GetPalette()
001fa8ac 00000010 T AwIffLoader::GetTransparentColour()
001fa8bc 00000004 T AwIffLoader::LoadNextRow(AwTl::PtrUnion)
001fa8c0 00000010 T AwIffLoader::CreateBackupTexture()
001fa8d0 00000004 W List_Member_Base<IFF::IlbmBodyChunk*>::~List_Member_Base()
001fa8d0 00000004 W List_Member_Base<IFF::IlbmBodyChunk*>::~List_Member_Base()
001fa8d4 00000004 W List_Member<IFF::IlbmBodyChunk*>::~List_Member()
001fa8d4 00000004 W List_Member<IFF::IlbmBodyChunk*>::~List_Member()
001fa8d8 00000020 W List_Member<IFF::IlbmBodyChunk*>::~List_Member()
001fa8f8 00000020 W List_Member_Base<IFF::IlbmBodyChunk*>::~List_Member_Base()
001fa918 00000010 T AwIffLoader::GetRowPtr(unsigned int)
001fa928 000000a0 T AwTlCreateClassObject_AwIffLoader_486()
001fa9c8 00000004 T AwTlCreateClassObject_AwIffLoader_487()
001fa9cc 00000004 T AwTlCreateClassObject_AwIffLoader_488()
001fa9d0 00000028 W IFF::Unknown::~Unknown()
001fa9d0 00000028 W IFF::Unknown::~Unknown()
001fa9f8 0000002c W IFF::Unknown::~Unknown()
001faa24 00000060 T AwIffLoader::OnFinishLoading(bool)
001faa24 00000060 T AwIffLoader::OnFinishRestoring(bool)
001faa84 000000ac T AwIffLoader::HasTransparentMask(bool)
001fab30 00000144 T AwIffLoader::Enumerator(IFF::Chunk*, void*)
001fac74 00000168 T AwIffLoader::LoadHeaderInfo(MediaMedium*)
001faddc 00000160 T AwIffLoader::~AwIffLoader()
001faddc 00000160 T AwIffLoader::~AwIffLoader()
001faf3c 00000020 T AwIffLoader::~AwIffLoader()
001faf5c 000002fc t AwIffLoader::OnBeginRestoring(unsigned int) [clone .part.0]
001fb258 0000002c T AwIffLoader::OnBeginRestoring(unsigned int)
001fb284 00000064 T AwIffLoader::AllocateBuffers(bool, unsigned int)
001fb2e8 00000348 W AwIffConvTransp::DoConv(unsigned int const*, AwTl::Colour const*, unsigned int)
001fb630 00000754 W AwTl::GenericConvertRow<AwIffConvNonTransp, unsigned int>::Do(AwTl::PtrUnion, unsigned int, unsigned int const*, unsigned int, AwTl::Colour const*, unsigned int)
001fbd84 00000324 W AwTl::GenericConvertRow<AwIffConvTransp, unsigned int>::Do(AwTl::PtrUnion, unsigned int, unsigned int const*, unsigned int, AwTl::Colour const*, unsigned int)
001fc0a8 000004bc T AwIffLoader::ConvertRow(AwTl::PtrUnion, unsigned int, AwTl::PtrUnionConst, unsigned int, unsigned int, AwTl::Colour*, unsigned int)
001fc564 0000007c t _GLOBAL__sub_I__ZN15AwIffConvTransp10iTranspColE
001fc5e0 00000008 T AwPpmLoader::GetPalette()
001fc5e8 000000d0 T AwPgmLoader::GetPalette()
001fc6b8 0000008c T AwPbmLoader::GetPalette()
001fc744 00000050 T AwTlCreateClassObject_AwPpmLoader_235()
001fc794 00000050 T AwTlCreateClassObject_AwPgmLoader_236()
001fc7e4 00000050 T AwTlCreateClassObject_AwPbmLoader_237()
001fc834 00000020 W AwPbmLoader::~AwPbmLoader()
001fc834 00000020 W AwPbmLoader::~AwPbmLoader()
001fc854 0000002c W AwPbmLoader::~AwPbmLoader()
001fc880 00000020 W AwPgmLoader::~AwPgmLoader()
001fc880 00000020 W AwPgmLoader::~AwPgmLoader()
001fc8a0 0000002c W AwPgmLoader::~AwPgmLoader()
001fc8cc 00000020 W AwPpmLoader::~AwPpmLoader()
001fc8cc 00000020 W AwPpmLoader::~AwPpmLoader()
001fc8ec 0000002c W AwPpmLoader::~AwPpmLoader()
001fc918 00000110 T AwPgmLoader::LoadNextRow(AwTl::PtrUnion)
001fca28 000001c8 T AwPbmLoader::LoadNextRow(AwTl::PtrUnion)
001fcbf0 0000082c T AwPpmLoader::LoadNextRow(AwTl::PtrUnion)
001fd41c 00000470 T AwPnmLoader::ParseHeader(unsigned int, ...)
001fd88c 00000080 T AwPpmLoader::LoadHeaderInfo(MediaMedium*)
001fd90c 00000094 T AwPgmLoader::LoadHeaderInfo(MediaMedium*)
001fd9a0 00000038 T AwPbmLoader::LoadHeaderInfo(MediaMedium*)
001fd9d8 00000044 t _GLOBAL__sub_I__ZN11AwPnmLoader11ParseHeaderEjz
001fda1c 00000008 T AwBackupTexture::HasTransparentMask(bool)
001fda24 00000008 T AwBackupTexture::GetTransparentColour()
001fda2c 00000008 T AwBackupTexture::AreRowsReversed()
001fda34 00000004 T AwBackupTexture::OnFinishRestoring(bool)
001fda34 00000004 T AwTl::TexFileLoader::OnFinishLoading(bool)
001fda38 00000008 T AwTl::TypicalBackupTexture::GetPalette()
001fda40 0000000c T AwTl::TypicalBackupTexture::GetRowPtr(unsigned int)
001fda4c 00000004 T AwTl::TypicalBackupTexture::LoadNextRow(AwTl::PtrUnion)
001fda50 00000008 T AwTl::TypicalBackupTexture::GetNumColours()
001fda50 00000008 T AwTl::TypicalBackupTexture::GetMinPaletteSize()
001fda58 00000008 T AwTl::TypicalTexFileLoader::GetNumColours()
001fda58 00000008 T AwTl::TypicalTexFileLoader::GetMinPaletteSize()
001fda60 00000014 T AwTl::TypicalTexFileLoader::GetRowPtr(unsigned int)
001fda74 00000004 W List_Member_Base<AwTl::AdditionalPixelFormat>::~List_Member_Base()
001fda74 00000004 W List_Member_Base<AwTl::AdditionalPixelFormat>::~List_Member_Base()
001fda78 000000fc T AwTl::TypicalTexFileLoader::CreateBackupTexture()
001fdb74 00000034 W _base_HashTable<AwTl::RefCntObj*, AwTl::RefCntObj* const&, AwTl::RefCntObj* const&>::NewNode(AwTl::RefCntObj* const&, _base_HashTable<AwTl::RefCntObj*, AwTl::RefCntObj* const&, AwTl::RefCntObj* const&>::Node*)
001fdba8 00000008 W _base_HashTable<AwTl::RefCntObj*, AwTl::RefCntObj* const&, AwTl::RefCntObj* const&>::NewNode()
001fdbb0 00000020 W List_Member_Base<AwTl::AdditionalPixelFormat>::~List_Member_Base()
001fdbd0 00000010 W _base_HashTable<AwTl::RefCntObj*, AwTl::RefCntObj* const&, AwTl::RefCntObj* const&>::DeleteNode(_base_HashTable<AwTl::RefCntObj*, AwTl::RefCntObj* const&, AwTl::RefCntObj* const&>::Node*)
001fdbe0 00000224 T AwTl::TypicalTexFileLoader::AllocateBuffers(bool, unsigned int)
001fde04 000005a4 t AwTl::ParseParams(AwTl::CreateTextureParms*, char const*, std::__va_list) [clone .constprop.0]
001fe3a8 00000034 T AwBackupTexture::OnBeginRestoring(unsigned int)
001fe3dc 000000f0 W MediaStdFileMedium::~MediaStdFileMedium()
001fe4cc 00000308 t AwTl::CreateLoaderObject(MediaMedium*) [clone .constprop.0]
001fe7d4 000000e4 W MediaStdFileMedium::~MediaStdFileMedium()
001fe7d4 000000e4 W MediaStdFileMedium::~MediaStdFileMedium()
001fe8b8 00000098 T AwTl::DbRemember(AwTl::RefCntObj*)
001fe950 0000009c T AwTl::DbForget(AwTl::RefCntObj*)
001fe9ec 00000084 W AwTl::TypicalBackupTexture::~TypicalBackupTexture()
001fe9ec 00000084 W AwTl::TypicalBackupTexture::~TypicalBackupTexture()
001fea70 00000090 W AwTl::TypicalBackupTexture::~TypicalBackupTexture()
001feb00 00000144 T AwBackupTexture::ChoosePixelFormat(AwTl::CreateTextureParms const&)
001fec44 00000088 T AwTl::TypicalTexFileLoader::~TypicalTexFileLoader()
001fec44 00000088 T AwTl::TypicalTexFileLoader::~TypicalTexFileLoader()
001feccc 00000224 W AwTl::MagicFileIdTree::~MagicFileIdTree()
001feccc 00000224 W AwTl::MagicFileIdTree::~MagicFileIdTree()
001feef0 00000040 t __tcf_ZZN4AwTl14RegisterLoaderEPKcPFPNS_13TexFileLoaderEvEE5mfidt
001fef30 00000128 T AwTl::RegisterLoader(char const*, AwTl::TexFileLoader* (*)())
001ff058 00000008 T AwDestroyBackupTexture
001ff060 00000a14 W AwTl::GenericConvertRow<AwTl::Colour::ConvTransp, unsigned char>::Do(AwTl::PtrUnion, unsigned int, unsigned char const*, unsigned int, AwTl::Colour const*, unsigned int)
001ffa74 00000738 W AwTl::GenericConvertRow<AwTl::Colour::ConvNonTransp, unsigned char>::Do(AwTl::PtrUnion, unsigned int, unsigned char const*, unsigned int, AwTl::Colour const*, unsigned int)
002001ac 000011fc T AwBackupTexture::ConvertRow(AwTl::PtrUnion, unsigned int, AwTl::PtrUnionConst, unsigned int, unsigned int, AwTl::Colour*, unsigned int)
002013a8 0000035c T AwBackupTexture::CreateTexture(AwTl::CreateTextureParms const&)
00201704 000001fc T AwBackupTexture::Restore(AwTl::CreateTextureParms const&)
00201900 00000204 T AwTl::TexFileLoader::Load(MediaMedium*, AwTl::CreateTextureParms const&)
00201b04 00000414 t AwTl::LoadTexture(MediaMedium*, AwTl::CreateTextureParms const&) [clone .constprop.0]
00201f18 0000044c T AwTl::CreateTextureParms::DoCreate() const
00202364 000000a0 T AwTl::LoadFromParams(AwTl::CreateTextureParms*)
00202408 000000a4 T AwCreateTexture
002024b0 000000e8 T AwCreateSurface
00202598 000000a0 W _base_HashTable<AwTl::RefCntObj*, AwTl::RefCntObj* const&, AwTl::RefCntObj* const&>::Node::DeleteChain()
00202638 00000128 W _base_HashTable<AwTl::RefCntObj*, AwTl::RefCntObj* const&, AwTl::RefCntObj* const&>::~_base_HashTable()
00202638 00000128 W _base_HashTable<AwTl::RefCntObj*, AwTl::RefCntObj* const&, AwTl::RefCntObj* const&>::~_base_HashTable()
00202760 00000020 W _base_HashTable<AwTl::RefCntObj*, AwTl::RefCntObj* const&, AwTl::RefCntObj* const&>::~_base_HashTable()
00202780 00000020 W HashTable<AwTl::RefCntObj*>::~HashTable()
00202780 00000020 W HashTable<AwTl::RefCntObj*>::~HashTable()
002027a0 0000002c W HashTable<AwTl::RefCntObj*>::~HashTable()
002027cc 00000120 W AwTl::AllocList::~AllocList()
002027cc 00000120 W AwTl::AllocList::~AllocList()
002028ec 0000012c W AwTl::AllocList::~AllocList()
00202a18 000000e8 t _GLOBAL__sub_I__ZN4AwTl11pixelFormatE
00202b00 00000228 t _GLOBAL__sub_D__ZN4AwTl11pixelFormatE
00202d28 00000008 W External_Shape_BMPs_Store_Chunk::get_version_num()
00202d30 00000008 W External_Shape_BMPs_Store_Chunk::set_version_num(int)
00202d38 00000010 W External_Shape_BMPs_Store_Chunk::inc_version_num()
00202d48 00000008 W External_Shape_BMPs_Store_Chunk::GetExtendedData()
00202d50 00000010 T BMP_Names_Version_Chunk::size_chunk()
00202d60 00000010 T BMP_Names_ExtraData_Chunk::size_chunk()
00202d70 00000004 W List_Member_Base<BMP_Name>::~List_Member_Base()
00202d70 00000004 W List_Member_Base<BMP_Name>::~List_Member_Base()
00202d74 00000004 W List_Member_Base<MatchingImages>::~List_Member_Base()
00202d74 00000004 W List_Member_Base<MatchingImages>::~List_Member_Base()
00202d78 00000054 T Bitmap_MD5_Chunk::size_chunk()
00202dcc 00000038 W List_Member<BMP_Name>::~List_Member()
00202dcc 00000038 W List_Member<BMP_Name>::~List_Member()
00202e04 00000044 t RifCreateClassObjectBMP_Names_Version_Chunk_407(Chunk_With_Children*, char const*)
00202e48 00000080 t RifCreateClassObjectBMP_Names_ExtraData_Chunk_438(Chunk_With_Children*, char const*)
00202ec8 00000020 W List_Member_Base<BMP_Name>::~List_Member_Base()
00202ee8 00000020 W List_Member_Base<MatchingImages>::~List_Member_Base()
00202f08 0000002c W List_Member<BMP_Name>::~List_Member()
00202f34 0000002c T BMP_Names_Version_Chunk::fill_data_block(char*)
00202f60 0000004c T BMP_Names_ExtraData_Chunk::fill_data_block(char*)
00202fac 00000020 W BMP_Names_ExtraData_Chunk::~BMP_Names_ExtraData_Chunk()
00202fac 00000020 W BMP_Names_ExtraData_Chunk::~BMP_Names_ExtraData_Chunk()
00202fcc 0000002c W BMP_Names_ExtraData_Chunk::~BMP_Names_ExtraData_Chunk()
00202ff8 00000020 W BMP_Names_Version_Chunk::~BMP_Names_Version_Chunk()
00202ff8 00000020 W BMP_Names_Version_Chunk::~BMP_Names_Version_Chunk()
00203018 0000002c W BMP_Names_Version_Chunk::~BMP_Names_Version_Chunk()
00203044 00000054 T Bitmap_MD5_Chunk::~Bitmap_MD5_Chunk()
00203044 00000054 T Bitmap_MD5_Chunk::~Bitmap_MD5_Chunk()
00203098 000000a4 T Bitmap_MD5_Chunk::fill_data_block(char*)
0020313c 0000013c W Matching_Images_Chunk::~Matching_Images_Chunk()
0020313c 0000013c W Matching_Images_Chunk::~Matching_Images_Chunk()
00203278 00000148 W Matching_Images_Chunk::~Matching_Images_Chunk()
002033c0 0000013c W Bitmap_List_Store_Chunk::~Bitmap_List_Store_Chunk()
002033c0 0000013c W Bitmap_List_Store_Chunk::~Bitmap_List_Store_Chunk()
002034fc 0000013c W Global_BMP_Name_Chunk::~Global_BMP_Name_Chunk()
002034fc 0000013c W Global_BMP_Name_Chunk::~Global_BMP_Name_Chunk()
00203638 00000060 T Bitmap_MD5_Chunk::~Bitmap_MD5_Chunk()
00203698 00000148 W Bitmap_List_Store_Chunk::~Bitmap_List_Store_Chunk()
002037e0 00000148 W Global_BMP_Name_Chunk::~Global_BMP_Name_Chunk()
00203928 0000015c T External_Shape_BMPs_Store_Chunk::~External_Shape_BMPs_Store_Chunk()
00203928 0000015c T External_Shape_BMPs_Store_Chunk::~External_Shape_BMPs_Store_Chunk()
00203a84 00000168 T External_Shape_BMPs_Store_Chunk::~External_Shape_BMPs_Store_Chunk()
00203bec 0000004c T Chunk_With_BMPs::size_chunk()
00203c38 00000060 W External_Shape_BMPs_Store_Chunk::size_chunk()
00203c98 00000198 T Chunk_With_BMPs::fill_data_block(char*)
00203e30 00000178 T External_Shape_BMPs_Store_Chunk::fill_data_block(char*)
00203fa8 00000070 W List_Member<MatchingImages>::~List_Member()
00203fa8 00000070 W List_Member<MatchingImages>::~List_Member()
00204018 0000007c W List_Member<MatchingImages>::~List_Member()
00204094 000001ec T Global_BMP_Name_Chunk::GetMD5Chunk(char const*)
00204280 0000020c T Chunk_With_BMPs::GetExtendedData()
0020448c 0000026c T External_Shape_BMPs_Store_Chunk::GetMD5Chunk(char const*)
002046f8 000003bc T Bitmap_List_Store_Chunk::GetMD5Chunk(char const*)
00204ab4 00000100 T Chunk_With_BMPs::RemoveMD5Val(char const*)
00204bb4 00000098 T Chunk_With_BMPs::GetMD5Val(BMP_Name const&)
00204c4c 00000560 T Chunk_With_BMPs::inc_version_num()
002051ac 00000440 T Chunk_With_BMPs::get_version_num()
002055ec 0000055c T Chunk_With_BMPs::set_version_num(int)
00205b48 00000038 T BMP_Name::~BMP_Name()
00205b48 00000038 T BMP_Name::~BMP_Name()
00205b80 0000007c T BMP_Name::BMP_Name(BMP_Name const&)
00205b80 0000007c T BMP_Name::BMP_Name(BMP_Name const&)
00205bfc 000001d8 T Chunk_With_BMPs::Chunk_With_BMPs(Chunk_With_Children*, char const*, char const*, unsigned int)
00205bfc 000001d8 T Chunk_With_BMPs::Chunk_With_BMPs(Chunk_With_Children*, char const*, char const*, unsigned int)
00205dd4 00000054 t RifCreateClassObjectGlobal_BMP_Name_Chunk_334(Chunk_With_Children*, char const*)
00205e28 00000054 t RifCreateClassObjectBitmap_List_Store_Chunk_361(Chunk_With_Children*, char const*)
00205e7c 000000e8 T External_Shape_BMPs_Store_Chunk::External_Shape_BMPs_Store_Chunk(Chunk_With_Children*, char const*, unsigned int)
00205e7c 000000e8 T External_Shape_BMPs_Store_Chunk::External_Shape_BMPs_Store_Chunk(Chunk_With_Children*, char const*, unsigned int)
00205f64 00000034 t RifCreateClassObjectExternal_Shape_BMPs_Store_Chunk_470(Chunk_With_Children*, char const*)
00205f98 000000cc T ImageDescriptor::ImageDescriptor(ImageDescriptor const&)
00205f98 000000cc T ImageDescriptor::ImageDescriptor(ImageDescriptor const&)
00206064 000000b8 T ImageDescriptor::ImageDescriptor(IDscFlags, char const*, char const*, char const*)
00206064 000000b8 T ImageDescriptor::ImageDescriptor(IDscFlags, char const*, char const*, char const*)
0020611c 00000040 T ImageDescriptor::~ImageDescriptor()
0020611c 00000040 T ImageDescriptor::~ImageDescriptor()
0020615c 0000008c T ImageDescriptor::ImageDescriptor(char const*)
0020615c 0000008c T ImageDescriptor::ImageDescriptor(char const*)
002061e8 00000050 T ImageDescriptor::Size() const
00206238 00000058 T Matching_Images_Chunk::size_chunk()
00206290 00000074 T ImageDescriptor::WriteData(char*) const
00206304 00000160 T Matching_Images_Chunk::fill_data_block(char*)
00206464 000000f8 T ImageDescriptor::operator==(ImageDescriptor const&) const
0020655c 00000260 T Matching_Images_Chunk::Matching_Images_Chunk(Chunk_With_Children*, char const*, unsigned int)
0020655c 00000260 T Matching_Images_Chunk::Matching_Images_Chunk(Chunk_With_Children*, char const*, unsigned int)
002067bc 00000034 t RifCreateClassObjectMatching_Images_Chunk_794(Chunk_With_Children*, char const*)
002067f0 00000048 T Matching_Images_Chunk::GetLoadImage(ImageDescriptor const&)
00206838 00000118 T Bitmap_MD5_Chunk::Bitmap_MD5_Chunk(Chunk_With_Children*, int const*, BMP_Name const&, char const*, char const*)
00206838 00000118 T Bitmap_MD5_Chunk::Bitmap_MD5_Chunk(Chunk_With_Children*, int const*, BMP_Name const&, char const*, char const*)
00206950 0000003c T Global_BMP_Name_Chunk::CreateMD5Chunk(BMP_Name const&, int const*)
0020698c 00000054 T External_Shape_BMPs_Store_Chunk::CreateMD5Chunk(BMP_Name const&, int const*)
002069e0 000001e0 T Bitmap_List_Store_Chunk::CreateMD5Chunk(BMP_Name const&, int const*)
00206bc0 00000204 T Chunk_With_BMPs::SetMD5Val(BMP_Name const&, int const*)
00206dc4 000000cc T Bitmap_MD5_Chunk::Bitmap_MD5_Chunk(Chunk_With_Children*, char const*, unsigned int)
00206dc4 000000cc T Bitmap_MD5_Chunk::Bitmap_MD5_Chunk(Chunk_With_Children*, char const*, unsigned int)
00206e90 00000034 t RifCreateClassObjectBitmap_MD5_Chunk_860(Chunk_With_Children*, char const*)
00206ec4 000000b0 t _GLOBAL__sub_I___Chunk_Include_bmpnames
00206f74 00000004 W List_Member_Base<shapeheader*>::~List_Member_Base()
00206f74 00000004 W List_Member_Base<shapeheader*>::~List_Member_Base()
00206f78 00000004 W List_Member_Base<Shape_Fragment_Type*>::~List_Member_Base()
00206f78 00000004 W List_Member_Base<Shape_Fragment_Type*>::~List_Member_Base()
00206f7c 00000004 W List_Member_Base<ShapeInMSL const*>::~List_Member_Base()
00206f7c 00000004 W List_Member_Base<ShapeInMSL const*>::~List_Member_Base()
00206f80 00000004 W List_Member_Base<ShapeInMSL*>::~List_Member_Base()
00206f80 00000004 W List_Member_Base<ShapeInMSL*>::~List_Member_Base()
00206f84 00000004 W List_Member<ShapeInMSL*>::~List_Member()
00206f84 00000004 W List_Member<ShapeInMSL*>::~List_Member()
00206f88 00000004 W List_Member<ShapeInMSL const*>::~List_Member()
00206f88 00000004 W List_Member<ShapeInMSL const*>::~List_Member()
00206f8c 00000004 W List_Member<Shape_Fragment_Type*>::~List_Member()
00206f8c 00000004 W List_Member<Shape_Fragment_Type*>::~List_Member()
00206f90 00000004 W List_Member<shapeheader*>::~List_Member()
00206f90 00000004 W List_Member<shapeheader*>::~List_Member()
00206f94 00000020 W List_Member_Base<shapeheader*>::~List_Member_Base()
00206fb4 00000020 W List_Member<shapeheader*>::~List_Member()
00206fd4 00000020 W List_Member<Shape_Fragment_Type*>::~List_Member()
00206ff4 00000020 W List_Member_Base<Shape_Fragment_Type*>::~List_Member_Base()
00207014 00000020 W List_Member<ShapeInMSL const*>::~List_Member()
00207034 00000020 W List_Member_Base<ShapeInMSL const*>::~List_Member_Base()
00207054 00000020 W List_Member<ShapeInMSL*>::~List_Member()
00207074 00000020 W List_Member_Base<ShapeInMSL*>::~List_Member_Base()
00207094 0000023c t tex_merge_polys(ChunkPoly&, ChunkPoly&, ChunkPoly&, ChunkShape&, int*) [clone .part.0]
002072d0 00000338 t setup_tex_conv_array(int&, int*&, _RifHandle*, Chunk_With_Children*)
00207608 00000068 T Shape_Fragment_Type::Shape_Fragment_Type(char const*)
00207608 00000068 T Shape_Fragment_Type::Shape_Fragment_Type(char const*)
00207670 00000224 T Shape_Fragment_Type::~Shape_Fragment_Type()
00207670 00000224 T Shape_Fragment_Type::~Shape_Fragment_Type()
00207894 000001a0 T ApplyFragTypeToShape(shapeheader*, char const*)
00207a34 000001d0 T DeallocateAllFragments()
00207c04 000001c0 T ShapeInMSL::AddToHashTables()
00207dc4 000002ac T ShapeInMSL::RemoveFromHashTables()
00208070 000000f8 T ShapeInMSL::GetByName(char const*)
00208168 00000398 t Shape_Fragment_Type::Setup_sh_frags(Fragment_Type_Chunk*) [clone .part.0]
00208500 00000070 T SetupFragmentType(Fragment_Type_Chunk*)
00208570 0000034c T ShapeInMSL::PurgeMSLShapeList()
002088bc 00000004 T PurgeMSLShapeList()
002088c0 00000258 T deallocate_loaded_shapes
00208b18 0000006c T unload_rif
00208b84 00000144 T undo_rif_load
00208cc8 00000084 T CopyShapeAnimationHeader(shapeheader*, shapeheader*)
00208d4c 000001fc T load_rif_bitmaps
00208f48 000001fc T set_quantization_event
00209144 000002f0 T copy_rif_palette
00209434 00000398 T copy_rif_tlt
002097cc 00000060 T get_rif_palette_remap_table
0020982c 00000018 T GetLoadedShapeMSL
00209844 00000138 T copy_to_module(Object_Chunk*, int, int)
0020997c 00000268 T SetupAnimOnTriangle(shapeheader*, TEXANIM*, int, int*)
00209be4 00000408 T SetupAnimOnQuad(Shape_Chunk*, shapeheader*, TEXANIM*, TEXANIM*, int, int*)
00209fec 0000024c T SetupAnimatedTextures(Shape_Chunk*, shapeheader*, Animation_Chunk*, Shape_Merge_Data_Chunk*, int*)
0020a238 00000704 T SetupAnimatingShape(Shape_Chunk*, shapeheader*, Shape_Merge_Data_Chunk*)
0020a940 00000964 T copy_to_shapeheader(_RifHandle*, ChunkShape const&, shapeheader*&, Chunk_With_Children*, int, int, int*, int, ChunkObject const*)
0020b2a4 000000d4 T copy_preprocessed_to_shapeheader(_RifHandle*, Shape_Preprocessed_Data_Chunk*, shapeheader*&, Chunk_With_Children*, int, int, int*, int, ChunkObject const*)
0020b378 000014c8 T copy_to_mainshapelist(_RifHandle*, Shape_Chunk*, int, ChunkObject const*)
0020c840 00001000 T copy_sprite_to_shapeheader(_RifHandle*, shapeheader*&, Sprite_Header_Chunk*, int)
0020d840 000000b0 T copy_sprite_to_mainshapelist(_RifHandle*, Sprite_Header_Chunk*, int)
0020d8f0 0000012c T merge_polys(ChunkPoly&, ChunkPoly&, ChunkPoly&, int*)
0020da1c 00000404 T merge_polygons_in_chunkshape(ChunkShape&, Shape_Merge_Data_Chunk*)
0020de20 00000138 t _GLOBAL__sub_I_local_scale
0020df58 00000594 t _GLOBAL__sub_D_local_scale
0020e4ec 000000d4 T load_rif
0020e5c0 000000d0 T load_rif_non_env
0020e690 00000004 W List_Member_Base<Chunk_With_Children*>::~List_Member_Base()
0020e690 00000004 W List_Member_Base<Chunk_With_Children*>::~List_Member_Base()
0020e694 00000004 W List_Member<Chunk_With_Children*>::~List_Member()
0020e694 00000004 W List_Member<Chunk_With_Children*>::~List_Member()
0020e698 00000048 t char* StripPath<char>(char*)
0020e698 00000048 t char const* StripPath<char const>(char const*)
0020e6e0 00000020 W List_Member_Base<Chunk_With_Children*>::~List_Member_Base()
0020e700 00000020 W List_Member<Chunk_With_Children*>::~List_Member()
0020e720 0000009c t RiffBasename(Chunk_With_Children*)
0020e7bc 00000528 t GetPath(char*, unsigned int, ImageDescriptor const&, Chunk_With_Children*, bool)
0020ece4 00001e2c T CL_GetImageFileName
00210b10 00000634 T CL_LoadImageOnce
00211144 00000028 T operator==(ObjectID const&, ObjectID const&)
0021116c 00000048 T Minimum(ObjectID const&, ObjectID const&)
002111b4 00000034 T operator+(ChunkVectorInt const&, ChunkVectorInt const&)
002111e8 00000034 T operator-(ChunkVectorInt const&, ChunkVectorInt const&)
0021121c 00000014 T ChunkVectorInt::operator vectorch() const
00211230 00000040 T operator*(ChunkVectorInt const&, double)
00211270 000000a8 T ChunkShape::~ChunkShape()
00211270 000000a8 T ChunkShape::~ChunkShape()
00211318 00000038 T ChunkShape::ChunkShape()
00211318 00000038 T ChunkShape::ChunkShape()
00211350 0000038c T ChunkShape::operator=(ChunkShape const&)
002116dc 00000004 T VMod_Arr_Item::VMod_Arr_Item()
002116dc 00000004 T VMod_Arr_Item::VMod_Arr_Item()
002116e0 00000004 T VMod_Arr_Item::~VMod_Arr_Item()
002116e0 00000004 T VMod_Arr_Item::~VMod_Arr_Item()
002116e4 00000018 T Adjacent_Module::Adjacent_Module()
002116e4 00000018 T Adjacent_Module::Adjacent_Module()
002116fc 00000004 T Adjacent_Module::~Adjacent_Module()
002116fc 00000004 T Adjacent_Module::~Adjacent_Module()
00211700 0000002c T Adjacent_Module::Adjacent_Module(Adjacent_Module const&)
00211700 0000002c T Adjacent_Module::Adjacent_Module(Adjacent_Module const&)
0021172c 0000002c T ChunkAnimFrame::ChunkAnimFrame()
0021172c 0000002c T ChunkAnimFrame::ChunkAnimFrame()
00211758 000000ac T ChunkAnimSequence::~ChunkAnimSequence()
00211758 000000ac T ChunkAnimSequence::~ChunkAnimSequence()
00211804 00000050 T ChunkAnimSequence::ChunkAnimSequence()
00211804 00000050 T ChunkAnimSequence::ChunkAnimSequence()
00211854 00000484 T ChunkAnimSequence::UpdateNormalsAndExtents(ChunkShape const*, List<int>*)
00211cd8 0000007c T ChunkAnimSequence::DeleteInterpolatedFrames()
00211d54 00000004 T ChunkAnimSequence::GenerateInterpolatedFrames(ChunkShape const*)
00211d58 00000014 W Miscellaneous_Chunk::size_chunk()
00211d6c 00000008 W Miscellaneous_Chunk::r_u_miscellaneous()
00211d74 00000004 W List_Member<Chunk*>::~List_Member()
00211d74 00000004 W List_Member<Chunk*>::~List_Member()
00211d78 00000020 W List_Member<Chunk*>::~List_Member()
00211d98 00000010 W _base_HashTable<RifRegEntry, RifRegEntry const&, RifRegEntry const&>::DeleteNode(_base_HashTable<RifRegEntry, RifRegEntry const&, RifRegEntry const&>::Node*)
00211da8 00000044 W _base_HashTable<RifRegEntry, RifRegEntry const&, RifRegEntry const&>::NewNode(RifRegEntry const&, _base_HashTable<RifRegEntry, RifRegEntry const&, RifRegEntry const&>::Node*)
00211dec 00000008 W _base_HashTable<RifRegEntry, RifRegEntry const&, RifRegEntry const&>::NewNode()
00211df4 00000060 T Miscellaneous_Chunk::fill_data_block(char*)
00211e54 00000064 T Chunk::output_chunk(int&)
00211eb8 000000d0 T Chunk_With_Children::output_chunk(int&)
00211f88 0000008c T Chunk_With_Children::size_chunk()
00212014 00000044 T Chunk::size_chunk_for_process()
00212058 000000bc T Chunk_With_Children::size_chunk_for_process()
00212114 000000f4 T Chunk_With_Children::fill_data_block(char*)
00212208 000000d0 T Miscellaneous_Chunk::~Miscellaneous_Chunk()
00212208 000000d0 T Miscellaneous_Chunk::~Miscellaneous_Chunk()
002122d8 00000078 T Miscellaneous_Chunk::~Miscellaneous_Chunk()
00212350 0000012c T Chunk_With_Children::fill_data_block_for_process(char*)
0021247c 00000090 T Chunk::fill_data_block_for_process(char*)
0021250c 00000294 T Chunk_With_Children::post_input_processing()
002127a0 00000294 T Chunk_With_Children::prepare_for_output()
00212a34 00000104 T Chunk::make_data_block_from_chunk()
00212b38 000001a4 T Chunk::make_data_block_for_process()
00212cdc 00000244 T list_chunks_in_file(List<int>*, int, char const*)
00212f20 00000050 T Chunk::~Chunk()
00212f20 00000050 T Chunk::~Chunk()
00212f70 000000b8 T Chunk_With_Children::~Chunk_With_Children()
00212f70 000000b8 T Chunk_With_Children::~Chunk_With_Children()
00213028 00000020 T Chunk_With_Children::~Chunk_With_Children()
00213048 0000007c T Chunk::Chunk(Chunk_With_Children*, char const*)
00213048 0000007c T Chunk::Chunk(Chunk_With_Children*, char const*)
002130c4 00000018 T Chunk::GetRootChunk()
002130dc 000000fc T Miscellaneous_Chunk::Miscellaneous_Chunk(Chunk_With_Children*, char const*, char const*, unsigned int)
002130dc 000000fc T Miscellaneous_Chunk::Miscellaneous_Chunk(Chunk_With_Children*, char const*, char const*, unsigned int)
002131d8 00000160 T Chunk_With_Children::lookup_child(char const*, List<Chunk*>&) const
00213338 00000048 T Chunk_With_Children::count_children(char const*) const
00213380 00000048 T Chunk_With_Children::lookup_single_child(char const*) const
002133c8 00000130 T Chunk::Register(char const*, char const*, Chunk* (*)(Chunk_With_Children*, char const*))
002134f8 00000124 T Chunk_With_Children::DynCreate(char const*)
0021361c 000000a0 W _base_HashTable<RifRegEntry, RifRegEntry const&, RifRegEntry const&>::Node::DeleteChain()
002136bc 00000128 W _base_HashTable<RifRegEntry, RifRegEntry const&, RifRegEntry const&>::~_base_HashTable()
002136bc 00000128 W _base_HashTable<RifRegEntry, RifRegEntry const&, RifRegEntry const&>::~_base_HashTable()
002137e4 00000020 W _base_HashTable<RifRegEntry, RifRegEntry const&, RifRegEntry const&>::~_base_HashTable()
00213804 00000020 W HashTable<RifRegEntry>::~HashTable()
00213804 00000020 W HashTable<RifRegEntry>::~HashTable()
00213824 00000020 t __tcf_ZZN5Chunk8RegisterEPKcS1_PFPS_P19Chunk_With_ChildrenS1_EE3reg
00213844 0000002c W HashTable<RifRegEntry>::~HashTable()
00213870 00000028 T Environment_Palette_Chunk::size_chunk()
00213898 00000004 W List_Member_Base<Preset_Palette>::~List_Member_Base()
00213898 00000004 W List_Member_Base<Preset_Palette>::~List_Member_Base()
0021389c 00000004 W List_Member_Base<TLTConfigBlock>::~List_Member_Base()
0021389c 00000004 W List_Member_Base<TLTConfigBlock>::~List_Member_Base()
002138a0 00000004 W List_Member_Base<BMP_Flags>::~List_Member_Base()
002138a0 00000004 W List_Member_Base<BMP_Flags>::~List_Member_Base()
002138a4 00000004 W List_Member<TLTConfigBlock>::~List_Member()
002138a4 00000004 W List_Member<TLTConfigBlock>::~List_Member()
002138a8 00000020 W List_Member_Base<Preset_Palette>::~List_Member_Base()
002138c8 00000020 W List_Member_Base<TLTConfigBlock>::~List_Member_Base()
002138e8 00000020 W List_Member<TLTConfigBlock>::~List_Member()
00213908 00000020 W List_Member_Base<BMP_Flags>::~List_Member_Base()
00213928 00000038 W List_Member<BMP_Flags>::~List_Member()
00213928 00000038 W List_Member<BMP_Flags>::~List_Member()
00213960 0000002c W List_Member<BMP_Flags>::~List_Member()
0021398c 00000034 T Environment_Palette_Chunk::~Environment_Palette_Chunk()
0021398c 00000034 T Environment_Palette_Chunk::~Environment_Palette_Chunk()
002139c0 00000044 T Environment_TLT_Chunk::~Environment_TLT_Chunk()
002139c0 00000044 T Environment_TLT_Chunk::~Environment_TLT_Chunk()
00213a04 00000044 T Coloured_Polygons_Lookup_Chunk::~Coloured_Polygons_Lookup_Chunk()
00213a04 00000044 T Coloured_Polygons_Lookup_Chunk::~Coloured_Polygons_Lookup_Chunk()
00213a48 00000080 T Environment_Palette_Chunk::fill_data_block(char*)
00213ac8 0000006c T Environment_TLT_Chunk::size_chunk()
00213b34 00000064 T Coloured_Polygons_Lookup_Chunk::size_chunk()
00213b98 000000c8 T Environment_TLT_Chunk::fill_data_block(char*)
00213c60 000000a4 T Coloured_Polygons_Lookup_Chunk::fill_data_block(char*)
00213d04 00000020 W Environment_Game_Mode_Chunk::~Environment_Game_Mode_Chunk()
00213d04 00000020 W Environment_Game_Mode_Chunk::~Environment_Game_Mode_Chunk()
00213d24 0000002c W Environment_Game_Mode_Chunk::~Environment_Game_Mode_Chunk()
00213d50 0000014c W TLT_Config_Chunk::~TLT_Config_Chunk()
00213d50 0000014c W TLT_Config_Chunk::~TLT_Config_Chunk()
00213e9c 0000015c T RIF_Child_Chunk::~RIF_Child_Chunk()
00213e9c 0000015c T RIF_Child_Chunk::~RIF_Child_Chunk()
00213ff8 00000020 T RIF_Child_Chunk::~RIF_Child_Chunk()
00214018 00000158 W Preset_Palette_Store_Chunk::~Preset_Palette_Store_Chunk()
00214170 00000184 T Environment_Game_Mode_Header_Chunk::~Environment_Game_Mode_Header_Chunk()
00214170 00000184 T Environment_Game_Mode_Header_Chunk::~Environment_Game_Mode_Header_Chunk()
002142f4 00000020 T Environment_Game_Mode_Header_Chunk::~Environment_Game_Mode_Header_Chunk()
00214314 00000040 T Environment_Palette_Chunk::~Environment_Palette_Chunk()
00214354 00000058 T Environment_Game_Mode_Header_Chunk::size_chunk()
002143ac 00000084 T TLT_Config_Chunk::size_chunk()
00214430 00000128 T Environment_Game_Mode_Header_Chunk::fill_data_block(char*)
00214558 0000016c T TLT_Config_Chunk::fill_data_block(char*)
002146c4 00000050 T Environment_TLT_Chunk::~Environment_TLT_Chunk()
00214714 00000050 T Coloured_Polygons_Lookup_Chunk::~Coloured_Polygons_Lookup_Chunk()
00214764 00000158 W TLT_Config_Chunk::~TLT_Config_Chunk()
002148bc 00000070 T RIF_Child_Chunk::size_chunk()
0021492c 0000013c W Preset_Palette_Chunk::~Preset_Palette_Chunk()
0021492c 0000013c W Preset_Palette_Chunk::~Preset_Palette_Chunk()
00214a68 00000148 W Preset_Palette_Chunk::~Preset_Palette_Chunk()
00214bb0 0000014c W Preset_Palette_Store_Chunk::~Preset_Palette_Store_Chunk()
00214bb0 0000014c W Preset_Palette_Store_Chunk::~Preset_Palette_Store_Chunk()
00214cfc 0000008c t RifCreateClassObjectEnvironment_Palette_Chunk_85(Chunk_With_Children*, char const*)
00214d88 0000018c T RIF_Child_Chunk::fill_data_block(char*)
00214f14 00000030 W List_Member<Preset_Palette>::~List_Member()
00214f14 00000030 W List_Member<Preset_Palette>::~List_Member()
00214f44 0000003c W List_Member<Preset_Palette>::~List_Member()
00214f80 0000006c T Preset_Palette_Chunk::size_chunk()
00214fec 00000078 T Preset_Palette_Store_Chunk::size_chunk()
00215064 000000c0 T Preset_Palette::Preset_Palette(Preset_Palette const&)
00215064 000000c0 T Preset_Palette::Preset_Palette(Preset_Palette const&)
00215124 00000190 T Preset_Palette_Chunk::fill_data_block(char*)
002152b4 000001b0 T Preset_Palette_Store_Chunk::fill_data_block(char*)
00215464 00000198 T Preset_Palette_Chunk::Preset_Palette_Chunk(Chunk_With_Children*, char const*, unsigned int)
00215464 00000198 T Preset_Palette_Chunk::Preset_Palette_Chunk(Chunk_With_Children*, char const*, unsigned int)
002155fc 00000034 t RifCreateClassObjectPreset_Palette_Chunk_211(Chunk_With_Children*, char const*)
00215630 000000f4 T Environment_TLT_Chunk::Environment_TLT_Chunk(Chunk_With_Children*, char const*, unsigned int)
00215630 000000f4 T Environment_TLT_Chunk::Environment_TLT_Chunk(Chunk_With_Children*, char const*, unsigned int)
00215724 00000034 t RifCreateClassObjectEnvironment_TLT_Chunk_279(Chunk_With_Children*, char const*)
00215758 000001a0 T TLT_Config_Chunk::TLT_Config_Chunk(Chunk_With_Children*, char const*, unsigned int)
00215758 000001a0 T TLT_Config_Chunk::TLT_Config_Chunk(Chunk_With_Children*, char const*, unsigned int)
002158f8 00000034 t RifCreateClassObjectTLT_Config_Chunk_403(Chunk_With_Children*, char const*)
0021592c 00000094 T Environment_Game_Mode_Chunk::Environment_Game_Mode_Chunk(Chunk_With_Children*, char const*, unsigned int)
0021592c 00000094 T Environment_Game_Mode_Chunk::Environment_Game_Mode_Chunk(Chunk_With_Children*, char const*, unsigned int)
002159c0 00000034 t RifCreateClassObjectEnvironment_Game_Mode_Chunk_492(Chunk_With_Children*, char const*)
002159f4 00000140 T Environment_Game_Mode_Header_Chunk::Environment_Game_Mode_Header_Chunk(Chunk_With_Children*, char const*, unsigned int)
002159f4 00000140 T Environment_Game_Mode_Header_Chunk::Environment_Game_Mode_Header_Chunk(Chunk_With_Children*, char const*, unsigned int)
00215b34 00000034 t RifCreateClassObjectEnvironment_Game_Mode_Header_Chunk_545(Chunk_With_Children*, char const*)
00215b68 000001d8 T RIF_Child_Chunk::RIF_Child_Chunk(Chunk_With_Children*, char const*, unsigned int)
00215b68 000001d8 T RIF_Child_Chunk::RIF_Child_Chunk(Chunk_With_Children*, char const*, unsigned int)
00215d40 00000034 t RifCreateClassObjectRIF_Child_Chunk_650(Chunk_With_Children*, char const*)
00215d74 000001cc T Preset_Palette_Store_Chunk::Preset_Palette_Store_Chunk(Chunk_With_Children*, char const*, unsigned int)
00215d74 000001cc T Preset_Palette_Store_Chunk::Preset_Palette_Store_Chunk(Chunk_With_Children*, char const*, unsigned int)
00215f40 00000034 t RifCreateClassObjectPreset_Palette_Store_Chunk_821(Chunk_With_Children*, char const*)
00215f74 000000d8 T Coloured_Polygons_Lookup_Chunk::Coloured_Polygons_Lookup_Chunk(Chunk_With_Children*, char const*, unsigned int)
00215f74 000000d8 T Coloured_Polygons_Lookup_Chunk::Coloured_Polygons_Lookup_Chunk(Chunk_With_Children*, char const*, unsigned int)
0021604c 00000034 t RifCreateClassObjectColoured_Polygons_Lookup_Chunk_906(Chunk_With_Children*, char const*)
00216080 000000e0 t _GLOBAL__sub_I___Chunk_Include_chunkpal
00216160 00000090 T db_log_fired
002161f0 00000044 T db_logf_fired
00216234 000000ac T db_assert_fail
002162e0 0000007c T db_msgf_fired
0021635c 00000020 W Dummy_Object_Chunk::~Dummy_Object_Chunk()
0021635c 00000020 W Dummy_Object_Chunk::~Dummy_Object_Chunk()
0021637c 0000002c W Dummy_Object_Chunk::~Dummy_Object_Chunk()
002163a8 0000002c T Dummy_Object_Data_Chunk::size_chunk()
002163d4 00000050 T Dummy_Object_Text_Chunk::size_chunk()
00216424 00000034 T Dummy_Object_Data_Chunk::~Dummy_Object_Data_Chunk()
00216424 00000034 T Dummy_Object_Data_Chunk::~Dummy_Object_Data_Chunk()
00216458 00000034 T Dummy_Object_Text_Chunk::~Dummy_Object_Text_Chunk()
00216458 00000034 T Dummy_Object_Text_Chunk::~Dummy_Object_Text_Chunk()
0021648c 00000088 T Dummy_Object_Data_Chunk::fill_data_block(char*)
00216514 00000040 T Dummy_Object_Text_Chunk::fill_data_block(char*)
00216554 00000040 T Dummy_Object_Data_Chunk::~Dummy_Object_Data_Chunk()
00216594 00000040 T Dummy_Object_Text_Chunk::~Dummy_Object_Text_Chunk()
002165d4 00000084 t RifCreateClassObjectDummy_Object_Text_Chunk_127(Chunk_With_Children*, char const*)
00216658 000000a4 t RifCreateClassObjectDummy_Object_Chunk_7(Chunk_With_Children*, char const*)
002166fc 00000098 T Dummy_Object_Data_Chunk::Dummy_Object_Data_Chunk(Chunk_With_Children*, char const*, unsigned int)
002166fc 00000098 T Dummy_Object_Data_Chunk::Dummy_Object_Data_Chunk(Chunk_With_Children*, char const*, unsigned int)
00216794 00000034 t RifCreateClassObjectDummy_Object_Data_Chunk_72(Chunk_With_Children*, char const*)
002167c8 00000050 t _GLOBAL__sub_I___Chunk_Include_dummyobjectchunk
00216818 00000010 W Enum_Header_Chunk::size_chunk()
00216828 00000008 T Enum_Chunk::file_equals(int&)
00216830 00000010 T Enum_Header_Chunk::prepare_for_output()
00216840 0000001c T Enum_Chunk::get_head_id()
0021685c 00000044 T Enum_Chunk::post_input_processing()
002168a0 00000048 T Enum_Header_Chunk::fill_data_block(char*)
002168e8 00000048 T Enum_Chunk::set_lock_user(char*)
00216930 00000064 T Enum_Header_Chunk::output_chunk(int&)
00216994 00000020 W Enum_Header_Chunk::~Enum_Header_Chunk()
00216994 00000020 W Enum_Header_Chunk::~Enum_Header_Chunk()
002169b4 0000002c W Enum_Header_Chunk::~Enum_Header_Chunk()
002169e0 00000020 W Enum_Chunk::~Enum_Chunk()
002169e0 00000020 W Enum_Chunk::~Enum_Chunk()
00216a00 0000002c W Enum_Chunk::~Enum_Chunk()
00216a2c 00000064 t RifCreateClassObjectEnum_Header_Chunk_75(Chunk_With_Children*, char const*)
00216a90 000000a4 T Enum_Chunk::Enum_Chunk(Chunk_With_Children*, char const*, unsigned int)
00216a90 000000a4 T Enum_Chunk::Enum_Chunk(Chunk_With_Children*, char const*, unsigned int)
00216b34 00000034 t RifCreateClassObjectEnum_Chunk_9(Chunk_With_Children*, char const*)
00216b68 00000038 t _GLOBAL__sub_I___Chunk_Include_enumchnk
00216ba0 00000004 W List_Member_Base<Enum_Constant>::~List_Member_Base()
00216ba0 00000004 W List_Member_Base<Enum_Constant>::~List_Member_Base()
00216ba4 00000038 W List_Member<Enum_Constant>::~List_Member()
00216ba4 00000038 W List_Member<Enum_Constant>::~List_Member()
00216bdc 00000020 W List_Member_Base<Enum_Constant>::~List_Member_Base()
00216bfc 0000002c W List_Member<Enum_Constant>::~List_Member()
00216c28 00000164 W non-virtual thunk to BMP_Enums_Chunk::~BMP_Enums_Chunk()
00216d8c 00000164 W BMP_Enums_Chunk::~BMP_Enums_Chunk()
00216ef0 00000074 T BMP_Enums_Chunk::size_chunk()
00216f64 00000154 T BMP_Enums_Chunk::fill_data_block(char*)
002170b8 00000134 W Enum_Const_List::~Enum_Const_List()
002170b8 00000134 W Enum_Const_List::~Enum_Const_List()
002171ec 00000140 W Enum_Const_List::~Enum_Const_List()
0021732c 00000158 W BMP_Enums_Chunk::~BMP_Enums_Chunk()
0021732c 00000158 W BMP_Enums_Chunk::~BMP_Enums_Chunk()
00217484 00000158 W non-virtual thunk to BMP_Enums_Chunk::~BMP_Enums_Chunk()
002175dc 00000228 T BMP_Enums_Chunk::BMP_Enums_Chunk(Chunk_With_Children*, char const*, unsigned int)
002175dc 00000228 T BMP_Enums_Chunk::BMP_Enums_Chunk(Chunk_With_Children*, char const*, unsigned int)
00217804 00000034 t RifCreateClassObjectBMP_Enums_Chunk_91(Chunk_With_Children*, char const*)
00217838 00000018 t _GLOBAL__sub_I___Chunk_Include_enumsch
00217850 00000010 W Environment_Data_Header_Chunk::size_chunk()
00217860 00000010 W Environment_Scale_Chunk::size_chunk()
00217870 00000010 W Environment_Acoustics_Chunk::size_chunk()
00217880 00000008 T Environment_Data_Chunk::file_equals(int&)
00217888 00000010 T Environment_Data_Header_Chunk::prepare_for_output()
00217898 00000044 t RifCreateClassObjectEnvironment_Scale_Chunk_152(Chunk_With_Children*, char const*)
002178dc 00000054 t RifCreateClassObjectEnvironment_Acoustics_Chunk_169(Chunk_With_Children*, char const*)
00217930 0000001c T Environment_Data_Chunk::get_head_id()
0021794c 00000044 T Environment_Data_Chunk::post_input_processing()
00217990 00000048 T Environment_Data_Header_Chunk::fill_data_block(char*)
002179d8 00000030 T Environment_Scale_Chunk::fill_data_block(char*)
00217a08 0000003c T Environment_Acoustics_Chunk::fill_data_block(char*)
00217a44 00000048 T Environment_Data_Chunk::set_lock_user(char*)
00217a8c 00000064 T Environment_Data_Header_Chunk::output_chunk(int&)
00217af0 00000024 W Sound_Directory_Chunk::size_chunk()
00217b14 00000034 T Random_Texture_ID_Chunk::size_chunk()
00217b48 00000030 T Sound_Directory_Chunk::fill_data_block(char*)
00217b78 00000034 T Sound_Directory_Chunk::~Sound_Directory_Chunk()
00217b78 00000034 T Sound_Directory_Chunk::~Sound_Directory_Chunk()
00217bac 00000020 W Environment_Acoustics_Chunk::~Environment_Acoustics_Chunk()
00217bac 00000020 W Environment_Acoustics_Chunk::~Environment_Acoustics_Chunk()
00217bcc 00000020 W Environment_Scale_Chunk::~Environment_Scale_Chunk()
00217bcc 00000020 W Environment_Scale_Chunk::~Environment_Scale_Chunk()
00217bec 00000020 W Environment_Data_Header_Chunk::~Environment_Data_Header_Chunk()
00217bec 00000020 W Environment_Data_Header_Chunk::~Environment_Data_Header_Chunk()
00217c0c 0000002c W Environment_Acoustics_Chunk::~Environment_Acoustics_Chunk()
00217c38 0000002c W Environment_Scale_Chunk::~Environment_Scale_Chunk()
00217c64 0000002c W Environment_Data_Header_Chunk::~Environment_Data_Header_Chunk()
00217c90 00000020 W Environment_Data_Chunk::~Environment_Data_Chunk()
00217c90 00000020 W Environment_Data_Chunk::~Environment_Data_Chunk()
00217cb0 0000002c W Environment_Data_Chunk::~Environment_Data_Chunk()
00217cdc 00000094 T Random_Texture_ID_Chunk::fill_data_block(char*)
00217d70 0000014c T Random_Texture_ID_Chunk::~Random_Texture_ID_Chunk()
00217d70 0000014c T Random_Texture_ID_Chunk::~Random_Texture_ID_Chunk()
00217ebc 00000020 T Random_Texture_ID_Chunk::~Random_Texture_ID_Chunk()
00217edc 00000040 T Sound_Directory_Chunk::~Sound_Directory_Chunk()
00217f1c 00000064 t RifCreateClassObjectEnvironment_Data_Header_Chunk_96(Chunk_With_Children*, char const*)
00217f80 0000006c t RifCreateClassObjectSound_Directory_Chunk_208(Chunk_With_Children*, char const*)
00217fec 000000a4 t RifCreateClassObjectSpecial_Objects_Chunk_304(Chunk_With_Children*, char const*)
00218090 000000a4 T Environment_Data_Chunk::Environment_Data_Chunk(Chunk_With_Children*, char const*, unsigned int)
00218090 000000a4 T Environment_Data_Chunk::Environment_Data_Chunk(Chunk_With_Children*, char const*, unsigned int)
00218134 00000034 t RifCreateClassObjectEnvironment_Data_Chunk_8(Chunk_With_Children*, char const*)
00218168 00000120 T Random_Texture_ID_Chunk::Random_Texture_ID_Chunk(Chunk_With_Children*, char const*, unsigned int)
00218168 00000120 T Random_Texture_ID_Chunk::Random_Texture_ID_Chunk(Chunk_With_Children*, char const*, unsigned int)
00218288 00000034 t RifCreateClassObjectRandom_Texture_ID_Chunk_242(Chunk_With_Children*, char const*)
002182bc 000000b0 t _GLOBAL__sub_I___Chunk_Include_envchunk
0021836c 00000050 T fail
002183bc 00000020 W Fragment_Type_Chunk::~Fragment_Type_Chunk()
002183bc 00000020 W Fragment_Type_Chunk::~Fragment_Type_Chunk()
002183dc 0000002c W Fragment_Type_Chunk::~Fragment_Type_Chunk()
00218408 0000002c T Fragment_Type_Data_Chunk::size_chunk()
00218434 0000002c T Fragment_Type_Shape_Chunk::size_chunk()
00218460 0000002c T Fragment_Type_Sound_Chunk::size_chunk()
0021848c 00000034 T Fragment_Type_Data_Chunk::~Fragment_Type_Data_Chunk()
0021848c 00000034 T Fragment_Type_Data_Chunk::~Fragment_Type_Data_Chunk()
002184c0 00000034 T Fragment_Type_Shape_Chunk::~Fragment_Type_Shape_Chunk()
002184c0 00000034 T Fragment_Type_Shape_Chunk::~Fragment_Type_Shape_Chunk()
002184f4 00000034 T Fragment_Type_Sound_Chunk::~Fragment_Type_Sound_Chunk()
002184f4 00000034 T Fragment_Type_Sound_Chunk::~Fragment_Type_Sound_Chunk()
00218528 00000060 T Fragment_Type_Data_Chunk::fill_data_block(char*)
00218588 00000074 T Fragment_Type_Shape_Chunk::fill_data_block(char*)
002185fc 0000005c T Fragment_Type_Sound_Chunk::fill_data_block(char*)
00218658 00000040 T Fragment_Type_Data_Chunk::~Fragment_Type_Data_Chunk()
00218698 00000040 T Fragment_Type_Shape_Chunk::~Fragment_Type_Shape_Chunk()
002186d8 00000040 T Fragment_Type_Sound_Chunk::~Fragment_Type_Sound_Chunk()
00218718 000000a4 t RifCreateClassObjectFragment_Type_Chunk_6(Chunk_With_Children*, char const*)
002187bc 0000001c T Fragment_Type_Chunk::get_name()
002187d8 00000068 T Fragment_Type_Data_Chunk::Fragment_Type_Data_Chunk(Chunk_With_Children*, char const*, unsigned int)
002187d8 00000068 T Fragment_Type_Data_Chunk::Fragment_Type_Data_Chunk(Chunk_With_Children*, char const*, unsigned int)
00218840 00000034 t RifCreateClassObjectFragment_Type_Data_Chunk_31(Chunk_With_Children*, char const*)
00218874 00000084 T Fragment_Type_Shape_Chunk::Fragment_Type_Shape_Chunk(Chunk_With_Children*, char const*, unsigned int)
00218874 00000084 T Fragment_Type_Shape_Chunk::Fragment_Type_Shape_Chunk(Chunk_With_Children*, char const*, unsigned int)
002188f8 00000034 t RifCreateClassObjectFragment_Type_Shape_Chunk_90(Chunk_With_Children*, char const*)
0021892c 0000006c T Fragment_Type_Sound_Chunk::Fragment_Type_Sound_Chunk(Chunk_With_Children*, char const*, unsigned int)
0021892c 0000006c T Fragment_Type_Sound_Chunk::Fragment_Type_Sound_Chunk(Chunk_With_Children*, char const*, unsigned int)
00218998 00000034 t RifCreateClassObjectFragment_Type_Sound_Chunk_163(Chunk_With_Children*, char const*)
002189cc 00000068 t _GLOBAL__sub_I___Chunk_Include_fragchnk
00218a34 00000010 W AllSprites_Header_Chunk::size_chunk()
00218a44 00000008 T AllSprites_Chunk::file_equals(int&)
00218a4c 00000010 T AllSprites_Header_Chunk::prepare_for_output()
00218a5c 0000001c T AllSprites_Chunk::get_head_id()
00218a78 00000044 T AllSprites_Chunk::post_input_processing()
00218abc 00000048 T AllSprites_Header_Chunk::fill_data_block(char*)
00218b04 00000048 T AllSprites_Chunk::set_lock_user(char*)
00218b4c 00000064 T AllSprites_Header_Chunk::output_chunk(int&)
00218bb0 00000020 W AllSprites_Header_Chunk::~AllSprites_Header_Chunk()
00218bb0 00000020 W AllSprites_Header_Chunk::~AllSprites_Header_Chunk()
00218bd0 0000002c W AllSprites_Header_Chunk::~AllSprites_Header_Chunk()
00218bfc 00000020 W AllSprites_Chunk::~AllSprites_Chunk()
00218bfc 00000020 W AllSprites_Chunk::~AllSprites_Chunk()
00218c1c 0000002c W AllSprites_Chunk::~AllSprites_Chunk()
00218c48 00000064 t RifCreateClassObjectAllSprites_Header_Chunk_74(Chunk_With_Children*, char const*)
00218cac 000000a4 T AllSprites_Chunk::AllSprites_Chunk(Chunk_With_Children*, char const*, unsigned int)
00218cac 000000a4 T AllSprites_Chunk::AllSprites_Chunk(Chunk_With_Children*, char const*, unsigned int)
00218d50 00000034 t RifCreateClassObjectAllSprites_Chunk_8(Chunk_With_Children*, char const*)
00218d84 00000038 t _GLOBAL__sub_I___Chunk_Include_gsprchnk
00218dbc 00000010 W Hierarchy_Bounding_Box_Chunk::size_chunk()
00218dcc 00000018 T Hierarchy_Degradation_Distance_Chunk::size_chunk()
00218de4 00000004 W List_Member_Base<Replaced_Shape_Details*>::~List_Member_Base()
00218de4 00000004 W List_Member_Base<Replaced_Shape_Details*>::~List_Member_Base()
00218de8 00000004 W List_Member<Replaced_Shape_Details*>::~List_Member()
00218de8 00000004 W List_Member<Replaced_Shape_Details*>::~List_Member()
00218dec 00000004 W List_Member<Object_Hierarchy_Chunk*>::~List_Member()
00218dec 00000004 W List_Member<Object_Hierarchy_Chunk*>::~List_Member()
00218df0 00000020 W List_Member<Object_Hierarchy_Chunk*>::~List_Member()
00218e10 00000020 W List_Member_Base<Replaced_Shape_Details*>::~List_Member_Base()
00218e30 00000020 W List_Member<Replaced_Shape_Details*>::~List_Member()
00218e50 00000020 W Object_Hierarchy_Chunk::~Object_Hierarchy_Chunk()
00218e50 00000020 W Object_Hierarchy_Chunk::~Object_Hierarchy_Chunk()
00218e70 0000002c W Object_Hierarchy_Chunk::~Object_Hierarchy_Chunk()
00218e9c 0000005c T Object_Hierarchy_Data_Chunk::size_chunk()
00218ef8 00000020 W Object_Hierarchy_Name_Chunk::size_chunk()
00218f18 00000038 T Hierarchy_Shape_Set_Collection_Chunk::size_chunk()
00218f50 00000048 T Object_Hierarchy_Data_Chunk::~Object_Hierarchy_Data_Chunk()
00218f50 00000048 T Object_Hierarchy_Data_Chunk::~Object_Hierarchy_Data_Chunk()
00218f98 00000034 T Object_Hierarchy_Name_Chunk::~Object_Hierarchy_Name_Chunk()
00218f98 00000034 T Object_Hierarchy_Name_Chunk::~Object_Hierarchy_Name_Chunk()
00218fcc 00000034 T Hierarchy_Degradation_Distance_Chunk::~Hierarchy_Degradation_Distance_Chunk()
00218fcc 00000034 T Hierarchy_Degradation_Distance_Chunk::~Hierarchy_Degradation_Distance_Chunk()
00219000 00000020 W Hierarchy_Bounding_Box_Chunk::~Hierarchy_Bounding_Box_Chunk()
00219000 00000020 W Hierarchy_Bounding_Box_Chunk::~Hierarchy_Bounding_Box_Chunk()
00219020 0000002c W Hierarchy_Bounding_Box_Chunk::~Hierarchy_Bounding_Box_Chunk()
0021904c 00000030 T Object_Hierarchy_Name_Chunk::fill_data_block(char*)
0021907c 00000060 T Hierarchy_Degradation_Distance_Chunk::fill_data_block(char*)
002190dc 00000044 T Hierarchy_Bounding_Box_Chunk::fill_data_block(char*)
00219120 00000078 T Object_Hierarchy_Data_Chunk::fill_data_block(char*)
00219198 0000014c T Hierarchy_Shape_Set_Collection_Chunk::~Hierarchy_Shape_Set_Collection_Chunk()
00219198 0000014c T Hierarchy_Shape_Set_Collection_Chunk::~Hierarchy_Shape_Set_Collection_Chunk()
002192e4 00000020 T Hierarchy_Shape_Set_Collection_Chunk::~Hierarchy_Shape_Set_Collection_Chunk()
00219304 00000090 T Hierarchy_Shape_Set_Collection_Chunk::fill_data_block(char*)
00219394 000001b8 T Object_Hierarchy_Alternate_Shape_Set_Chunk::~Object_Hierarchy_Alternate_Shape_Set_Chunk()
00219394 000001b8 T Object_Hierarchy_Alternate_Shape_Set_Chunk::~Object_Hierarchy_Alternate_Shape_Set_Chunk()
0021954c 00000020 T Object_Hierarchy_Alternate_Shape_Set_Chunk::~Object_Hierarchy_Alternate_Shape_Set_Chunk()
0021956c 00000040 T Object_Hierarchy_Name_Chunk::~Object_Hierarchy_Name_Chunk()
002195ac 00000040 T Hierarchy_Degradation_Distance_Chunk::~Hierarchy_Degradation_Distance_Chunk()
002195ec 0000005c t RifCreateClassObjectHierarchy_Bounding_Box_Chunk_557(Chunk_With_Children*, char const*)
00219648 0000006c t RifCreateClassObjectObject_Hierarchy_Name_Chunk_190(Chunk_With_Children*, char const*)
002196b4 00000054 T Object_Hierarchy_Data_Chunk::~Object_Hierarchy_Data_Chunk()
00219708 000000a4 t RifCreateClassObjectObject_Hierarchy_Chunk_9(Chunk_With_Children*, char const*)
002197ac 00000080 T Object_Hierarchy_Alternate_Shape_Set_Chunk::size_chunk()
0021982c 000001f0 T Object_Hierarchy_Alternate_Shape_Set_Chunk::fill_data_block(char*)
00219a1c 00000248 T Object_Hierarchy_Chunk::list_h_children()
00219c64 0000000c T Object_Hierarchy_Chunk::get_data()
00219c70 0000000c T Object_Hierarchy_Chunk::get_name()
00219c7c 0000010c T Object_Hierarchy_Data_Chunk::Object_Hierarchy_Data_Chunk(Chunk_With_Children*, char const*, unsigned int)
00219c7c 0000010c T Object_Hierarchy_Data_Chunk::Object_Hierarchy_Data_Chunk(Chunk_With_Children*, char const*, unsigned int)
00219d88 00000034 t RifCreateClassObjectObject_Hierarchy_Data_Chunk_52(Chunk_With_Children*, char const*)
00219dbc 000001a4 T Object_Hierarchy_Data_Chunk::find_object_for_this_section()
00219f60 00000004 T Object_Hierarchy_Data_Chunk::post_input_processing()
00219f64 00000180 T Object_Hierarchy_Alternate_Shape_Set_Chunk::Object_Hierarchy_Alternate_Shape_Set_Chunk(Chunk_With_Children*, char const*, unsigned int)
00219f64 00000180 T Object_Hierarchy_Alternate_Shape_Set_Chunk::Object_Hierarchy_Alternate_Shape_Set_Chunk(Chunk_With_Children*, char const*, unsigned int)
0021a0e4 00000034 t RifCreateClassObjectObject_Hierarchy_Alternate_Shape_Set_Chunk_238(Chunk_With_Children*, char const*)
0021a118 00000118 T Hierarchy_Shape_Set_Collection_Chunk::Hierarchy_Shape_Set_Collection_Chunk(Chunk_With_Children*, char const*, unsigned int)
0021a118 00000118 T Hierarchy_Shape_Set_Collection_Chunk::Hierarchy_Shape_Set_Collection_Chunk(Chunk_With_Children*, char const*, unsigned int)
0021a230 00000034 t RifCreateClassObjectHierarchy_Shape_Set_Collection_Chunk_390(Chunk_With_Children*, char const*)
0021a264 000000a8 T Hierarchy_Degradation_Distance_Chunk::Hierarchy_Degradation_Distance_Chunk(Chunk_With_Children*, char const*, unsigned int)
0021a264 000000a8 T Hierarchy_Degradation_Distance_Chunk::Hierarchy_Degradation_Distance_Chunk(Chunk_With_Children*, char const*, unsigned int)
0021a30c 00000034 t RifCreateClassObjectHierarchy_Degradation_Distance_Chunk_477(Chunk_With_Children*, char const*)
0021a340 000000b0 t _GLOBAL__sub_I___Chunk_Include_hierchnk
0021a3f0 00000020 t HuffItemsSortSub(void const*, void const*)
0021a410 00000650 T HuffmanCompression
0021aa60 000001a4 T HuffmanDecompress
0021ac04 00000008 W IFF::ArchvIn::GetSize() const
0021ac0c 00000008 W IFF::Chunk::IsUnknown() const
0021ac14 00000008 W IFF::MiscChunk::IsUnknown() const
0021ac1c 00000008 T IFF::Composite::IsValidChildID(IFF::ID) const
0021ac24 00000020 T IFF::Form::IsValidChildID(IFF::ID) const
0021ac44 0000003c T IFF::Cat::IsValidChildID(IFF::ID) const
0021ac80 0000004c T IFF::List::IsValidChildID(IFF::ID) const
0021accc 00000050 T IFF::Prop::IsValidChildID(IFF::ID) const
0021ad1c 00000034 W _base_HashTable<IFF::Unknown*, IFF::Unknown* const&, IFF::Unknown* const&>::NewNode(IFF::Unknown* const&, _base_HashTable<IFF::Unknown*, IFF::Unknown* const&, IFF::Unknown* const&>::Node*)
0021ad50 00000038 W _base_HashTable<IFF::RegEntry, IFF::RegEntry const&, IFF::RegEntry const&>::NewNode(IFF::RegEntry const&, _base_HashTable<IFF::RegEntry, IFF::RegEntry const&, IFF::RegEntry const&>::Node*)
0021ad88 0000001c W _base_HashTable<IFF::RegEntry, IFF::RegEntry const&, IFF::RegEntry const&>::NewNode()
0021ada4 00000008 W _base_HashTable<IFF::Unknown*, IFF::Unknown* const&, IFF::Unknown* const&>::NewNode()
0021adac 00000010 W _base_HashTable<IFF::Unknown*, IFF::Unknown* const&, IFF::Unknown* const&>::DeleteNode(_base_HashTable<IFF::Unknown*, IFF::Unknown* const&, IFF::Unknown* const&>::Node*)
0021adbc 00000010 W _base_HashTable<IFF::RegEntry, IFF::RegEntry const&, IFF::RegEntry const&>::DeleteNode(_base_HashTable<IFF::RegEntry, IFF::RegEntry const&, IFF::RegEntry const&>::Node*)
0021adcc 000000a4 t _base_HashTable<IFF::Unknown*, IFF::Unknown* const&, IFF::Unknown* const&>::AddAsserted(IFF::Unknown* const&) [clone .isra.0]
0021ae70 0000009c T IFF::ArchvIn::OpenSubArchive(unsigned int)
0021af0c 000000d0 T IFF::ArchvOut::OpenSubArchive(unsigned int)
0021afdc 00000070 t IFF::CreateClassObjectForm_596()
0021b04c 00000070 t IFF::CreateClassObjectList_597()
0021b0bc 00000070 t IFF::CreateClassObjectCat_598()
0021b12c 00000070 t IFF::CreateClassObjectProp_599()
0021b19c 00000030 T IFF::ArchvIn::CloseSubArchive(IFF::Archive*)
0021b1cc 00000160 T IFF::ArchvOut::CloseSubArchive(IFF::Archive*)
0021b32c 000000b0 W IFF::ArchvOut::Transfer(IFF::ID&)
0021b3dc 000000b4 W IFF::ArchvOut::TransferBlock(void*, unsigned int)
0021b490 000000a4 W IFF::ArchvOut::Transfer(signed char&)
0021b534 000000a4 W IFF::ArchvOut::Transfer(unsigned char&)
0021b5d8 00000128 W IFF::ArchvOut::Transfer(unsigned short&)
0021b700 00000124 W IFF::ArchvOut::Transfer(short&)
0021b824 000001b8 W IFF::ArchvOut::Transfer(IFF::RGBTriple&)
0021b9dc 00000250 W IFF::ArchvOut::Transfer(unsigned long&)
0021bc2c 00000250 W IFF::ArchvOut::Transfer(long&)
0021be7c 000004b4 W IFF::ArchvOut::Transfer(unsigned long long&)
0021c330 000004b4 W IFF::ArchvOut::Transfer(long long&)
0021c7e4 00000148 W IFF::ArchvIn::TransferBlock(void*, unsigned int)
0021c92c 000001c4 W IFF::ArchvIn::Transfer(signed char&)
0021caf0 000001c4 W IFF::ArchvIn::Transfer(unsigned char&)
0021ccb4 000002dc W IFF::ArchvIn::Transfer(short&)
0021cf90 000002dc W IFF::ArchvIn::Transfer(unsigned short&)
0021d26c 00000478 W IFF::ArchvIn::Transfer(IFF::RGBTriple&)
0021d6e4 00000294 T IFF::ArchvIn::Close()
0021d978 00000590 W IFF::ArchvIn::Transfer(IFF::ID&)
0021df08 000005d0 W IFF::ArchvIn::Transfer(long&)
0021e4d8 000005d0 W IFF::ArchvIn::Transfer(unsigned long&)
0021eaa8 000002b8 T IFF::ArchvOut::Open(MediaMedium*)
0021ed60 000002d0 T IFF::ArchvIn::Open(MediaMedium*)
0021f030 00000bf8 W IFF::ArchvIn::Transfer(long long&)
0021fc28 00000b00 W IFF::ArchvIn::Transfer(unsigned long long&)
00220728 00000158 W MediaRead(MediaMedium*, signed char*)
00220880 00000010 T IFF::DbRemember(IFF::Unknown*)
00220890 000000b0 T IFF::DbForget(IFF::Unknown*)
00220940 00000028 W IFF::ChildNode::~ChildNode()
00220940 00000028 W IFF::ChildNode::~ChildNode()
00220968 0000002c W IFF::ChildNode::~ChildNode()
00220994 000000b0 T IFF::Composite::~Composite()
00220994 000000b0 T IFF::Composite::~Composite()
00220a44 00000020 T IFF::Composite::~Composite()
00220a64 00000020 W IFF::Prop::~Prop()
00220a64 00000020 W IFF::Prop::~Prop()
00220a84 0000002c W IFF::Prop::~Prop()
00220ab0 00000020 W IFF::List::~List()
00220ab0 00000020 W IFF::List::~List()
00220ad0 0000002c W IFF::List::~List()
00220afc 00000020 W IFF::Cat::~Cat()
00220afc 00000020 W IFF::Cat::~Cat()
00220b1c 0000002c W IFF::Cat::~Cat()
00220b48 00000020 W IFF::Form::~Form()
00220b48 00000020 W IFF::Form::~Form()
00220b68 0000002c W IFF::Form::~Form()
00220b94 00000034 T IFF::MiscChunk::~MiscChunk()
00220b94 00000034 T IFF::MiscChunk::~MiscChunk()
00220bc8 00000034 T IFF::DataBlock::~DataBlock()
00220bc8 00000034 T IFF::DataBlock::~DataBlock()
00220bfc 000000b0 T IFF::DataNode::~DataNode()
00220bfc 000000b0 T IFF::DataNode::~DataNode()
00220cac 00000020 T IFF::DataNode::~DataNode()
00220ccc 00000078 T IFF::SerialData::~SerialData()
00220ccc 00000078 T IFF::SerialData::~SerialData()
00220d44 00000034 T IFF::ArchvIn::~ArchvIn()
00220d44 00000034 T IFF::ArchvIn::~ArchvIn()
00220d78 0000006c T IFF::File::~File()
00220d78 0000006c T IFF::File::~File()
00220de4 00000040 T IFF::ArchvIn::~ArchvIn()
00220e24 00000040 T IFF::MiscChunk::~MiscChunk()
00220e64 00000040 T IFF::DataBlock::~DataBlock()
00220ea4 00000078 T IFF::File::~File()
00220f1c 00000084 T IFF::SerialData::~SerialData()
00220fa0 00000210 T IFF::GenericFile::Load(MediaMedium*)
002211b0 0000015c T IFF::Chunk::Register(IFF::ID, IFF::ID, IFF::Chunk* (*)())
0022130c 00000104 T IFF::Chunk::DynCreate(IFF::ID, IFF::ID)
00221410 00000080 T IFF::Composite::GetFirstChild(IFF::ID) const
00221490 00000080 T IFF::Composite::GetLastChild(IFF::ID) const
00221510 00000080 T IFF::Composite::GetNextChild(IFF::ChildNode const*, IFF::ID)
00221590 00000078 T IFF::Composite::EnumChildren(IFF::ID, IFF::ID, bool (*)(IFF::Chunk*, void*), void*) const
00221608 000000f4 T IFF::Cat::EnumChildren(IFF::ID, IFF::ID, bool (*)(IFF::Chunk*, void*), void*) const
002216fc 000000f4 T IFF::List::EnumChildren(IFF::ID, IFF::ID, bool (*)(IFF::Chunk*, void*), void*) const
002217f0 00000080 T IFF::Composite::GetPrevChild(IFF::ChildNode const*, IFF::ID)
00221870 000000e0 T IFF::Composite::GetProperty(IFF::ChildNode const*, IFF::ID) const
00221950 00000030 T IFF::Chunk::GetProperty(IFF::ID) const
00221980 0000008c T IFF::Composite::DeleteAllChildren()
00221a0c 00000094 T IFF::Composite::InsertChildLast(IFF::Chunk*)
00221aa0 00000060 T IFF::DataBlock::Expand(unsigned int)
00221b00 0000025c T IFF::DataNode::GetDataSize() const
00221d5c 000002c4 T IFF::MiscChunk::Serialize(IFF::Archive*)
00222020 000006f8 T IFF::Chunk::Load(IFF::ID, IFF::Archive*, IFF::ID, bool)
00222718 00000130 T IFF::Composite::LoadChunk(IFF::Archive*) const
00222848 0000066c T IFF::Chunk::Write(IFF::Archive*)
00222eb4 000001bc T IFF::File::Serialize(IFF::Archive*)
00223070 0000005c W IFF::ArchvOut::GetSize() const
002230cc 0000020c T IFF::Composite::Serialize(IFF::Archive*)
002232d8 0000016c T IFF::DataNode::WriteToFile(MediaMedium*) const
00223444 0000005c T IFF::SerialData::GetDataSize() const
002234a0 00000150 T IFF::SerialData::WriteToFile(MediaMedium*) const
002235f0 00000184 T IFF::ArchvOut::Close()
00223774 00000098 T IFF::ArchvOut::~ArchvOut()
00223774 00000098 T IFF::ArchvOut::~ArchvOut()
0022380c 000000a4 T IFF::ArchvOut::~ArchvOut()
002238b0 000000a8 T non-virtual thunk to IFF::ArchvOut::~ArchvOut()
00223958 0000009c T non-virtual thunk to IFF::ArchvOut::~ArchvOut()
002239f4 000000a0 W _base_HashTable<IFF::Unknown*, IFF::Unknown* const&, IFF::Unknown* const&>::Node::DeleteChain()
00223a94 00000128 W _base_HashTable<IFF::Unknown*, IFF::Unknown* const&, IFF::Unknown* const&>::~_base_HashTable()
00223a94 00000128 W _base_HashTable<IFF::Unknown*, IFF::Unknown* const&, IFF::Unknown* const&>::~_base_HashTable()
00223bbc 00000020 W _base_HashTable<IFF::Unknown*, IFF::Unknown* const&, IFF::Unknown* const&>::~_base_HashTable()
00223bdc 00000020 W HashTable<IFF::Unknown*>::~HashTable()
00223bdc 00000020 W HashTable<IFF::Unknown*>::~HashTable()
00223bfc 0000002c W HashTable<IFF::Unknown*>::~HashTable()
00223c28 00000124 W IFF::AllocList::~AllocList()
00223c28 00000124 W IFF::AllocList::~AllocList()
00223d4c 00000020 W IFF::AllocList::~AllocList()
00223d6c 000000a0 W _base_HashTable<IFF::RegEntry, IFF::RegEntry const&, IFF::RegEntry const&>::Node::DeleteChain()
00223e0c 00000128 W _base_HashTable<IFF::RegEntry, IFF::RegEntry const&, IFF::RegEntry const&>::~_base_HashTable()
00223e0c 00000128 W _base_HashTable<IFF::RegEntry, IFF::RegEntry const&, IFF::RegEntry const&>::~_base_HashTable()
00223f34 00000020 W _base_HashTable<IFF::RegEntry, IFF::RegEntry const&, IFF::RegEntry const&>::~_base_HashTable()
00223f54 00000020 W HashTable<IFF::RegEntry>::~HashTable()
00223f54 00000020 W HashTable<IFF::RegEntry>::~HashTable()
00223f74 00000020 t __tcf_ZZN3IFF5Chunk8RegisterENS_2IDES1_PFPS0_vEE3reg
00223f94 0000002c W HashTable<IFF::RegEntry>::~HashTable()
00223fc0 000000f8 t _GLOBAL__sub_I__ZN3IFF10DbRememberEPNS_7UnknownE
002240b8 00000014 t _GLOBAL__sub_D__ZN3IFF10DbRememberEPNS_7UnknownE
002240cc 00000034 T IFF::IlbmCmapChunk::~IlbmCmapChunk()
002240cc 00000034 T IFF::IlbmCmapChunk::~IlbmCmapChunk()
00224100 00000078 T IFF::IlbmBodyChunk::~IlbmBodyChunk()
00224100 00000078 T IFF::IlbmBodyChunk::~IlbmBodyChunk()
00224178 00000020 T IFF::IlbmBodyChunk::~IlbmBodyChunk()
00224198 00000028 W IFF::IlbmGrabChunk::~IlbmGrabChunk()
00224198 00000028 W IFF::IlbmGrabChunk::~IlbmGrabChunk()
002241c0 0000002c W IFF::IlbmGrabChunk::~IlbmGrabChunk()
002241ec 00000028 W IFF::IlbmBmhdChunk::~IlbmBmhdChunk()
002241ec 00000028 W IFF::IlbmBmhdChunk::~IlbmBmhdChunk()
00224214 0000002c W IFF::IlbmBmhdChunk::~IlbmBmhdChunk()
00224240 0000003c T IFF::IlbmBodyChunk::GetHeaderInfo() const
0022427c 00000054 t CreateClassObjectIlbmBmhdChunk_3()
002242d0 00000058 t CreateClassObjectIlbmCmapChunk_4()
00224328 00000064 t CreateClassObjectIlbmBodyChunk_5()
0022438c 00000054 t CreateClassObjectIlbmGrabChunk_6()
002243e0 00000040 T IFF::IlbmCmapChunk::~IlbmCmapChunk()
00224420 00000618 T IFF::IlbmCmapChunk::Serialize(IFF::Archive*)
00224a38 00000270 T IFF::IlbmBodyChunk::Serialize(IFF::Archive*)
00224ca8 000001c4 T IFF::IlbmGrabChunk::Serialize(IFF::Archive*)
00224e6c 00000bf0 T IFF::IlbmBmhdChunk::Serialize(IFF::Archive*)
00225a5c 000000ec T IFF::IlbmBodyChunk::BeginDecode() const
00225b48 00000228 T IFF::IlbmBodyChunk::DecodeNextRow() const
00225d70 000000a4 t _GLOBAL__sub_I_rccIlbmBmhdChunk_3
00225e14 00000024 T IFF::IlbmAlphChunk::GetHeaderInfo() const
00225e38 00000028 W IFF::MipmFlagChunk::~MipmFlagChunk()
00225e38 00000028 W IFF::MipmFlagChunk::~MipmFlagChunk()
00225e60 0000002c W IFF::MipmFlagChunk::~MipmFlagChunk()
00225e8c 00000028 W IFF::MipmContChunk::~MipmContChunk()
00225e8c 00000028 W IFF::MipmContChunk::~MipmContChunk()
00225eb4 0000002c W IFF::MipmContChunk::~MipmContChunk()
00225ee0 00000028 W IFF::IlbmTranChunk::~IlbmTranChunk()
00225ee0 00000028 W IFF::IlbmTranChunk::~IlbmTranChunk()
00225f08 0000002c W IFF::IlbmTranChunk::~IlbmTranChunk()
00225f34 0000003c T IFF::IlbmS3tcChunk::~IlbmS3tcChunk()
00225f34 0000003c T IFF::IlbmS3tcChunk::~IlbmS3tcChunk()
00225f70 00000020 W IFF::IlbmAlphChunk::~IlbmAlphChunk()
00225f70 00000020 W IFF::IlbmAlphChunk::~IlbmAlphChunk()
00225f90 0000002c W IFF::IlbmAlphChunk::~IlbmAlphChunk()
00225fbc 00000054 t CreateClassObjectIlbmTranChunk_3()
00226010 00000064 t CreateClassObjectIlbmAlphChunk_4()
00226074 00000054 t CreateClassObjectMipmContChunk_5()
002260c8 00000054 t CreateClassObjectMipmFlagChunk_7()
0022611c 00000058 t CreateClassObjectIlbmS3tcChunk_6()
00226174 00000048 T IFF::IlbmS3tcChunk::~IlbmS3tcChunk()
002261bc 000002e8 T IFF::IlbmAlphChunk::Serialize(IFF::Archive*)
002264a4 000009e4 T IFF::IlbmS3tcChunk::Serialize(IFF::Archive*)
00226e88 0000019c T IFF::MipmFlagChunk::Serialize(IFF::Archive*)
00227024 000003ac T IFF::IlbmTranChunk::Serialize(IFF::Archive*)
002273d0 000002f8 T IFF::MipmContChunk::Serialize(IFF::Archive*)
002276c8 000000c0 t _GLOBAL__sub_I_rccIlbmTranChunk_3
00227788 00000164 t DHM_MoveBufferToQueue
002278ec 00000038 T GetShapeData
00227924 00000004 T PlatformSpecificVDBInit
00227928 00000004 T PlatformSpecificShowViewEntry
0022792c 00000004 T PlatformSpecificShowViewExit
00227930 00000098 T InitialiseSystem
002279c8 00000048 T ResetFrameCounter
00227a10 000000c8 T FrameCounterHandler
00227ad8 00000014 T ReadUserInput
00227aec 00000008 T LoadImageCH
00227af4 00000060 T FlushTextprintBuffer
00227b54 0000003c T WaitForReturn
00227b90 0000006c T textprint
00227bfc 0000004c T PrintDebuggingText
00227c48 0000004c T ReleasePrintDebuggingText
00227c94 00000080 T textprintXY
00227d14 00000010 W Light_Set_Header_Chunk::size_chunk()
00227d24 00000010 W Light_Chunk::size_chunk()
00227d34 00000018 W Placed_Object_Light_Chunk::size_chunk()
00227d4c 00000018 W Shape_Vertex_Intensities_Chunk::size_chunk()
00227d64 00000010 W Lighting_Ambience_Chunk::size_chunk()
00227d74 00000010 W Light_Scale_Chunk::size_chunk()
00227d84 00000020 W Light_Set_Chunk::~Light_Set_Chunk()
00227d84 00000020 W Light_Set_Chunk::~Light_Set_Chunk()
00227da4 0000002c W Light_Set_Chunk::~Light_Set_Chunk()
00227dd0 00000044 t RifCreateClassObjectLighting_Ambience_Chunk_236(Chunk_With_Children*, char const*)
00227e14 00000040 T Light_Set_Header_Chunk::fill_data_block(char*)
00227e54 000000a0 T Light_Chunk::fill_data_block(char*)
00227ef4 00000068 T Shape_Vertex_Intensities_Chunk::fill_data_block(char*)
00227f5c 0000002c T Lighting_Ambience_Chunk::fill_data_block(char*)
00227f88 00000084 T Light_Scale_Chunk::fill_data_block(char*)
0022800c 00000088 T Placed_Object_Light_Chunk::fill_data_block(char*)
00228094 00000034 T Shape_Vertex_Intensities_Chunk::~Shape_Vertex_Intensities_Chunk()
00228094 00000034 T Shape_Vertex_Intensities_Chunk::~Shape_Vertex_Intensities_Chunk()
002280c8 00000034 T Placed_Object_Light_Chunk::~Placed_Object_Light_Chunk()
002280c8 00000034 T Placed_Object_Light_Chunk::~Placed_Object_Light_Chunk()
002280fc 00000020 W Light_Scale_Chunk::~Light_Scale_Chunk()
002280fc 00000020 W Light_Scale_Chunk::~Light_Scale_Chunk()
0022811c 0000002c W Light_Scale_Chunk::~Light_Scale_Chunk()
00228148 00000020 W Lighting_Ambience_Chunk::~Lighting_Ambience_Chunk()
00228148 00000020 W Lighting_Ambience_Chunk::~Lighting_Ambience_Chunk()
00228168 0000002c W Lighting_Ambience_Chunk::~Lighting_Ambience_Chunk()
00228194 00000020 W Light_Chunk::~Light_Chunk()
00228194 00000020 W Light_Chunk::~Light_Chunk()
002281b4 0000002c W Light_Chunk::~Light_Chunk()
002281e0 00000020 W Light_Set_Header_Chunk::~Light_Set_Header_Chunk()
002281e0 00000020 W Light_Set_Header_Chunk::~Light_Set_Header_Chunk()
00228200 0000002c W Light_Set_Header_Chunk::~Light_Set_Header_Chunk()
0022822c 00000040 T Shape_Vertex_Intensities_Chunk::~Shape_Vertex_Intensities_Chunk()
0022826c 00000040 T Placed_Object_Light_Chunk::~Placed_Object_Light_Chunk()
002282ac 00000054 t RifCreateClassObjectLight_Set_Header_Chunk_36(Chunk_With_Children*, char const*)
00228300 0000009c t RifCreateClassObjectLight_Scale_Chunk_256(Chunk_With_Children*, char const*)
0022839c 000000b0 t RifCreateClassObjectLight_Chunk_74(Chunk_With_Children*, char const*)
0022844c 000000a4 t RifCreateClassObjectLight_Set_Chunk_12(Chunk_With_Children*, char const*)
002284f0 000000a0 T Shape_Vertex_Intensities_Chunk::Shape_Vertex_Intensities_Chunk(Chunk_With_Children*, char const*, unsigned int)
002284f0 000000a0 T Shape_Vertex_Intensities_Chunk::Shape_Vertex_Intensities_Chunk(Chunk_With_Children*, char const*, unsigned int)
00228590 00000034 t RifCreateClassObjectShape_Vertex_Intensities_Chunk_155(Chunk_With_Children*, char const*)
002285c4 000000a8 T Placed_Object_Light_Chunk::Placed_Object_Light_Chunk(Chunk_With_Children*, char const*, unsigned int)
002285c4 000000a8 T Placed_Object_Light_Chunk::Placed_Object_Light_Chunk(Chunk_With_Children*, char const*, unsigned int)
0022866c 00000034 t RifCreateClassObjectPlaced_Object_Light_Chunk_347(Chunk_With_Children*, char const*)
002286a0 000000b0 t _GLOBAL__sub_I___Chunk_Include_ltchunk
00228750 00000004 W MediaMemoryReadMedium::~MediaMemoryReadMedium()
00228750 00000004 W MediaMemoryReadMedium::~MediaMemoryReadMedium()
00228754 00000020 T MediaMedium::GetReadBuffer(unsigned int*, unsigned int)
00228754 00000020 T MediaMedium::GetWriteBuffer(unsigned int*, unsigned int)
00228774 00000010 T MediaMedium::CloseReadBuffer(unsigned int)
00228774 00000010 T MediaMedium::CloseWriteBuffer(unsigned int)
00228784 00000010 T MediaMedium::DoReadBlock(void*, unsigned int)
00228784 00000010 T MediaMedium::DoWriteBlock(void const*, unsigned int)
00228794 00000008 T MediaMedium::GetRemainingSize()
0022879c 0000002c T MediaMemoryReadMedium::GetReadBuffer(unsigned int*, unsigned int)
002287c8 00000008 T MediaMemoryReadMedium::DoGetPos()
002287d0 00000008 T MediaMemoryReadMedium::DoSetPos(unsigned int)
002287d8 0000002c T MediaMemoryMedium::GetWriteBuffer(unsigned int*, unsigned int)
00228804 00000070 T MediaSection::GetWriteBuffer(unsigned int*, unsigned int)
00228874 00000070 T MediaSection::GetReadBuffer(unsigned int*, unsigned int)
002288e4 00000088 T MediaSection::DoWriteBlock(void const*, unsigned int)
0022896c 00000088 T MediaSection::DoReadBlock(void*, unsigned int)
002289f4 00000008 T MediaSection::DoGetPos()
002289fc 00000004 W MediaSection::~MediaSection()
002289fc 00000004 W MediaSection::~MediaSection()
00228a00 00000004 W MediaMemoryMedium::~MediaMemoryMedium()
00228a00 00000004 W MediaMemoryMedium::~MediaMemoryMedium()
00228a04 00000030 T MediaStdFileMedium::DoGetPos()
00228a34 00000034 T MediaStdFileMedium::GetWriteBuffer(unsigned int*, unsigned int)
00228a68 000000a0 T MediaStdFileMedium::GetReadBuffer(unsigned int*, unsigned int)
00228b08 00000094 T MediaStdFileMedium::CloseWriteBuffer(unsigned int)
00228b9c 00000088 T MediaStdFileMedium::CloseReadBuffer(unsigned int)
00228c24 00000020 W MediaSection::~MediaSection()
00228c44 00000020 W MediaMemoryReadMedium::~MediaMemoryReadMedium()
00228c64 00000020 W MediaMemoryMedium::~MediaMemoryMedium()
00228c84 00000054 T MediaMemoryMedium::DoWriteBlock(void const*, unsigned int)
00228cd8 00000028 T MediaStdFileMedium::DoSetPos(unsigned int)
00228d00 0000005c T MediaStdFileMedium::DoWriteBlock(void const*, unsigned int)
00228d5c 00000024 T MediaMemoryReadMedium::CloseReadBuffer(unsigned int)
00228d80 00000024 T MediaMemoryMedium::CloseWriteBuffer(unsigned int)
00228da4 00000068 T MediaSection::CloseWriteBuffer(unsigned int)
00228e0c 00000068 T MediaSection::CloseReadBuffer(unsigned int)
00228e74 00000058 T MediaMemoryReadMedium::DoReadBlock(void*, unsigned int)
00228ecc 0000005c T MediaStdFileMedium::DoReadBlock(void*, unsigned int)
00228f28 00000124 T MediaSection::GetRemainingSize()
0022904c 00000194 T MediaSection::DoSetPos(unsigned int)
002291e0 00000124 T MediaStdFileMedium::GetRemainingSize()
00229304 00000010 W RIF_Version_Num_Chunk::size_chunk()
00229314 00000010 W RIF_File_Chunk::size_chunk()
00229324 00000008 W RIF_File_Chunk::output_chunk(int&)
0022932c 00000004 W RIF_File_Chunk::fill_data_block(char*)
00229330 00000004 W List_Member<Shape_Chunk*>::~List_Member()
00229330 00000004 W List_Member<Shape_Chunk*>::~List_Member()
00229334 00000020 W List_Member<Shape_Chunk*>::~List_Member()
00229354 00000020 W RIF_Name_Chunk::size_chunk()
00229374 00000044 t RifCreateClassObjectRIF_Version_Num_Chunk_1619(Chunk_With_Children*, char const*)
002293b8 00000044 T File_Chunk::~File_Chunk()
002293b8 00000044 T File_Chunk::~File_Chunk()
002293fc 00000020 W RIF_File_Chunk::~RIF_File_Chunk()
002293fc 00000020 W RIF_File_Chunk::~RIF_File_Chunk()
0022941c 0000002c W RIF_File_Chunk::~RIF_File_Chunk()
00229448 0000002c T RIF_Version_Num_Chunk::fill_data_block(char*)
00229474 00000030 T RIF_Name_Chunk::fill_data_block(char*)
002294a4 00000034 T RIF_Name_Chunk::~RIF_Name_Chunk()
002294a4 00000034 T RIF_Name_Chunk::~RIF_Name_Chunk()
002294d8 00000020 W RIF_Version_Num_Chunk::~RIF_Version_Num_Chunk()
002294d8 00000020 W RIF_Version_Num_Chunk::~RIF_Version_Num_Chunk()
002294f8 0000002c W RIF_Version_Num_Chunk::~RIF_Version_Num_Chunk()
00229524 00000024 T Lockable_Chunk_With_Children::size_chunk_for_process()
00229548 00000038 T Lockable_Chunk_With_Children::fill_data_block_for_process(char*)
00229580 000001cc t File_Chunk::write_file(char const*) [clone .part.0]
0022974c 00000040 T RIF_Name_Chunk::~RIF_Name_Chunk()
0022978c 00000050 T File_Chunk::~File_Chunk()
002297dc 0000006c t RifCreateClassObjectRIF_Name_Chunk_1639(Chunk_With_Children*, char const*)
00229848 00000694 T File_Chunk::post_input_processing()
00229edc 0000068c T RIF_File_Chunk::post_input_processing()
0022a568 000002bc T File_Chunk::File_Chunk(char const*)
0022a568 000002bc T File_Chunk::File_Chunk(char const*)
0022a824 0000017c T File_Chunk::list_objects(List<Object_Chunk*>*)
0022a9a0 0000017c T File_Chunk::list_shapes(List<Shape_Chunk*>*)
0022ab1c 000002fc T File_Chunk::update_file()
0022ae18 00000250 T File_Chunk::build_object_array()
0022b068 0000007c T File_Chunk::get_object_by_index(int)
0022b0e4 00000038 t _GLOBAL__sub_I___Chunk_Include_mishchnk
0022b11c 00000020 W Object_Notes_Chunk::size_chunk()
0022b13c 00000010 W Module_Flag_Chunk::size_chunk()
0022b14c 00000010 W Module_Zone_Chunk::size_chunk()
0022b15c 00000010 W Module_Acoustics_Chunk::size_chunk()
0022b16c 00000010 T Object_Header_Chunk::prepare_for_output()
0022b17c 00000018 T VModule_Array_Chunk::size_chunk()
0022b194 0000001c T Adjacent_Module_Entry_Points_Chunk::size_chunk()
0022b1b0 00000020 T Object_Track_Chunk2::size_chunk()
0022b1d0 0000001c T Object_Alternate_Locations_Chunk::size_chunk()
0022b1ec 00000004 W List_Member_Base<Adjacent_Module>::~List_Member_Base()
0022b1ec 00000004 W List_Member_Base<Adjacent_Module>::~List_Member_Base()
0022b1f0 00000044 t RifCreateClassObjectModule_Flag_Chunk_895(Chunk_With_Children*, char const*)
0022b234 00000044 t RifCreateClassObjectModule_Zone_Chunk_927(Chunk_With_Children*, char const*)
0022b278 00000054 t RifCreateClassObjectModule_Acoustics_Chunk_961(Chunk_With_Children*, char const*)
0022b2cc 00000020 W Object_Interface_Data_Chunk::~Object_Interface_Data_Chunk()
0022b2cc 00000020 W Object_Interface_Data_Chunk::~Object_Interface_Data_Chunk()
0022b2ec 00000020 W Object_Module_Data_Chunk::~Object_Module_Data_Chunk()
0022b2ec 00000020 W Object_Module_Data_Chunk::~Object_Module_Data_Chunk()
0022b30c 00000020 W Object_Project_Data_Chunk::~Object_Project_Data_Chunk()
0022b30c 00000020 W Object_Project_Data_Chunk::~Object_Project_Data_Chunk()
0022b32c 00000020 T Object_Chunk::~Object_Chunk()
0022b32c 00000020 T Object_Chunk::~Object_Chunk()
0022b34c 00000020 W List_Member_Base<Adjacent_Module>::~List_Member_Base()
0022b36c 0000002c W Object_Interface_Data_Chunk::~Object_Interface_Data_Chunk()
0022b398 0000002c W Object_Module_Data_Chunk::~Object_Module_Data_Chunk()
0022b3c4 0000002c W Object_Project_Data_Chunk::~Object_Project_Data_Chunk()
0022b3f0 0000002c T Object_Chunk::~Object_Chunk()
0022b41c 0000001c T Object_Chunk::get_head_id()
0022b438 0000005c T Object_Notes_Chunk::fill_data_block(char*)
0022b494 00000078 T VModule_Array_Chunk::fill_data_block(char*)
0022b50c 00000034 T Module_Flag_Chunk::fill_data_block(char*)
0022b540 00000034 T Module_Zone_Chunk::fill_data_block(char*)
0022b574 0000003c T Module_Acoustics_Chunk::fill_data_block(char*)
0022b5b0 0000008c T Object_Track_Chunk2::fill_data_block(char*)
0022b63c 0000008c T Object_Alternate_Locations_Chunk::fill_data_block(char*)
0022b6c8 00000048 T Object_Chunk::set_lock_user(char*)
0022b710 00000020 W List_Member<Adjacent_Module>::~List_Member()
0022b710 00000020 W List_Member<Adjacent_Module>::~List_Member()
0022b730 0000002c W List_Member<Adjacent_Module>::~List_Member()
0022b75c 00000084 T Object_Header_Chunk::fill_data_block(char*)
0022b7e0 00000064 T Object_Track_Sound_Chunk::fill_data_block(char*)
0022b844 0000003c T Object_Header_Chunk::size_chunk()
0022b880 0000002c T Object_Track_Sound_Chunk::size_chunk()
0022b8ac 00000064 T Object_Header_Chunk::output_chunk(int&)
0022b910 00000064 T Object_Notes_Chunk::output_chunk(int&)
0022b974 00000034 T Object_Notes_Chunk::~Object_Notes_Chunk()
0022b974 00000034 T Object_Notes_Chunk::~Object_Notes_Chunk()
0022b9a8 00000034 T Object_Track_Chunk2::~Object_Track_Chunk2()
0022b9a8 00000034 T Object_Track_Chunk2::~Object_Track_Chunk2()
0022b9dc 00000034 T Object_Track_Sound_Chunk::~Object_Track_Sound_Chunk()
0022b9dc 00000034 T Object_Track_Sound_Chunk::~Object_Track_Sound_Chunk()
0022ba10 00000034 T Object_Alternate_Locations_Chunk::~Object_Alternate_Locations_Chunk()
0022ba10 00000034 T Object_Alternate_Locations_Chunk::~Object_Alternate_Locations_Chunk()
0022ba44 00000020 W Module_Acoustics_Chunk::~Module_Acoustics_Chunk()
0022ba44 00000020 W Module_Acoustics_Chunk::~Module_Acoustics_Chunk()
0022ba64 0000002c W Module_Acoustics_Chunk::~Module_Acoustics_Chunk()
0022ba90 00000020 W Module_Zone_Chunk::~Module_Zone_Chunk()
0022ba90 00000020 W Module_Zone_Chunk::~Module_Zone_Chunk()
0022bab0 0000002c W Module_Zone_Chunk::~Module_Zone_Chunk()
0022badc 00000020 W Module_Flag_Chunk::~Module_Flag_Chunk()
0022badc 00000020 W Module_Flag_Chunk::~Module_Flag_Chunk()
0022bafc 0000002c W Module_Flag_Chunk::~Module_Flag_Chunk()
0022bb28 00000020 W Object_Header_Chunk::~Object_Header_Chunk()
0022bb28 00000020 W Object_Header_Chunk::~Object_Header_Chunk()
0022bb48 0000002c W Object_Header_Chunk::~Object_Header_Chunk()
0022bb74 00000074 T VModule_Array_Chunk::~VModule_Array_Chunk()
0022bb74 00000074 T VModule_Array_Chunk::~VModule_Array_Chunk()
0022bbe8 00000020 T VModule_Array_Chunk::~VModule_Array_Chunk()
0022bc08 00000214 T Object_Chunk::file_equals(int&)
0022be1c 0000013c W Adjacent_Module_Entry_Points_Chunk::~Adjacent_Module_Entry_Points_Chunk()
0022be1c 0000013c W Adjacent_Module_Entry_Points_Chunk::~Adjacent_Module_Entry_Points_Chunk()
0022bf58 00000148 W Adjacent_Module_Entry_Points_Chunk::~Adjacent_Module_Entry_Points_Chunk()
0022c0a0 00000040 T Object_Notes_Chunk::~Object_Notes_Chunk()
0022c0e0 00000040 T Object_Track_Chunk2::~Object_Track_Chunk2()
0022c120 00000040 T Object_Track_Sound_Chunk::~Object_Track_Sound_Chunk()
0022c160 00000040 T Object_Alternate_Locations_Chunk::~Object_Alternate_Locations_Chunk()
0022c1a0 0000006c T Adjacent_Module_Entry_Points_Chunk::fill_data_block(char*)
0022c20c 000000a4 t RifCreateClassObjectObject_Interface_Data_Chunk_542(Chunk_With_Children*, char const*)
0022c2b0 000000a4 t RifCreateClassObjectObject_Module_Data_Chunk_631(Chunk_With_Children*, char const*)
0022c354 000000a4 t RifCreateClassObjectObject_Project_Data_Chunk_1244(Chunk_With_Children*, char const*)
0022c3f8 00000094 t RifCreateClassObjectObject_Notes_Chunk_578(Chunk_With_Children*, char const*)
0022c48c 000000c8 T Object_Chunk::Object_Chunk(Chunk_With_Children*, char const*, unsigned int)
0022c48c 000000c8 T Object_Chunk::Object_Chunk(Chunk_With_Children*, char const*, unsigned int)
0022c554 00000034 t RifCreateClassObjectObject_Chunk_13(Chunk_With_Children*, char const*)
0022c588 0000000c T Object_Chunk::get_header()
0022c594 00000030 T Object_Chunk::get_assoc_shape()
0022c5c4 0000011c T Object_Chunk::deassoc_with_shape(Shape_Chunk*)
0022c6e0 00000124 T Object_Chunk::assoc_with_shape(Shape_Chunk*)
0022c804 00000234 T Object_Chunk::CalculateID()
0022ca38 0000005c T Object_Chunk::post_input_processing()
0022ca94 000000bc T Object_Header_Chunk::Object_Header_Chunk(Chunk_With_Children*, char const*, unsigned int)
0022ca94 000000bc T Object_Header_Chunk::Object_Header_Chunk(Chunk_With_Children*, char const*, unsigned int)
0022cb50 00000034 t RifCreateClassObjectObject_Header_Chunk_416(Chunk_With_Children*, char const*)
0022cb84 000000c0 T VModule_Array_Chunk::VModule_Array_Chunk(Chunk_With_Children*, char const*, unsigned int)
0022cb84 000000c0 T VModule_Array_Chunk::VModule_Array_Chunk(Chunk_With_Children*, char const*, unsigned int)
0022cc44 00000034 t RifCreateClassObjectVModule_Array_Chunk_665(Chunk_With_Children*, char const*)
0022cc78 0000010c T Adjacent_Module_Entry_Points_Chunk::Adjacent_Module_Entry_Points_Chunk(Chunk_With_Children*, char const*, unsigned int)
0022cc78 0000010c T Adjacent_Module_Entry_Points_Chunk::Adjacent_Module_Entry_Points_Chunk(Chunk_With_Children*, char const*, unsigned int)
0022cd84 00000034 t RifCreateClassObjectAdjacent_Module_Entry_Points_Chunk_827(Chunk_With_Children*, char const*)
0022cdb8 00000168 T Object_Track_Chunk2::Object_Track_Chunk2(Chunk_With_Children*, char const*, unsigned int)
0022cdb8 00000168 T Object_Track_Chunk2::Object_Track_Chunk2(Chunk_With_Children*, char const*, unsigned int)
0022cf20 00000034 t RifCreateClassObjectObject_Track_Chunk2_1003(Chunk_With_Children*, char const*)
0022cf54 00000070 T Object_Track_Sound_Chunk::Object_Track_Sound_Chunk(Chunk_With_Children*, char const*, unsigned int)
0022cf54 00000070 T Object_Track_Sound_Chunk::Object_Track_Sound_Chunk(Chunk_With_Children*, char const*, unsigned int)
0022cfc4 00000034 t RifCreateClassObjectObject_Track_Sound_Chunk_1097(Chunk_With_Children*, char const*)
0022cff8 000000d0 T Object_Alternate_Locations_Chunk::Object_Alternate_Locations_Chunk(Chunk_With_Children*, char const*, unsigned int)
0022cff8 000000d0 T Object_Alternate_Locations_Chunk::Object_Alternate_Locations_Chunk(Chunk_With_Children*, char const*, unsigned int)
0022d0c8 00000034 t RifCreateClassObjectObject_Alternate_Locations_Chunk_1171(Chunk_With_Children*, char const*)
0022d0fc 00000158 t _GLOBAL__sub_I___Chunk_Include_obchunk
0022d254 00000010 W Map_Block_Chunk::size_chunk()
0022d264 00000010 W Strategy_Chunk::size_chunk()
0022d274 000000f0 T Map_Block_Chunk::fill_data_block(char*)
0022d364 00000050 T Strategy_Chunk::fill_data_block(char*)
0022d3b4 00000064 T Map_Block_Chunk::output_chunk(int&)
0022d418 00000064 T Strategy_Chunk::output_chunk(int&)
0022d47c 00000020 W Strategy_Chunk::~Strategy_Chunk()
0022d47c 00000020 W Strategy_Chunk::~Strategy_Chunk()
0022d49c 0000002c W Strategy_Chunk::~Strategy_Chunk()
0022d4c8 00000020 W Map_Block_Chunk::~Map_Block_Chunk()
0022d4c8 00000020 W Map_Block_Chunk::~Map_Block_Chunk()
0022d4e8 0000002c W Map_Block_Chunk::~Map_Block_Chunk()
0022d514 00000064 t RifCreateClassObjectStrategy_Chunk_39(Chunk_With_Children*, char const*)
0022d578 000000d4 T Map_Block_Chunk::Map_Block_Chunk(Chunk_With_Children*, char const*, unsigned int)
0022d578 000000d4 T Map_Block_Chunk::Map_Block_Chunk(Chunk_With_Children*, char const*, unsigned int)
0022d64c 00000034 t RifCreateClassObjectMap_Block_Chunk_9(Chunk_With_Children*, char const*)
0022d680 00000038 t _GLOBAL__sub_I___Chunk_Include_oechunk
0022d6b8 00000018 T AllocMem
0022d6d0 00000038 T DeallocMem
0022d708 000001d0 T SetupPolygonAccess
0022d8d8 00000020 T AccessNextPolygon
0022d8f8 00000088 T GetPolygonVertices
0022d980 000000fc T GetPolygonNormal
0022da7c 00000048 T SetupPolygonAccessFromShapeIndex
0022dac4 00000004 T SetupPolygonFlagAccessForShape
0022dac8 00000008 T Request_PolyFlags
0022dad0 00000048 T WideMul2NarrowDiv
0022db18 000000e4 T MakeNormal
0022dc00 00000078 T Normalise
0022dc78 00000034 T Magnitude
0022dcac 0000004c T _Dot
0022dcf8 00000010 W Console_Type_Chunk::size_chunk()
0022dd08 0000001c W Shape_Vertex_Chunk::size_chunk()
0022dd24 0000001c W Shape_Vertex_Normal_Chunk::size_chunk()
0022dd40 0000001c W Shape_Polygon_Normal_Chunk::size_chunk()
0022dd5c 0000001c W Shape_Polygon_Chunk::size_chunk()
0022dd78 00000010 W Shape_Centre_Chunk::size_chunk()
0022dd88 00000018 W Shape_Merge_Data_Chunk::size_chunk()
0022dda0 0000001c W Shape_Morphing_Frame_Data_Chunk::size_chunk()
0022ddbc 0000001c W Shape_Poly_Change_Info_Chunk::size_chunk()
0022ddd8 00000010 W Shape_Fragments_Data_Chunk::size_chunk()
0022dde8 00000010 W Shape_Fragment_Location_Chunk::size_chunk()
0022ddf8 00000020 W Shape_Preprocessed_Data_Chunk::size_chunk()
0022de18 00000054 T Shape_UV_Coord_Chunk::size_chunk()
0022de6c 00000010 T Shape_Sub_Shape_Header_Chunk::size_chunk()
0022de7c 00000018 T Poly_Not_In_Bounding_Box_Chunk::size_chunk()
0022de94 00000010 T Anim_Shape_Centre_Chunk::size_chunk()
0022dea4 00000004 W List_Member_Base<a_frame*>::~List_Member_Base()
0022dea4 00000004 W List_Member_Base<a_frame*>::~List_Member_Base()
0022dea8 00000004 W List_Member_Base<poly_change_info>::~List_Member_Base()
0022dea8 00000004 W List_Member_Base<poly_change_info>::~List_Member_Base()
0022deac 00000004 W List_Member_Base<Shape_Sub_Shape_Chunk*>::~List_Member_Base()
0022deac 00000004 W List_Member_Base<Shape_Sub_Shape_Chunk*>::~List_Member_Base()
0022deb0 00000004 W List_Member<Shape_Sub_Shape_Chunk*>::~List_Member()
0022deb0 00000004 W List_Member<Shape_Sub_Shape_Chunk*>::~List_Member()
0022deb4 00000004 W List_Member<a_frame*>::~List_Member()
0022deb4 00000004 W List_Member<a_frame*>::~List_Member()
0022deb8 00000004 W List_Member<poly_change_info>::~List_Member()
0022deb8 00000004 W List_Member<poly_change_info>::~List_Member()
0022debc 00000004 T Shape_External_File_Chunk::post_input_processing()
0022dec0 00000044 t RifCreateClassObjectConsole_Type_Chunk_3247(Chunk_With_Children*, char const*)
0022df04 00000044 T Shape_Chunk::post_input_processing()
0022df48 0000001c T Shape_Chunk::get_head_id()
0022df64 00000020 W List_Member<poly_change_info>::~List_Member()
0022df84 00000020 W List_Member_Base<poly_change_info>::~List_Member_Base()
0022dfa4 00000020 W List_Member_Base<a_frame*>::~List_Member_Base()
0022dfc4 00000020 W List_Member<a_frame*>::~List_Member()
0022dfe4 00000020 W List_Member_Base<Shape_Sub_Shape_Chunk*>::~List_Member_Base()
0022e004 00000020 W List_Member<Shape_Sub_Shape_Chunk*>::~List_Member()
0022e024 00000020 W Shape_Fragments_Chunk::~Shape_Fragments_Chunk()
0022e024 00000020 W Shape_Fragments_Chunk::~Shape_Fragments_Chunk()
0022e044 0000002c W Shape_Fragments_Chunk::~Shape_Fragments_Chunk()
0022e070 00000020 W Shape_Morphing_Data_Chunk::~Shape_Morphing_Data_Chunk()
0022e070 00000020 W Shape_Morphing_Data_Chunk::~Shape_Morphing_Data_Chunk()
0022e090 0000002c W Shape_Morphing_Data_Chunk::~Shape_Morphing_Data_Chunk()
0022e0bc 00000020 W Shape_External_File_Chunk::~Shape_External_File_Chunk()
0022e0bc 00000020 W Shape_External_File_Chunk::~Shape_External_File_Chunk()
0022e0dc 0000002c W Shape_External_File_Chunk::~Shape_External_File_Chunk()
0022e108 00000020 W Anim_Shape_Alternate_Texturing_Chunk::~Anim_Shape_Alternate_Texturing_Chunk()
0022e108 00000020 W Anim_Shape_Alternate_Texturing_Chunk::~Anim_Shape_Alternate_Texturing_Chunk()
0022e128 0000002c W Anim_Shape_Alternate_Texturing_Chunk::~Anim_Shape_Alternate_Texturing_Chunk()
0022e154 00000020 W Anim_Shape_Frame_Chunk::~Anim_Shape_Frame_Chunk()
0022e154 00000020 W Anim_Shape_Frame_Chunk::~Anim_Shape_Frame_Chunk()
0022e174 0000002c W Anim_Shape_Frame_Chunk::~Anim_Shape_Frame_Chunk()
0022e1a0 00000028 T Shape_Sub_Shape_Chunk::~Shape_Sub_Shape_Chunk()
0022e1a0 00000028 T Shape_Sub_Shape_Chunk::~Shape_Sub_Shape_Chunk()
0022e1c8 00000034 T Shape_Chunk::~Shape_Chunk()
0022e1c8 00000034 T Shape_Chunk::~Shape_Chunk()
0022e1fc 0000004c W Shape_Preprocessed_Data_Chunk::~Shape_Preprocessed_Data_Chunk()
0022e1fc 0000004c W Shape_Preprocessed_Data_Chunk::~Shape_Preprocessed_Data_Chunk()
0022e248 00000020 W Shape_Fragment_Location_Chunk::~Shape_Fragment_Location_Chunk()
0022e248 00000020 W Shape_Fragment_Location_Chunk::~Shape_Fragment_Location_Chunk()
0022e268 0000002c W Shape_Fragment_Location_Chunk::~Shape_Fragment_Location_Chunk()
0022e294 00000020 W Shape_Fragments_Data_Chunk::~Shape_Fragments_Data_Chunk()
0022e294 00000020 W Shape_Fragments_Data_Chunk::~Shape_Fragments_Data_Chunk()
0022e2b4 0000002c W Shape_Fragments_Data_Chunk::~Shape_Fragments_Data_Chunk()
0022e2e0 00000020 W Shape_Texture_Filenames_Chunk::~Shape_Texture_Filenames_Chunk()
0022e2e0 00000020 W Shape_Texture_Filenames_Chunk::~Shape_Texture_Filenames_Chunk()
0022e300 0000002c W Shape_Texture_Filenames_Chunk::~Shape_Texture_Filenames_Chunk()
0022e32c 00000020 W Shape_UV_Coord_Chunk::~Shape_UV_Coord_Chunk()
0022e32c 00000020 W Shape_UV_Coord_Chunk::~Shape_UV_Coord_Chunk()
0022e34c 0000002c W Shape_UV_Coord_Chunk::~Shape_UV_Coord_Chunk()
0022e378 00000020 W Shape_Centre_Chunk::~Shape_Centre_Chunk()
0022e378 00000020 W Shape_Centre_Chunk::~Shape_Centre_Chunk()
0022e398 0000002c W Shape_Centre_Chunk::~Shape_Centre_Chunk()
0022e3c4 00000020 W Shape_Polygon_Chunk::~Shape_Polygon_Chunk()
0022e3c4 00000020 W Shape_Polygon_Chunk::~Shape_Polygon_Chunk()
0022e3e4 0000002c W Shape_Polygon_Chunk::~Shape_Polygon_Chunk()
0022e410 00000020 W Shape_Polygon_Normal_Chunk::~Shape_Polygon_Normal_Chunk()
0022e410 00000020 W Shape_Polygon_Normal_Chunk::~Shape_Polygon_Normal_Chunk()
0022e430 0000002c W Shape_Polygon_Normal_Chunk::~Shape_Polygon_Normal_Chunk()
0022e45c 00000020 W Shape_Vertex_Normal_Chunk::~Shape_Vertex_Normal_Chunk()
0022e45c 00000020 W Shape_Vertex_Normal_Chunk::~Shape_Vertex_Normal_Chunk()
0022e47c 0000002c W Shape_Vertex_Normal_Chunk::~Shape_Vertex_Normal_Chunk()
0022e4a8 00000020 W Shape_Vertex_Chunk::~Shape_Vertex_Chunk()
0022e4a8 00000020 W Shape_Vertex_Chunk::~Shape_Vertex_Chunk()
0022e4c8 0000002c W Shape_Vertex_Chunk::~Shape_Vertex_Chunk()
0022e4f4 00000020 W Console_Type_Chunk::~Console_Type_Chunk()
0022e4f4 00000020 W Console_Type_Chunk::~Console_Type_Chunk()
0022e514 0000002c W Console_Type_Chunk::~Console_Type_Chunk()
0022e540 00000020 W Anim_Shape_Frame_Data_Chunk::~Anim_Shape_Frame_Data_Chunk()
0022e540 00000020 W Anim_Shape_Frame_Data_Chunk::~Anim_Shape_Frame_Data_Chunk()
0022e560 0000002c W Anim_Shape_Frame_Data_Chunk::~Anim_Shape_Frame_Data_Chunk()
0022e58c 00000020 W Anim_Shape_Sequence_Data_Chunk::~Anim_Shape_Sequence_Data_Chunk()
0022e58c 00000020 W Anim_Shape_Sequence_Data_Chunk::~Anim_Shape_Sequence_Data_Chunk()
0022e5ac 0000002c W Anim_Shape_Sequence_Data_Chunk::~Anim_Shape_Sequence_Data_Chunk()
0022e5d8 00000020 W Anim_Shape_Centre_Chunk::~Anim_Shape_Centre_Chunk()
0022e5d8 00000020 W Anim_Shape_Centre_Chunk::~Anim_Shape_Centre_Chunk()
0022e5f8 0000002c W Anim_Shape_Centre_Chunk::~Anim_Shape_Centre_Chunk()
0022e624 00000040 T Shape_Merge_Data_Chunk::~Shape_Merge_Data_Chunk()
0022e624 00000040 T Shape_Merge_Data_Chunk::~Shape_Merge_Data_Chunk()
0022e664 00000034 T Shape_External_Filename_Chunk::~Shape_External_Filename_Chunk()
0022e664 00000034 T Shape_External_Filename_Chunk::~Shape_External_Filename_Chunk()
0022e698 00000044 T Shape_External_Object_Name_Chunk::~Shape_External_Object_Name_Chunk()
0022e698 00000044 T Shape_External_Object_Name_Chunk::~Shape_External_Object_Name_Chunk()
0022e6dc 00000020 T Shape_Sub_Shape_Header_Chunk::~Shape_Sub_Shape_Header_Chunk()
0022e6dc 00000020 T Shape_Sub_Shape_Header_Chunk::~Shape_Sub_Shape_Header_Chunk()
0022e6fc 0000002c T Shape_Sub_Shape_Header_Chunk::~Shape_Sub_Shape_Header_Chunk()
0022e728 00000034 T Shape_Name_Chunk::~Shape_Name_Chunk()
0022e728 00000034 T Shape_Name_Chunk::~Shape_Name_Chunk()
0022e75c 00000034 T Shape_Fragment_Type_Chunk::~Shape_Fragment_Type_Chunk()
0022e75c 00000034 T Shape_Fragment_Type_Chunk::~Shape_Fragment_Type_Chunk()
0022e790 00000028 W Anim_Shape_Sequence_Chunk::~Anim_Shape_Sequence_Chunk()
0022e790 00000028 W Anim_Shape_Sequence_Chunk::~Anim_Shape_Sequence_Chunk()
0022e7b8 00000068 T Shape_Vertex_Chunk::fill_data_block(char*)
0022e820 00000064 T Shape_Vertex_Normal_Chunk::fill_data_block(char*)
0022e884 00000064 T Shape_Polygon_Normal_Chunk::fill_data_block(char*)
0022e8e8 000000e0 T Shape_Polygon_Chunk::fill_data_block(char*)
0022e9c8 0000008c T Shape_UV_Coord_Chunk::fill_data_block(char*)
0022ea54 0000005c T Shape_Merge_Data_Chunk::fill_data_block(char*)
0022eab0 00000080 T Shape_Morphing_Frame_Data_Chunk::fill_data_block(char*)
0022eb30 00000084 T Shape_Sub_Shape_Header_Chunk::fill_data_block(char*)
0022ebb4 00000044 T Shape_Fragments_Data_Chunk::fill_data_block(char*)
0022ebf8 00000058 T Shape_Fragment_Location_Chunk::fill_data_block(char*)
0022ec50 00000048 T Anim_Shape_Centre_Chunk::fill_data_block(char*)
0022ec98 0000002c T Console_Type_Chunk::fill_data_block(char*)
0022ecc4 00000048 T Shape_Chunk::set_lock_user(char*)
0022ed0c 00000094 T Shape_Centre_Chunk::fill_data_block(char*)
0022eda0 00000064 T Shape_Vertex_Chunk::output_chunk(int&)
0022ee04 00000064 T Shape_Vertex_Normal_Chunk::output_chunk(int&)
0022ee68 00000064 T Shape_Polygon_Normal_Chunk::output_chunk(int&)
0022eecc 00000064 T Shape_Polygon_Chunk::output_chunk(int&)
0022ef30 00000064 T Shape_UV_Coord_Chunk::output_chunk(int&)
0022ef94 00000064 T Shape_Texture_Filenames_Chunk::output_chunk(int&)
0022eff8 00000064 T Shape_Header_Chunk::output_chunk(int&)
0022f05c 00000064 T Shape_Texture_Filenames_Chunk::size_chunk()
0022f0c0 0000002c T Shape_Fragment_Type_Chunk::size_chunk()
0022f0ec 00000044 T Anim_Shape_Sequence_Data_Chunk::size_chunk()
0022f130 00000044 T Anim_Shape_Frame_Data_Chunk::size_chunk()
0022f174 00000020 W Shape_Name_Chunk::size_chunk()
0022f194 00000020 W Shape_External_Object_Name_Chunk::size_chunk()
0022f1b4 00000020 W Shape_External_Filename_Chunk::size_chunk()
0022f1d4 00000044 T Shape_External_Filename_Chunk::fill_data_block(char*)
0022f218 0000003c T Shape_External_Object_Name_Chunk::fill_data_block(char*)
0022f254 00000030 T Shape_Name_Chunk::fill_data_block(char*)
0022f284 00000058 T Shape_Fragment_Type_Chunk::fill_data_block(char*)
0022f2dc 0000006c T Anim_Shape_Sequence_Data_Chunk::fill_data_block(char*)
0022f348 0000006c T Anim_Shape_Frame_Data_Chunk::fill_data_block(char*)
0022f3b4 00000074 T Shape_Texture_Filenames_Chunk::fill_data_block(char*)
0022f428 00000094 T Shape_External_Object_Name_Chunk::post_input_processing()
0022f4bc 0000006c T Shape_Preprocessed_Data_Chunk::fill_data_block(char*)
0022f528 00000034 W Anim_Shape_Sequence_Chunk::~Anim_Shape_Sequence_Chunk()
0022f55c 00000148 W Poly_Not_In_Bounding_Box_Chunk::~Poly_Not_In_Bounding_Box_Chunk()
0022f6a4 0000013c W Shape_Poly_Change_Info_Chunk::~Shape_Poly_Change_Info_Chunk()
0022f6a4 0000013c W Shape_Poly_Change_Info_Chunk::~Shape_Poly_Change_Info_Chunk()
0022f7e0 00000148 W Shape_Poly_Change_Info_Chunk::~Shape_Poly_Change_Info_Chunk()
0022f928 00000040 T Shape_Chunk::~Shape_Chunk()
0022f968 00000034 T Shape_Sub_Shape_Chunk::~Shape_Sub_Shape_Chunk()
0022f99c 00000188 T Shape_Morphing_Frame_Data_Chunk::~Shape_Morphing_Frame_Data_Chunk()
0022f99c 00000188 T Shape_Morphing_Frame_Data_Chunk::~Shape_Morphing_Frame_Data_Chunk()
0022fb24 00000020 T Shape_Morphing_Frame_Data_Chunk::~Shape_Morphing_Frame_Data_Chunk()
0022fb44 00000054 t RifCreateClassObjectShape_Fragments_Data_Chunk_2441(Chunk_With_Children*, char const*)
0022fb98 00000040 T Shape_External_Filename_Chunk::~Shape_External_Filename_Chunk()
0022fbd8 00000040 T Shape_Name_Chunk::~Shape_Name_Chunk()
0022fc18 00000040 T Shape_Fragment_Type_Chunk::~Shape_Fragment_Type_Chunk()
0022fc58 0000005c t RifCreateClassObjectAnim_Shape_Centre_Chunk_3089(Chunk_With_Children*, char const*)
0022fcb4 00000058 W Shape_Preprocessed_Data_Chunk::~Shape_Preprocessed_Data_Chunk()
0022fd0c 0000006c t RifCreateClassObjectShape_Fragment_Location_Chunk_2494(Chunk_With_Children*, char const*)
0022fd78 0000004c T Shape_Merge_Data_Chunk::~Shape_Merge_Data_Chunk()
0022fdc4 0000005c T Poly_Not_In_Bounding_Box_Chunk::fill_data_block(char*)
0022fe20 00000074 T Shape_Poly_Change_Info_Chunk::fill_data_block(char*)
0022fe94 00000050 T Shape_External_Object_Name_Chunk::~Shape_External_Object_Name_Chunk()
0022fee4 0000006c t RifCreateClassObjectShape_Name_Chunk_2385(Chunk_With_Children*, char const*)
0022ff50 00000060 T Shape_Header_Chunk::size_chunk()
0022ffb0 0000007c t RifCreateClassObjectShape_External_Object_Name_Chunk_1650(Chunk_With_Children*, char const*)
0023002c 0000021c T Shape_Chunk::file_equals(int&)
00230248 0000007c t RifCreateClassObjectShape_External_Filename_Chunk_1597(Chunk_With_Children*, char const*)
002302c4 0000013c W Poly_Not_In_Bounding_Box_Chunk::~Poly_Not_In_Bounding_Box_Chunk()
002302c4 0000013c W Poly_Not_In_Bounding_Box_Chunk::~Poly_Not_In_Bounding_Box_Chunk()
00230400 0000016c T Shape_Header_Chunk::fill_data_block(char*)
0023056c 00000314 T Shape_Header_Chunk::prepare_for_output()
00230880 000002a0 T Shape_Header_Chunk::~Shape_Header_Chunk()
00230880 000002a0 T Shape_Header_Chunk::~Shape_Header_Chunk()
00230b20 00000020 T Shape_Header_Chunk::~Shape_Header_Chunk()
00230b40 000000a4 t RifCreateClassObjectShape_External_File_Chunk_1548(Chunk_With_Children*, char const*)
00230be4 000000a4 t RifCreateClassObjectShape_Fragments_Chunk_2426(Chunk_With_Children*, char const*)
00230c88 000000a4 t RifCreateClassObjectAnim_Shape_Frame_Chunk_2804(Chunk_With_Children*, char const*)
00230d2c 000000a4 t RifCreateClassObjectAnim_Shape_Alternate_Texturing_Chunk_2973(Chunk_With_Children*, char const*)
00230dd0 00000124 t __tcf_ZZN11Shape_Chunk15list_assoc_objsEvE10empty_list
00230ef4 0000009c t RifCreateClassObjectShape_Sub_Shape_Header_Chunk_2221(Chunk_With_Children*, char const*)
00230f90 000001e4 T Shape_Morphing_Frame_Data_Chunk::prepare_for_output()
00231174 0000021c T Anim_Shape_Sequence_Chunk::post_input_processing()
00231390 000002e8 T Shape_Morphing_Data_Chunk::prepare_for_output()
00231678 00000604 T Shape_Morphing_Frame_Data_Chunk::post_input_processing()
00231c7c 000000b8 T Shape_Chunk::Shape_Chunk(Chunk_With_Children*, char const*, unsigned int)
00231c7c 000000b8 T Shape_Chunk::Shape_Chunk(Chunk_With_Children*, char const*, unsigned int)
00231d34 00000034 t RifCreateClassObjectShape_Chunk_12(Chunk_With_Children*, char const*)
00231d68 0000000c T Shape_Chunk::get_header()
00231d74 000000c8 T Shape_Chunk::list_assoc_objs()
00231e3c 000000b4 T Shape_Vertex_Chunk::Shape_Vertex_Chunk(Shape_Chunk*, char const*, unsigned int)
00231e3c 000000b4 T Shape_Vertex_Chunk::Shape_Vertex_Chunk(Shape_Chunk*, char const*, unsigned int)
00231ef0 00000034 t RifCreateClassObjectShape_Vertex_Chunk_544(Chunk_With_Children*, char const*)
00231f24 000000b4 T Shape_Vertex_Chunk::Shape_Vertex_Chunk(Shape_Sub_Shape_Chunk*, char const*, unsigned int)
00231f24 000000b4 T Shape_Vertex_Chunk::Shape_Vertex_Chunk(Shape_Sub_Shape_Chunk*, char const*, unsigned int)
00231fd8 00000034 t RifCreateClassObjectShape_Vertex_Chunk_545(Chunk_With_Children*, char const*)
0023200c 00000074 T Shape_Vertex_Chunk::Shape_Vertex_Chunk(Anim_Shape_Frame_Chunk*, char const*, unsigned int)
0023200c 00000074 T Shape_Vertex_Chunk::Shape_Vertex_Chunk(Anim_Shape_Frame_Chunk*, char const*, unsigned int)
00232080 00000034 t RifCreateClassObjectShape_Vertex_Chunk_546(Chunk_With_Children*, char const*)
002320b4 00000080 T Shape_Vertex_Normal_Chunk::Shape_Vertex_Normal_Chunk(Shape_Chunk*, char const*, unsigned int)
002320b4 00000080 T Shape_Vertex_Normal_Chunk::Shape_Vertex_Normal_Chunk(Shape_Chunk*, char const*, unsigned int)
00232134 00000034 t RifCreateClassObjectShape_Vertex_Normal_Chunk_647(Chunk_With_Children*, char const*)
00232168 00000080 T Shape_Vertex_Normal_Chunk::Shape_Vertex_Normal_Chunk(Shape_Sub_Shape_Chunk*, char const*, unsigned int)
00232168 00000080 T Shape_Vertex_Normal_Chunk::Shape_Vertex_Normal_Chunk(Shape_Sub_Shape_Chunk*, char const*, unsigned int)
002321e8 00000034 t RifCreateClassObjectShape_Vertex_Normal_Chunk_648(Chunk_With_Children*, char const*)
0023221c 00000080 T Shape_Polygon_Normal_Chunk::Shape_Polygon_Normal_Chunk(Shape_Chunk*, char const*, unsigned int)
0023221c 00000080 T Shape_Polygon_Normal_Chunk::Shape_Polygon_Normal_Chunk(Shape_Chunk*, char const*, unsigned int)
0023229c 00000034 t RifCreateClassObjectShape_Polygon_Normal_Chunk_726(Chunk_With_Children*, char const*)
002322d0 00000080 T Shape_Polygon_Normal_Chunk::Shape_Polygon_Normal_Chunk(Shape_Sub_Shape_Chunk*, char const*, unsigned int)
002322d0 00000080 T Shape_Polygon_Normal_Chunk::Shape_Polygon_Normal_Chunk(Shape_Sub_Shape_Chunk*, char const*, unsigned int)
00232350 00000034 t RifCreateClassObjectShape_Polygon_Normal_Chunk_727(Chunk_With_Children*, char const*)
00232384 00000074 T Shape_Polygon_Normal_Chunk::Shape_Polygon_Normal_Chunk(Anim_Shape_Frame_Chunk*, char const*, unsigned int)
00232384 00000074 T Shape_Polygon_Normal_Chunk::Shape_Polygon_Normal_Chunk(Anim_Shape_Frame_Chunk*, char const*, unsigned int)
002323f8 00000034 t RifCreateClassObjectShape_Polygon_Normal_Chunk_728(Chunk_With_Children*, char const*)
0023242c 00000100 T Shape_Polygon_Chunk::Shape_Polygon_Chunk(Shape_Chunk*, char const*, unsigned int)
0023242c 00000100 T Shape_Polygon_Chunk::Shape_Polygon_Chunk(Shape_Chunk*, char const*, unsigned int)
0023252c 00000034 t RifCreateClassObjectShape_Polygon_Chunk_825(Chunk_With_Children*, char const*)
00232560 00000100 T Shape_Polygon_Chunk::Shape_Polygon_Chunk(Shape_Sub_Shape_Chunk*, char const*, unsigned int)
00232560 00000100 T Shape_Polygon_Chunk::Shape_Polygon_Chunk(Shape_Sub_Shape_Chunk*, char const*, unsigned int)
00232660 00000034 t RifCreateClassObjectShape_Polygon_Chunk_826(Chunk_With_Children*, char const*)
00232694 000000d4 T Shape_Polygon_Chunk::Shape_Polygon_Chunk(Console_Shape_Chunk*, char const*, unsigned int)
00232694 000000d4 T Shape_Polygon_Chunk::Shape_Polygon_Chunk(Console_Shape_Chunk*, char const*, unsigned int)
00232768 00000034 t RifCreateClassObjectShape_Polygon_Chunk_827(Chunk_With_Children*, char const*)
0023279c 00000090 T Shape_Centre_Chunk::Shape_Centre_Chunk(Chunk_With_Children*, char const*, unsigned int)
0023279c 00000090 T Shape_Centre_Chunk::Shape_Centre_Chunk(Chunk_With_Children*, char const*, unsigned int)
0023282c 00000034 t RifCreateClassObjectShape_Centre_Chunk_965(Chunk_With_Children*, char const*)
00232860 000000e4 T Shape_UV_Coord_Chunk::Shape_UV_Coord_Chunk(Shape_Chunk*, char const*, unsigned int)
00232860 000000e4 T Shape_UV_Coord_Chunk::Shape_UV_Coord_Chunk(Shape_Chunk*, char const*, unsigned int)
00232944 00000034 t RifCreateClassObjectShape_UV_Coord_Chunk_1024(Chunk_With_Children*, char const*)
00232978 000000b8 T Shape_UV_Coord_Chunk::Shape_UV_Coord_Chunk(Shape_Sub_Shape_Chunk*, char const*, unsigned int)
00232978 000000b8 T Shape_UV_Coord_Chunk::Shape_UV_Coord_Chunk(Shape_Sub_Shape_Chunk*, char const*, unsigned int)
00232a30 00000034 t RifCreateClassObjectShape_UV_Coord_Chunk_1025(Chunk_With_Children*, char const*)
00232a64 000000a4 T Shape_UV_Coord_Chunk::Shape_UV_Coord_Chunk(Console_Shape_Chunk*, char const*, unsigned int)
00232a64 000000a4 T Shape_UV_Coord_Chunk::Shape_UV_Coord_Chunk(Console_Shape_Chunk*, char const*, unsigned int)
00232b08 00000034 t RifCreateClassObjectShape_UV_Coord_Chunk_1026(Chunk_With_Children*, char const*)
00232b3c 000000a8 T Shape_Texture_Filenames_Chunk::Shape_Texture_Filenames_Chunk(Shape_Chunk*, char const*, unsigned int)
00232b3c 000000a8 T Shape_Texture_Filenames_Chunk::Shape_Texture_Filenames_Chunk(Shape_Chunk*, char const*, unsigned int)
00232be4 00000034 t RifCreateClassObjectShape_Texture_Filenames_Chunk_1178(Chunk_With_Children*, char const*)
00232c18 000000a8 T Shape_Texture_Filenames_Chunk::Shape_Texture_Filenames_Chunk(Shape_Sub_Shape_Chunk*, char const*, unsigned int)
00232c18 000000a8 T Shape_Texture_Filenames_Chunk::Shape_Texture_Filenames_Chunk(Shape_Sub_Shape_Chunk*, char const*, unsigned int)
00232cc0 00000034 t RifCreateClassObjectShape_Texture_Filenames_Chunk_1179(Chunk_With_Children*, char const*)
00232cf4 000001b4 T Shape_Header_Chunk::Shape_Header_Chunk(Shape_Chunk*, char const*, unsigned int)
00232cf4 000001b4 T Shape_Header_Chunk::Shape_Header_Chunk(Shape_Chunk*, char const*, unsigned int)
00232ea8 00000034 t RifCreateClassObjectShape_Header_Chunk_1282(Chunk_With_Children*, char const*)
00232edc 0000005c T Shape_Merge_Data_Chunk::Shape_Merge_Data_Chunk(Shape_Chunk*, char const*, unsigned int)
00232edc 0000005c T Shape_Merge_Data_Chunk::Shape_Merge_Data_Chunk(Shape_Sub_Shape_Chunk*, char const*, unsigned int)
00232edc 0000005c T Shape_Merge_Data_Chunk::Shape_Merge_Data_Chunk(Shape_Chunk*, char const*, unsigned int)
00232edc 0000005c T Shape_Merge_Data_Chunk::Shape_Merge_Data_Chunk(Shape_Sub_Shape_Chunk*, char const*, unsigned int)
00232f38 00000034 t RifCreateClassObjectShape_Merge_Data_Chunk_1475(Chunk_With_Children*, char const*)
00232f6c 00000034 t RifCreateClassObjectShape_Merge_Data_Chunk_1476(Chunk_With_Children*, char const*)
00232fa0 00000040 T Shape_External_File_Chunk::get_shape_name()
00232fe0 00000098 T Shape_Morphing_Data_Chunk::Shape_Morphing_Data_Chunk(Shape_Chunk*, char const*, unsigned int)
00232fe0 00000098 T Shape_Morphing_Data_Chunk::Shape_Morphing_Data_Chunk(Shape_Chunk*, char const*, unsigned int)
00233078 00000034 t RifCreateClassObjectShape_Morphing_Data_Chunk_1726(Chunk_With_Children*, char const*)
002330ac 00000098 T Shape_Morphing_Data_Chunk::Shape_Morphing_Data_Chunk(Shape_Sub_Shape_Chunk*, char const*, unsigned int)
002330ac 00000098 T Shape_Morphing_Data_Chunk::Shape_Morphing_Data_Chunk(Shape_Sub_Shape_Chunk*, char const*, unsigned int)
00233144 00000034 t RifCreateClassObjectShape_Morphing_Data_Chunk_1727(Chunk_With_Children*, char const*)
00233178 000000f8 T Shape_Morphing_Frame_Data_Chunk::Shape_Morphing_Frame_Data_Chunk(Shape_Morphing_Data_Chunk*, char const*, unsigned int)
00233178 000000f8 T Shape_Morphing_Frame_Data_Chunk::Shape_Morphing_Frame_Data_Chunk(Shape_Morphing_Data_Chunk*, char const*, unsigned int)
00233270 00000034 t RifCreateClassObjectShape_Morphing_Frame_Data_Chunk_1806(Chunk_With_Children*, char const*)
002332a4 000000a0 T Shape_Sub_Shape_Chunk::Shape_Sub_Shape_Chunk(Chunk_With_Children*, char const*, unsigned int)
002332a4 000000a0 T Shape_Sub_Shape_Chunk::Shape_Sub_Shape_Chunk(Chunk_With_Children*, char const*, unsigned int)
00233344 00000034 t RifCreateClassObjectShape_Sub_Shape_Chunk_1989(Chunk_With_Children*, char const*)
00233378 0000001c T Shape_Sub_Shape_Chunk::get_shape_name()
00233394 000000f4 T Shape_Poly_Change_Info_Chunk::Shape_Poly_Change_Info_Chunk(Chunk_With_Children*, char const*, unsigned int)
00233394 000000f4 T Shape_Poly_Change_Info_Chunk::Shape_Poly_Change_Info_Chunk(Chunk_With_Children*, char const*, unsigned int)
00233488 00000034 t RifCreateClassObjectShape_Poly_Change_Info_Chunk_2315(Chunk_With_Children*, char const*)
002334bc 00000064 T Shape_Fragment_Type_Chunk::Shape_Fragment_Type_Chunk(Chunk_With_Children*, char const*, unsigned int)
002334bc 00000064 T Shape_Fragment_Type_Chunk::Shape_Fragment_Type_Chunk(Chunk_With_Children*, char const*, unsigned int)
00233520 00000034 t RifCreateClassObjectShape_Fragment_Type_Chunk_2553(Chunk_With_Children*, char const*)
00233554 00000364 T Anim_Shape_Sequence_Chunk::ConstructSequenceDataFromChildren()
002338b8 000000dc T Anim_Shape_Sequence_Chunk::Anim_Shape_Sequence_Chunk(Chunk_With_Children*, char const*, unsigned int)
002338b8 000000dc T Anim_Shape_Sequence_Chunk::Anim_Shape_Sequence_Chunk(Chunk_With_Children*, char const*, unsigned int)
00233994 00000034 t RifCreateClassObjectAnim_Shape_Sequence_Chunk_2610(Chunk_With_Children*, char const*)
002339c8 00000060 T Anim_Shape_Sequence_Chunk::GenerateInterpolatedFrames()
00233a28 0000006c T Anim_Shape_Sequence_Data_Chunk::Anim_Shape_Sequence_Data_Chunk(Anim_Shape_Sequence_Chunk*, char const*, unsigned int)
00233a28 0000006c T Anim_Shape_Sequence_Data_Chunk::Anim_Shape_Sequence_Data_Chunk(Anim_Shape_Sequence_Chunk*, char const*, unsigned int)
00233a94 00000034 t RifCreateClassObjectAnim_Shape_Sequence_Data_Chunk_2843(Chunk_With_Children*, char const*)
00233ac8 0000006c T Anim_Shape_Frame_Data_Chunk::Anim_Shape_Frame_Data_Chunk(Anim_Shape_Frame_Chunk*, char const*, unsigned int)
00233ac8 0000006c T Anim_Shape_Frame_Data_Chunk::Anim_Shape_Frame_Data_Chunk(Anim_Shape_Frame_Chunk*, char const*, unsigned int)
00233b34 00000034 t RifCreateClassObjectAnim_Shape_Frame_Data_Chunk_2908(Chunk_With_Children*, char const*)
00233b68 000000f0 T Poly_Not_In_Bounding_Box_Chunk::Poly_Not_In_Bounding_Box_Chunk(Chunk_With_Children*, char const*, unsigned int)
00233b68 000000f0 T Poly_Not_In_Bounding_Box_Chunk::Poly_Not_In_Bounding_Box_Chunk(Chunk_With_Children*, char const*, unsigned int)
00233c58 00000034 t RifCreateClassObjectPoly_Not_In_Bounding_Box_Chunk_3040(Chunk_With_Children*, char const*)
00233c8c 000000c0 T Shape_Preprocessed_Data_Chunk::Shape_Preprocessed_Data_Chunk(Chunk_With_Children*, char const*, unsigned int)
00233c8c 000000c0 T Shape_Preprocessed_Data_Chunk::Shape_Preprocessed_Data_Chunk(Chunk_With_Children*, char const*, unsigned int)
00233d4c 00000034 t RifCreateClassObjectShape_Preprocessed_Data_Chunk_3261(Chunk_With_Children*, char const*)
00233d80 00000018 T Shape_Preprocessed_Data_Chunk::GetMemoryBlock()
00233d98 000003fc t _GLOBAL__sub_I___Chunk_Include_shpchunk
00234194 0000002c T Sound_Object_Extra_Name_Chunk::size_chunk()
002341c0 00000064 T Indexed_Sound_Chunk::size_chunk()
00234224 00000054 W Sound_Object_Chunk::size_chunk()
00234278 00000044 T Sound_Object_Chunk::~Sound_Object_Chunk()
00234278 00000044 T Sound_Object_Chunk::~Sound_Object_Chunk()
002342bc 00000044 T Indexed_Sound_Chunk::~Indexed_Sound_Chunk()
002342bc 00000044 T Indexed_Sound_Chunk::~Indexed_Sound_Chunk()
00234300 00000038 T Sound_Object_Extra_Name_Chunk::~Sound_Object_Extra_Name_Chunk()
00234300 00000038 T Sound_Object_Extra_Name_Chunk::~Sound_Object_Extra_Name_Chunk()
00234338 00000030 T Sound_Object_Extra_Name_Chunk::fill_data_block(char*)
00234368 000000bc T Indexed_Sound_Chunk::fill_data_block(char*)
00234424 000000a8 T Sound_Object_Chunk::fill_data_block(char*)
002344cc 00000020 W Sound_Object_Extra_Data_Chunk::~Sound_Object_Extra_Data_Chunk()
002344cc 00000020 W Sound_Object_Extra_Data_Chunk::~Sound_Object_Extra_Data_Chunk()
002344ec 0000002c W Sound_Object_Extra_Data_Chunk::~Sound_Object_Extra_Data_Chunk()
00234518 00000044 T Sound_Object_Extra_Name_Chunk::~Sound_Object_Extra_Name_Chunk()
0023455c 00000050 T Sound_Object_Chunk::~Sound_Object_Chunk()
002345ac 00000050 T Indexed_Sound_Chunk::~Indexed_Sound_Chunk()
002345fc 0000006c t RifCreateClassObjectSound_Object_Extra_Name_Chunk_215(Chunk_With_Children*, char const*)
00234668 000000a4 t RifCreateClassObjectSound_Object_Extra_Data_Chunk_175(Chunk_With_Children*, char const*)
0023470c 000000dc T Sound_Object_Chunk::Sound_Object_Chunk(Chunk_With_Children*, char const*, unsigned int)
0023470c 000000dc T Sound_Object_Chunk::Sound_Object_Chunk(Chunk_With_Children*, char const*, unsigned int)
002347e8 00000034 t RifCreateClassObjectSound_Object_Chunk_10(Chunk_With_Children*, char const*)
0023481c 00000044 T Sound_Object_Chunk::CalculateID()
00234860 000000f8 T Indexed_Sound_Chunk::Indexed_Sound_Chunk(Chunk_With_Children*, char const*, unsigned int)
00234860 000000f8 T Indexed_Sound_Chunk::Indexed_Sound_Chunk(Chunk_With_Children*, char const*, unsigned int)
00234958 00000034 t RifCreateClassObjectIndexed_Sound_Chunk_255(Chunk_With_Children*, char const*)
0023498c 00000068 t _GLOBAL__sub_I___Chunk_Include_sndchunk
002349f4 00000030 T Sprite_Action_Chunk::size_chunk()
00234a24 00000010 T Sprite_Size_Chunk::size_chunk()
00234a34 00000010 T Sprite_Version_Number_Chunk::size_chunk()
00234a44 00000018 T Sprite_Bitmap_Scale_Chunk::size_chunk()
00234a5c 00000018 T Sprite_Bitmap_Centre_Chunk::size_chunk()
00234a74 00000010 T Sprite_Extent_Chunk::size_chunk()
00234a84 000000b0 T Sprite_Action_Chunk::~Sprite_Action_Chunk()
00234a84 000000b0 T Sprite_Action_Chunk::~Sprite_Action_Chunk()
00234b34 00000034 T Sprite_Bitmap_Scale_Chunk::~Sprite_Bitmap_Scale_Chunk()
00234b34 00000034 T Sprite_Bitmap_Scale_Chunk::~Sprite_Bitmap_Scale_Chunk()
00234b68 00000064 T Sprite_Bitmap_Centre_Chunk::~Sprite_Bitmap_Centre_Chunk()
00234b68 00000064 T Sprite_Bitmap_Centre_Chunk::~Sprite_Bitmap_Centre_Chunk()
00234bcc 00000020 W Sprite_Version_Number_Chunk::~Sprite_Version_Number_Chunk()
00234bcc 00000020 W Sprite_Version_Number_Chunk::~Sprite_Version_Number_Chunk()
00234bec 00000020 W Sprite_Extent_Chunk::~Sprite_Extent_Chunk()
00234bec 00000020 W Sprite_Extent_Chunk::~Sprite_Extent_Chunk()
00234c0c 00000020 W Sprite_Size_Chunk::~Sprite_Size_Chunk()
00234c0c 00000020 W Sprite_Size_Chunk::~Sprite_Size_Chunk()
00234c2c 00000020 T Sprite_Action_Chunk::~Sprite_Action_Chunk()
00234c4c 00000020 T Sprite_Bitmap_Centre_Chunk::~Sprite_Bitmap_Centre_Chunk()
00234c6c 0000002c W Sprite_Version_Number_Chunk::~Sprite_Version_Number_Chunk()
00234c98 0000002c W Sprite_Extent_Chunk::~Sprite_Extent_Chunk()
00234cc4 0000002c W Sprite_Size_Chunk::~Sprite_Size_Chunk()
00234cf0 00000064 T Sprite_Action_Chunk::output_chunk(int&)
00234d54 00000064 T Sprite_Header_Chunk::output_chunk(int&)
00234db8 00000064 T Sprite_Size_Chunk::output_chunk(int&)
00234e1c 00000064 T Sprite_Version_Number_Chunk::output_chunk(int&)
00234e80 00000114 T Sprite_Action_Chunk::fill_data_block(char*)
00234f94 00000050 T Sprite_Size_Chunk::fill_data_block(char*)
00234fe4 0000002c T Sprite_Version_Number_Chunk::fill_data_block(char*)
00235010 00000058 T Sprite_Bitmap_Scale_Chunk::fill_data_block(char*)
00235068 000000a8 T Sprite_Bitmap_Centre_Chunk::fill_data_block(char*)
00235110 00000058 T Sprite_Extent_Chunk::fill_data_block(char*)
00235168 00000044 t RifCreateClassObjectSprite_Version_Number_Chunk_452(Chunk_With_Children*, char const*)
002351ac 00000020 W PC_Sprite_Chunk::~PC_Sprite_Chunk()
002351ac 00000020 W PC_Sprite_Chunk::~PC_Sprite_Chunk()
002351cc 0000002c W PC_Sprite_Chunk::~PC_Sprite_Chunk()
002351f8 00000020 W Saturn_Sprite_Chunk::~Saturn_Sprite_Chunk()
002351f8 00000020 W Saturn_Sprite_Chunk::~Saturn_Sprite_Chunk()
00235218 0000002c W Saturn_Sprite_Chunk::~Saturn_Sprite_Chunk()
00235244 00000020 W Playstation_Sprite_Chunk::~Playstation_Sprite_Chunk()
00235244 00000020 W Playstation_Sprite_Chunk::~Playstation_Sprite_Chunk()
00235264 0000002c W Playstation_Sprite_Chunk::~Playstation_Sprite_Chunk()
00235290 00000020 W Sprite_Header_Chunk::~Sprite_Header_Chunk()
00235290 00000020 W Sprite_Header_Chunk::~Sprite_Header_Chunk()
002352b0 0000002c W Sprite_Header_Chunk::~Sprite_Header_Chunk()
002352dc 00000040 T Sprite_Bitmap_Scale_Chunk::~Sprite_Bitmap_Scale_Chunk()
0023531c 00000064 t RifCreateClassObjectSprite_Size_Chunk_379(Chunk_With_Children*, char const*)
00235380 0000006c t RifCreateClassObjectSprite_Extent_Chunk_642(Chunk_With_Children*, char const*)
002353ec 000000a4 t RifCreateClassObjectSprite_Header_Chunk_151(Chunk_With_Children*, char const*)
00235490 0000019c T Sprite_Action_Chunk::Sprite_Action_Chunk(Chunk_With_Children*, char const*, unsigned int)
00235490 0000019c T Sprite_Action_Chunk::Sprite_Action_Chunk(Chunk_With_Children*, char const*, unsigned int)
0023562c 00000034 t RifCreateClassObjectSprite_Action_Chunk_9(Chunk_With_Children*, char const*)
00235660 00000104 T PC_Sprite_Chunk::PC_Sprite_Chunk(Sprite_Header_Chunk*, char const*, unsigned int)
00235660 00000104 T PC_Sprite_Chunk::PC_Sprite_Chunk(Sprite_Header_Chunk*, char const*, unsigned int)
00235764 00000034 t RifCreateClassObjectPC_Sprite_Chunk_294(Chunk_With_Children*, char const*)
00235798 00000104 T Saturn_Sprite_Chunk::Saturn_Sprite_Chunk(Sprite_Header_Chunk*, char const*, unsigned int)
00235798 00000104 T Saturn_Sprite_Chunk::Saturn_Sprite_Chunk(Sprite_Header_Chunk*, char const*, unsigned int)
0023589c 00000034 t RifCreateClassObjectSaturn_Sprite_Chunk_321(Chunk_With_Children*, char const*)
002358d0 00000104 T Playstation_Sprite_Chunk::Playstation_Sprite_Chunk(Sprite_Header_Chunk*, char const*, unsigned int)
002358d0 00000104 T Playstation_Sprite_Chunk::Playstation_Sprite_Chunk(Sprite_Header_Chunk*, char const*, unsigned int)
002359d4 00000034 t RifCreateClassObjectPlaystation_Sprite_Chunk_349(Chunk_With_Children*, char const*)
00235a08 00000094 T Sprite_Bitmap_Scale_Chunk::Sprite_Bitmap_Scale_Chunk(Chunk_With_Children*, char const*, unsigned int)
00235a08 00000094 T Sprite_Bitmap_Scale_Chunk::Sprite_Bitmap_Scale_Chunk(Chunk_With_Children*, char const*, unsigned int)
00235a9c 00000034 t RifCreateClassObjectSprite_Bitmap_Scale_Chunk_505(Chunk_With_Children*, char const*)
00235ad0 0000016c T Sprite_Bitmap_Centre_Chunk::Sprite_Bitmap_Centre_Chunk(Chunk_With_Children*, char const*, unsigned int)
00235ad0 0000016c T Sprite_Bitmap_Centre_Chunk::Sprite_Bitmap_Centre_Chunk(Chunk_With_Children*, char const*, unsigned int)
00235c3c 00000034 t RifCreateClassObjectSprite_Bitmap_Centre_Chunk_560(Chunk_With_Children*, char const*)
00235c70 000000f8 t _GLOBAL__sub_I___Chunk_Include_sprchunk
00235d68 00000014 T String::String()
00235d68 00000014 T String::String()
00235d7c 00000068 T String::String(char const*, unsigned int)
00235d7c 00000068 T String::String(char const*, unsigned int)
00235de4 00000064 T String::String(char, unsigned int)
00235de4 00000064 T String::String(char, unsigned int)
00235e48 00000030 T String::~String()
00235e48 00000030 T String::~String()
00235e78 00000090 T String::c_str() const
00235f08 00000090 T String::operator=(String const&)
00235f98 0000006c T String::operator=(char const*)
00236004 000000c0 T String::operator+=(String const&)
002360c4 00000070 T String::operator+=(char const*)
00236134 000000b4 T MakeTxAnimFrameTexturesGlobal
002361e8 000000b0 T MakeShapeTexturesGlobal
00236298 000001f0 T FindImageExtents
00236488 0000038c T SpriteResizing
00236814 0000003c T GetImageHeader
00236850 000000d0 T DeallocateAllImages
00236920 0000013c T InitialiseTextures
00236a5c 00000064 T MinimizeAllImages
00236ac0 00000064 T GetExistingImageNum
00236b24 00000010 W Camera_Origin_Chunk::size_chunk()
00236b34 0000005c T Camera_Origin_Chunk::fill_data_block(char*)
00236b90 00000020 W Camera_Origin_Chunk::~Camera_Origin_Chunk()
00236b90 00000020 W Camera_Origin_Chunk::~Camera_Origin_Chunk()
00236bb0 0000002c W Camera_Origin_Chunk::~Camera_Origin_Chunk()
00236bdc 00000074 t RifCreateClassObjectCamera_Origin_Chunk_6(Chunk_With_Children*, char const*)
00236c50 00000018 t _GLOBAL__sub_I___Chunk_Include_toolchnk
00236c68 00000010 T AI_Module_Master_Chunk::size_chunk()
00236c78 00000010 T AI_Module_Slave_Chunk::size_chunk()
00236c88 000000a0 T Module_Waypoint_Chunk::size_chunk()
00236d28 00000020 T AI_Module_Slave_Chunk::~AI_Module_Slave_Chunk()
00236d28 00000020 T AI_Module_Slave_Chunk::~AI_Module_Slave_Chunk()
00236d48 0000002c T AI_Module_Slave_Chunk::~AI_Module_Slave_Chunk()
00236d74 00000134 T Module_Waypoint_Chunk::fill_data_block(char*)
00236ea8 00000024 T AI_Module_Master_Chunk::fill_data_block(char*)
00236ecc 0000002c T AI_Module_Slave_Chunk::fill_data_block(char*)
00236ef8 00000048 t RifCreateClassObjectAI_Module_Slave_Chunk_423(Chunk_With_Children*, char const*)
00236f40 00000074 t RifCreateClassObjectAI_Module_Master_Chunk_320(Chunk_With_Children*, char const*)
00236fb4 0000013c W AI_Module_Master_Chunk::~AI_Module_Master_Chunk()
00236fb4 0000013c W AI_Module_Master_Chunk::~AI_Module_Master_Chunk()
002370f0 00000148 W AI_Module_Master_Chunk::~AI_Module_Master_Chunk()
00237238 0000028c T AI_Module_Slave_Chunk::post_input_processing()
002374c4 00000070 T ChunkWaypoint::~ChunkWaypoint()
002374c4 00000070 T ChunkWaypoint::~ChunkWaypoint()
00237534 00000074 T Module_Waypoint_Chunk::~Module_Waypoint_Chunk()
00237534 00000074 T Module_Waypoint_Chunk::~Module_Waypoint_Chunk()
002375a8 00000020 T Module_Waypoint_Chunk::~Module_Waypoint_Chunk()
002375c8 000002e8 T Module_Waypoint_Chunk::Module_Waypoint_Chunk(Chunk_With_Children*, char const*, unsigned int)
002375c8 000002e8 T Module_Waypoint_Chunk::Module_Waypoint_Chunk(Chunk_With_Children*, char const*, unsigned int)
002378b0 00000034 t RifCreateClassObjectModule_Waypoint_Chunk_26(Chunk_With_Children*, char const*)
002378e4 00000050 t _GLOBAL__sub_I___Chunk_Include_wpchunk
00237934 00000004 T _mbclen
00237938 00000128 T CreateFile
00237a60 00000004 T CreateFileA
00237a64 00000074 T WriteFile
00237ad8 00000074 T ReadFile
00237b4c 00000048 T GetFileSize
00237b94 00000034 T CloseHandle
00237bc8 00000034 T DeleteFile
00237bfc 00000034 T DeleteFileA
00237c30 0000004c T GetDiskFreeSpace
00237c7c 00000048 T CreateDirectory
00237cc4 00000038 T MoveFile
00237cfc 00000038 T MoveFileA
00237d34 00000040 T CopyFile
00237d74 00000030 T GetFileAttributes
00237da4 00000030 T GetFileAttributesA
00237dd4 00000048 T SetFilePointer
00237e1c 00000090 T timeGetTime
00237eac 00000090 T GetTickCount
00237f3c 00000034 T SDL_InitMainThread
00237f70 00000250 T SDL_QuitSubSystem
002381c0 000002f4 t SDL_InitSubSystem.part.0
002384b4 00000024 T SDL_InitSubSystem
002384d8 00000024 T SDL_Init
002384fc 0000008c T SDL_WasInit
00238588 00000064 T SDL_Quit
002385ec 0000000c T SDL_GetPlatform
002385f8 00000034 t debug_print
0023862c 000002f0 t SDL_PromptAssertion
0023891c 00000118 T SDL_AssertionsQuit
00238a34 000000cc T SDL_SetError
00238b00 00000020 T SDL_GetError
00238b20 00000014 T SDL_ClearError
00238b34 00000064 T SDL_Error
00238b98 00000078 T SDL_GetHint
00238c10 00000048 T SDL_GetStringBoolean
00238c58 00000050 T SDL_GetHintBoolean
00238ca8 000000a0 T SDL_DelHintCallback
00238d48 00000164 T SDL_AddHintCallback
00238eac 00000068 T SDL_ClearHints
00238f14 00000074 t SDL_LogOutput
00238f88 000000b4 t SDL_ParseLogPriority
0023903c 00000124 t SDL_ParseLogCategoryPriority
00239160 00000028 T SDL_LogInit
00239188 00000054 T SDL_LogQuit
002391dc 000000c0 T SDL_LogGetPriority
0023929c 00000194 T SDL_LogMessageV
00239430 00000034 T SDL_Log
00239464 00000030 T SDL_LogDebug
00239494 00000030 T SDL_LogCritical
002394c4 00000068 T SDL_AtomicLock
0023952c 00000010 T SDL_AtomicUnlock
0023953c 00000004 t SDL_AudioThreadInit_Default
00239540 00000008 t SDL_AudioGetDeviceBuf_Default
00239548 00000008 t SDL_AudioCaptureFromDevice_Default
00239550 00000004 t SDL_AudioDeinitialize_Default
00239554 00000008 t SDL_AudioOpenDevice_Default
0023955c 00000170 t add_audio_device
002396cc 00000008 t SDL_BufferQueueFillCallback
002396d4 00000048 t SDL_BufferQueueDrainCallback
0023971c 0000004c t SDL_AudioLockDevice_Default
00239768 00000004 t SDL_AudioThreadDeinit_Default
0023976c 00000004 t SDL_AudioWaitDevice_Default
00239770 00000004 t SDL_AudioPlayDevice_Default
00239774 00000004 t SDL_AudioFlushCapture_Default
00239778 00000004 t SDL_AudioCloseDevice_Default
0023977c 00000004 t SDL_AudioFreeDeviceHandle_Default
00239780 0000037c t SDL_RunAudio
00239afc 00000094 t free_device_list
00239b90 0000004c t SDL_AudioUnlockDevice_Default
00239bdc 00000158 t close_audio_device
00239d34 00000088 t SDL_AudioQuit.part.0
00239dbc 00000ad4 t open_audio_device
0023a890 00000098 T SDL_AddAudioDevice
0023a928 000000bc t SDL_AudioDetectDevices_Default
0023a9e4 00000128 T SDL_OpenedAudioDeviceDisconnected
0023ab0c 000002b4 t SDL_CaptureAudio
0023adc0 00000380 T SDL_AudioInit
0023b140 00000024 T SDL_OpenAudioDevice
0023b164 000000e0 T SDL_PauseAudioDevice
0023b244 00000098 T SDL_LockAudioDevice
0023b2dc 00000098 T SDL_UnlockAudioDevice
0023b374 00000044 T SDL_CloseAudioDevice
0023b3b8 00000018 T SDL_AudioQuit
0023b3d0 00000088 T SDL_FirstAudioFormat
0023b458 0000004c T SDL_NextAudioFormat
0023b4a4 00000044 T SDL_CalculateAudioSpec
0023b4e8 00000114 t SDL_ConvertMonoToStereo
0023b5fc 00000124 t SDL_ConvertMonoTo21
0023b720 00000120 t SDL_ConvertMonoToQuad
0023b840 0000012c t SDL_ConvertMonoTo41
0023b96c 00000134 t SDL_ConvertMonoTo51
0023baa0 00000134 t SDL_ConvertMonoTo61
0023bbd4 00000130 t SDL_ConvertMonoTo71
0023bd04 0000011c t SDL_ConvertStereoToMono
0023be20 00000144 t SDL_ConvertStereoTo21
0023bf64 0000013c t SDL_ConvertStereoToQuad
0023c0a0 00000148 t SDL_ConvertStereoTo41
0023c1e8 00000150 t SDL_ConvertStereoTo51
0023c338 00000150 t SDL_ConvertStereoTo61
0023c488 0000014c t SDL_ConvertStereoTo71
0023c5d4 00000144 t SDL_Convert21ToMono
0023c718 00000160 t SDL_Convert21ToStereo
0023c878 00000178 t SDL_Convert21ToQuad
0023c9f0 00000168 t SDL_Convert21To41
0023cb58 00000170 t SDL_Convert21To51
0023ccc8 00000170 t SDL_Convert21To61
0023ce38 00000174 t SDL_Convert21To71
0023cfac 00000130 t SDL_ConvertQuadToMono
0023d0dc 00000158 t SDL_ConvertQuadToStereo
0023d234 00000160 t SDL_ConvertQuadTo21
0023d394 00000158 t SDL_ConvertQuadTo41
0023d4ec 0000015c t SDL_ConvertQuadTo51
0023d648 0000018c t SDL_ConvertQuadTo61
0023d7d4 00000158 t SDL_ConvertQuadTo71
0023d92c 00000158 t SDL_Convert41ToMono
0023da84 0000018c t SDL_Convert41ToStereo
0023dc10 00000180 t SDL_Convert41To21
0023dd90 00000184 t SDL_Convert41ToQuad
0023df14 00000184 t SDL_Convert41To51
0023e098 000001b0 t SDL_Convert41To61
0023e248 00000184 t SDL_Convert41To71
0023e3cc 0000015c t SDL_Convert51ToMono
0023e528 000001a0 t SDL_Convert51ToStereo
0023e6c8 00000190 t SDL_Convert51To21
0023e858 00000194 t SDL_Convert51ToQuad
0023e9ec 00000180 t SDL_Convert51To41
0023eb6c 000001ac t SDL_Convert51To61
0023ed18 0000017c t SDL_Convert51To71
0023ee94 00000174 t SDL_Convert61ToMono
0023f008 000001b8 t SDL_Convert61ToStereo
0023f1c0 000001a8 t SDL_Convert61To21
0023f368 000001c0 t SDL_Convert61ToQuad
0023f528 000001ac t SDL_Convert61To41
0023f6d4 000001b0 t SDL_Convert61To51
0023f884 00000194 t SDL_Convert61To71
0023fa18 00000158 t SDL_Convert71ToMono
0023fb70 000001ac t SDL_Convert71ToStereo
0023fd1c 0000019c t SDL_Convert71To21
0023feb8 000001a0 t SDL_Convert71ToQuad
00240058 00000194 t SDL_Convert71To41
002401ec 00000188 t SDL_Convert71To51
00240374 00000188 t SDL_Convert71To61
002404fc 00000334 t SDL_ResampleAudio
00240830 000000b0 t SDL_SupportedAudioFormat
002408e0 00000014 t SDL_ResetAudioStreamResampler
002408f4 000001a4 t SDL_Convert_Byteswap
00240a98 00000008 t SDL_CleanupAudioStreamResampler
00240aa0 00000258 t SDL_ResampleCVT
00240cf8 0000000c t SDL_ResampleCVT_c8
00240d04 0000000c t SDL_ResampleCVT_c6
00240d10 0000000c t SDL_ResampleCVT_c4
00240d1c 0000000c t SDL_ResampleCVT_c2
00240d28 0000000c t SDL_ResampleCVT_c1
00240d34 00000078 t SDL_ResampleAudioStream
00240dac 00000324 t SDL_AudioStreamPutInternal
002410d0 00000c1c T SDL_BuildAudioCVT
00241cec 0000017c T SDL_AudioStreamPut
00241e68 000000a8 T SDL_AudioStreamGet
00241f10 00000010 T SDL_AudioStreamAvailable
00241f20 00000084 T SDL_AudioStreamClear
00241fa4 00000064 T SDL_FreeAudioStream
00242008 000002fc T SDL_NewAudioStream
00242304 00000130 t SDL_Convert_S8_to_F32_Scalar
00242434 00000130 t SDL_Convert_U8_to_F32_Scalar
00242564 00000128 t SDL_Convert_S16_to_F32_Scalar
0024268c 00000140 t SDL_Convert_U16_to_F32_Scalar
002427cc 000000d8 t SDL_Convert_S32_to_F32_Scalar
002428a4 0000013c t SDL_Convert_F32_to_S8_Scalar
002429e0 0000013c t SDL_Convert_F32_to_U8_Scalar
00242b1c 00000140 t SDL_Convert_F32_to_S16_Scalar
00242c5c 0000016c t SDL_Convert_F32_to_U16_Scalar
00242dc8 000000f4 t SDL_Convert_F32_to_S32_Scalar
00242ebc 0000008c T SDL_ChooseAudioConverters
00242f48 00000078 t SDL_EventLoggingChanged
00242fc0 000000a4 t SDL_CutEvent
00243064 00001440 t SDL_LogEvent
002444a4 00000038 t SDL_AutoUpdateSensorsChanged
002444dc 00000424 t SDL_PeepEventsInternal
00244900 00000050 t SDL_AutoUpdateJoysticksChanged
00244950 000001a0 T SDL_StopEventLoop
00244af0 00000074 T SDL_FlushEvents
00244b64 00000008 T SDL_FlushEvent
00244b6c 00000194 T SDL_PushEvent
00244d00 00000108 t SDL_PumpEventsInternal
00244e08 00000414 T SDL_WaitEventTimeout
0024521c 00000008 T SDL_PollEvent
00245224 00000070 T SDL_AddEventWatch
00245294 000000c0 T SDL_DelEventWatch
00245354 00000060 T SDL_FilterEvents
002453b4 000001c4 T SDL_EventState
00245578 000000a4 T SDL_StartEventLoop
0024561c 00000024 t SDL_PollSentinelChanged
00245640 00000068 T SDL_SendAppEvent
002456a8 00000054 T SDL_SendKeymapChangedEvent
002456fc 000000a4 T SDL_EventsInit
002457a0 00000070 T SDL_EventsQuit
00245810 000000b8 t SDL_AddDollarGesture_one
002458c8 000000d4 t dollarDifference
0024599c 00000080 t SDL_AddDollarGesture
00245a1c 00000318 t dollarNormalize.isra.0
00245d34 00000020 T SDL_GestureQuit
00245d54 0000008c T SDL_GestureAddTouch
00245de0 000000d4 T SDL_GestureDelTouch
00245eb8 000005e4 T SDL_GestureProcessEvent
0024649c 0000025c t SDL_SendKeyboardKeyInternal.part.0
002466f8 00000054 T SDL_ResetKeyboard
0024674c 0000016c T SDL_SetKeymap
002468b8 00000024 T SDL_KeyboardInit
002468dc 00000010 T SDL_GetKeyboardFocus
002468ec 00000100 T SDL_SetKeyboardFocus
002469ec 000000a0 T SDL_ReleaseAutoReleaseKeys
00246a8c 000000c4 T SDL_SendKeyboardText
00246b50 00000004 T SDL_KeyboardQuit
00246b54 0000001c t SDL_MouseRelativeCursorVisibleChanged
00246b70 0000001c t SDL_MouseRelativeWarpMotionChanged
00246b8c 0000001c t SDL_TouchMouseEventsChanged
00246ba8 0000001c t SDL_MouseRelativeSystemScaleChanged
00246bc4 0000003c t SDL_MouseTouchEventsChanged
00246c00 0000005c t SDL_MouseRelativeSpeedScaleChanged
00246c5c 0000005c t SDL_MouseNormalSpeedScaleChanged
00246cb8 00000044 t SDL_MouseDoubleClickRadiusChanged
00246cfc 00000044 t SDL_MouseDoubleClickTimeChanged
00246d40 000000c0 t GetScaledMouseDelta
00246e00 0000064c t SDL_PrivateSendMouseMotion
0024744c 00000120 T SDL_MousePreInit
0024756c 0000000c T SDL_GetMouse
00247578 00000010 T SDL_GetMouseFocus
00247588 00000050 T SDL_GetMouseState
002475d8 00000064 T SDL_GetRelativeMouseState
0024763c 000000c8 T SDL_PerformWarpMouseInWindow
00247704 00000008 T SDL_WarpMouseInWindow
0024770c 00000010 T SDL_GetRelativeMouseMode
0024771c 000001b8 T SDL_UpdateMouseCapture
002478d4 00000034 t SDL_MouseAutoCaptureChanged
00247908 00000078 T SDL_CaptureMouse
00247980 00000128 T SDL_CreateColorCursor
00247aa8 000000c4 T SDL_SetCursor
00247b6c 000000b8 T SDL_SetDefaultCursor
00247c24 00000094 T SDL_MousePostInit
00247cb8 00000068 T SDL_SetMouseFocus
00247d20 000001c4 T SDL_SetRelativeMouseMode
00247ee4 00000124 t SDL_UpdateMouseFocus.isra.0
00248008 00000470 t SDL_PrivateSendMouseButton
00248478 0000001c T SDL_SendMouseButton
00248494 0000007c T SDL_SendMouseMotion
00248510 000000a8 T SDL_FreeCursor
002485b8 000001e8 T SDL_MouseQuit
002487a0 00000054 T SDL_ShowCursor
002487f4 00000030 t SDL_HandleSIG
00248824 00000068 T SDL_QuitInit
0024888c 00000050 T SDL_QuitQuit
002488dc 00000024 T SDL_SendPendingSignalEvents
00248900 00000018 T SDL_SendQuit
00248918 00000008 T SDL_TouchInit
00248920 000000a8 T SDL_GetTouch
002489c8 000000d8 t SDL_DelTouch.part.0
00248aa0 00000138 T SDL_AddTouch
00248bd8 000004d8 T SDL_SendTouch
002490b0 000002c0 T SDL_SendTouchMotion
00249370 00000018 T SDL_DelTouch
00249388 00000060 T SDL_TouchQuit
002493e8 0000004c t RemovePendingSizeChangedAndResizedEvents
00249434 00000034 t RemovePendingExposedEvents
00249468 00000034 t RemovePendingMoveEvents
0024949c 00000470 T SDL_SendWindowEvent
0024990c 0000008c t stdio_size
00249998 0000006c t stdio_close
00249a04 00000098 t stdio_seek
00249a9c 00000060 t stdio_read
00249afc 00000060 t stdio_write
00249b5c 00000138 T SDL_RWFromFile
00249c94 0000013c T SDL_LoadFile_RW
00249dd0 00000024 T SDL_LoadFile
00249df4 00000008 T SDL_RWsize
00249dfc 00000008 T SDL_RWseek
00249e04 00000028 T SDL_RWtell
00249e2c 00000014 T SDL_RWread
00249e40 00000014 T SDL_RWwrite
00249e54 00000008 T SDL_RWclose
00249e5c 0000002c T SDL_WriteLE16
00249e88 00000028 T SDL_WriteLE32
00249eb0 00000010 T SDL_HapticInit
00249ec0 0000007c T SDL_HapticDestroyEffect
00249f3c 000000f8 T SDL_HapticClose
0024a034 00000030 T SDL_HapticQuit
0024a064 00000160 t SDL_PrivateMatchControllerMappingForGUID
0024a1c4 00000130 t SDL_PrivateAppendToMappingString.part.0.constprop.0
0024a2f4 000000e0 t SDL_PrivateGameControllerButton.isra.0
0024a3d4 00000060 T SDL_GetGameControllerTypeFromString
0024a434 0000006c T SDL_GameControllerGetAxisFromString
0024a4a0 000002bc t SDL_PrivateGameControllerParseElement
0024a75c 000002d8 t SDL_PrivateLoadButtonMapping
0024aa34 00000350 t SDL_PrivateAddMappingForGUID
0024ad84 00000230 t SDL_PrivateGameControllerAddMapping
0024afb4 00000464 t SDL_CreateMappingForHIDAPIController
0024b418 00000068 t SDL_CreateMappingForRAWINPUTController
0024b480 00000078 t SDL_CreateMappingForWGIController
0024b4f8 000000ec t SDL_PrivateGetControllerMappingForGUID
0024b5e4 000004d0 t SDL_PrivateGetControllerMapping
0024bab4 000001e0 T SDL_GameControllerAddMappingsFromRW
0024bc94 0000013c T SDL_GameControllerInitMappings
0024bdd0 00000074 T SDL_GameControllerInit
0024be44 00000034 T SDL_IsGameController
0024be78 00000260 T SDL_GameControllerGetAxis
0024c0d8 000001c0 T SDL_GameControllerGetButton
0024c298 0000076c t SDL_GameControllerEventWatcher
0024ca04 000000c0 T SDL_GameControllerClose
0024cac4 0000003c T SDL_GameControllerQuit
0024cb00 00000074 T SDL_GameControllerQuitMappings
0024cb74 00000064 T SDL_GameControllerHandleDelayedGuideButton
0024cbd8 00000028 t SDL_JoystickAllowBackgroundEventsChanged
0024cc00 00000090 t SDL_GetDriverAndJoystickIndex
0024cc90 0000010c t SDL_LoadVIDPIDListFromHint
0024cd9c 000001ec t SDL_PrivateJoystickAxis.part.0
0024cf88 0000003c T SDL_LockJoysticks
0024cfc4 0000007c T SDL_UnlockJoysticks
0024d040 00000004 T SDL_AssertJoysticksLocked
0024d044 0000006c T SDL_NumJoysticks
0024d0b0 00000020 T SDL_PrivateJoystickValid
0024d0d0 00000084 T SDL_PrivateJoystickGetAutoGamepadMapping
0024d154 00000084 T SDL_JoystickNumAxes
0024d1d8 00000084 T SDL_JoystickNumHats
0024d25c 00000084 T SDL_JoystickNumBalls
0024d2e0 00000084 T SDL_JoystickNumButtons
0024d364 000000b8 T SDL_JoystickGetAxis
0024d41c 000000b0 T SDL_JoystickGetHat
0024d4cc 000000b0 T SDL_JoystickGetButton
0024d57c 0000013c T SDL_JoystickRumble
0024d6b8 0000011c T SDL_JoystickRumbleTriggers
0024d7d4 000001ac T SDL_JoystickClose
0024d980 00000018 T SDL_PrivateJoystickAxis
0024d998 000000e0 T SDL_PrivateJoystickHat
0024da78 0000010c T SDL_PrivateJoystickButton
0024db84 0000008c T SDL_JoystickEventState
0024dc10 000000dc T SDL_GetJoystickGUIDInfo
0024dcec 00000084 T SDL_CreateJoystickGUIDForName
0024dd70 00000008 T SDL_SetJoystickGUIDVersion
0024dd78 00000008 T SDL_SetJoystickGUIDCRC
0024dd80 0000025c T SDL_GetJoystickGameControllerTypeFromVIDPID
0024dfdc 0000007c T SDL_GetJoystickGameControllerTypeFromGUID
0024e058 0000006c T SDL_JoystickGUIDUsesVersion
0024e0c4 00000058 T SDL_IsJoystickXboxOneElite
0024e11c 000001b4 T SDL_IsJoystickXboxSeriesX
0024e2d0 00000024 T SDL_IsJoystickDualSenseEdge
0024e2f4 00000024 T SDL_IsJoystickNintendoSwitchJoyConPair
0024e318 00000020 T SDL_IsJoystickSteamController
0024e338 00000020 T SDL_IsJoystickWGI
0024e358 00000020 T SDL_IsJoystickHIDAPI
0024e378 00000020 T SDL_IsJoystickRAWINPUT
0024e398 00000020 T SDL_IsJoystickVirtual
0024e3b8 000000c8 T SDL_JoystickGetDeviceGUID
0024e480 00000148 T SDL_JoystickGetDeviceIndexFromInstanceID
0024e5c8 00000044 t SDL_GetJoystickInstanceVirtualGamepadInfo.part.0
0024e60c 0000011c T SDL_JoystickNameForIndex
0024e728 000000b0 T SDL_JoystickName
0024e7d8 00000240 T SDL_JoystickUpdate
0024ea18 000000b4 T SDL_JoystickGetGUID
0024eacc 000000f4 T SDL_JoystickGetVendor
0024ebc0 000000f4 T SDL_JoystickGetProduct
0024ecb4 0000001c T SDL_JoystickGetGUIDFromString
0024ecd0 00000098 T SDL_LoadVIDPIDListFromHints
0024ed68 00000054 t SDL_VIDPIDExcludedHintChanged
0024edbc 00000054 t SDL_VIDPIDIncludedHintChanged
0024ee10 00000094 T SDL_LoadVIDPIDList
0024eea4 00000084 T SDL_VIDPIDInList
0024ef28 000003b0 T SDL_JoystickOpen
0024f2d8 0000008c T SDL_FreeVIDPIDList
0024f364 00000138 T SDL_JoystickQuit
0024f49c 0000013c T SDL_JoystickInit
0024f5d8 00000064 t SDL_FreeSteamVirtualGamepadInfo
0024f63c 000000d8 t AddVirtualGamepadInfo
0024f714 000002cc t SDL_UpdateSteamVirtualGamepadInfo.part.0
0024f9e0 00000058 T SDL_InitSteamVirtualGamepadInfo
0024fa38 00000020 T SDL_SteamVirtualGamepadEnabled
0024fa58 00000024 T SDL_UpdateSteamVirtualGamepadInfo
0024fa7c 0000004c T SDL_GetSteamVirtualGamepadInfo
0024fac8 00000034 T SDL_QuitSteamVirtualGamepadInfo
0024fafc 000001f8 T GuessControllerType
0024fcf4 00000058 T SDL_SensorInit
0024fd4c 00000038 T SDL_NumSensors
0024fd84 00000010 T SDL_GetNextSensorInstanceID
0024fd94 000000cc T SDL_SensorClose
0024fe60 00000074 T SDL_SensorQuit
0024fed4 000000b8 T SDL_PrivateSensorUpdate
0024ff8c 000000c8 T SDL_SensorUpdate
00250054 00000068 T SDL_crc16
002500bc 00000020 T SDL_getenv
002500dc 00000004 t real_free
002500e0 00000004 t real_realloc
002500e4 00000004 t real_calloc
002500e8 00000004 t real_malloc
002500ec 00000044 T SDL_GetOriginalMemoryFunctions
00250130 0000006c T SDL_malloc
0025019c 00000080 T SDL_calloc
0025021c 0000008c T SDL_realloc
002502a8 00000054 T SDL_free
002502fc 00000004 T SDL_atan2
00250300 00000004 T SDL_ceil
00250304 00000004 T SDL_cos
00250308 00000008 T SDL_fabs
00250310 00000004 T SDL_floor
00250314 00000004 T SDL_truncf
00250318 00000004 T SDL_sin
0025031c 0000001c T SDL_sqrt
00250338 00000018 T SDL_sqrtf
00250350 0000000c T SDL_abs
0025035c 00000014 T SDL_isdigit
00250370 00000004 T SDL_memcpy
00250374 00000004 T SDL_memset
00250378 00000004 T SDL_memmove
0025037c 00000004 T SDL_memcmp
00250380 00000004 T SDL_strlen
00250384 00000004 T SDL_strlcpy
00250388 00000104 T SDL_utf8strlcpy
0025048c 00000004 T SDL_strlcat
00250490 00000048 T SDL_strdup
002504d8 00000004 T SDL_strchr
002504dc 00000004 T SDL_strstr
002504e0 00000004 T SDL_itoa
002504e4 00000004 T SDL_atoi
002504e8 00000004 T SDL_atof
002504ec 00000004 T SDL_strtol
002504f0 00000004 T SDL_strtoul
002504f4 00000004 T SDL_strtoull
002504f8 00000004 T SDL_strcmp
002504fc 00000004 T SDL_strncmp
00250500 00000004 T SDL_strcasecmp
00250504 00000004 T SDL_strncasecmp
00250508 0000002c T SDL_sscanf
00250534 0000003c T SDL_snprintf
00250570 00000014 T SDL_vsnprintf
00250584 000000cc T SDL_vasprintf
00250650 0000002c T SDL_asprintf
0025067c 00000048 t SDL_FreeErrBuf
002506c4 00000004 T SDL_InitTLSData
002506c8 0000001c T SDL_TLSCreate
002506e4 00000038 T SDL_TLSGet
0025071c 00000104 T SDL_TLSSet
00250820 00000070 T SDL_TLSCleanup
00250890 00000024 T SDL_QuitTLSData
002508b4 00000028 T SDL_Generic_InitTLSData
002508dc 00000058 T SDL_Generic_GetTLSData
00250934 000000c4 T SDL_Generic_SetTLSData
002509f8 00000078 T SDL_Generic_QuitTLSData
00250a70 0000018c T SDL_GetErrBuf
00250bfc 00000084 T SDL_RunThread
00250c80 000000b8 T SDL_CreateThreadWithStackSize
00250d38 00000004 T SDL_CreateThreadInternal
00250d3c 00000004 T SDL_SetThreadPriority
00250d40 00000054 T SDL_WaitThread
00250d94 00000230 t SDL_TimerThread
00250fc4 000000d4 T SDL_TimerQuit
00251098 000000bc T SDL_TimerInit
00251154 0000000c T SDL_GetTicks
00251160 00000168 t SDL_FillRect1
002512c8 00000138 t SDL_FillRect2
00251400 0000006c t SDL_FillRect3
0025146c 00000098 t SDL_FillRect4
00251504 000001e8 T SDL_FillRects
002516ec 00000060 T SDL_FillRect
0025174c 00000060 t SDL_DitherColors.part.0
002517ac 00000224 T SDL_PixelFormatEnumToMasks
002519d0 00000660 T SDL_MasksToPixelFormatEnum
00252030 0000023c T SDL_InitFormat
0025226c 000000fc T SDL_AllocFormat
00252368 00000108 T SDL_FreeFormat
00252470 000000ac T SDL_AllocPalette
0025251c 00000114 T SDL_SetPixelFormatPalette
00252630 00000054 T SDL_FreePalette
00252684 0000009c T SDL_FindColor
00252720 000000d8 t Map1to1
002527f8 00000044 t MapNto1.isra.0
0025283c 00000080 T SDL_DetectPalette
002528bc 000000a0 T SDL_MapRGBA
0025295c 00000040 T SDL_AllocBlitMap
0025299c 0000006c T SDL_InvalidateAllBlitMap
00252a08 00000048 T SDL_InvalidateMap
00252a50 0000042c T SDL_MapSurface
00252e7c 00000064 T SDL_FreeBlitMap
00252ee0 000000e4 T SDL_IntersectRect
00252fc4 0000022c T SDL_EnclosePoints
002531f0 00000098 t SDL_CalculatePitch
00253288 00000108 T SDL_SetColorKey
00253390 000000b0 T SDL_LowerBlit
00253440 00000068 T SDL_LockSurface
002534a8 00000034 T SDL_UnlockSurface
002534dc 00000108 T SDL_FreeSurface
002535e4 000002dc T SDL_CreateRGBSurfaceWithFormat
002538c0 00000070 T SDL_CreateRGBSurface
00253930 0000096c T SDL_ConvertSurface
0025429c 00000054 T SDL_ConvertSurfaceFormat
002542f0 00000058 t SDL_GetNumDisplayModesForDisplay
00254348 000001f8 t SDL_GetClosestDisplayModeForDisplay
00254540 00000080 t cmpmodes
002545c0 0000015c t SDL_SetDisplayModeForDisplay.part.0
0025471c 00000010 T SDL_GetVideoDevice
0025472c 000000dc T SDL_AddVideoDisplay
00254808 00000064 T SDL_AddBasicVideoDisplay
0025486c 00000040 T SDL_GetNumVideoDisplays
002548ac 00000050 T SDL_GetIndexOfDisplay
002548fc 00000084 T SDL_GetDisplayDriverData
00254980 00000080 T SDL_GetDisplayName
00254a00 00000108 T SDL_GetDisplayBounds
00254b08 0000012c t GetRectDisplayIndex
00254c34 0000012c T SDL_AddDisplayMode
00254d60 000000a4 T SDL_GetNumDisplayModes
00254e04 000000b4 T SDL_ResetDisplayModes
00254eb8 000000e8 T SDL_GetDisplayMode
00254fa0 00000084 T SDL_GetDesktopDisplayMode
00255024 00000084 T SDL_GetCurrentDisplayMode
002550a8 00000080 T SDL_GetDisplay
00255128 00000158 T SDL_GetWindowDisplayIndex
00255280 00000178 T SDL_GetWindowDisplayMode
002553f8 0000008c T SDL_ToggleDragAndDropSupport
00255484 00000024 T SDL_HasWindows
002554a8 0000005c T SDL_GetWindowID
00255504 00000044 T SDL_GetWindowFromID
00255548 0000005c T SDL_GetWindowFlags
002555a4 00000158 T SDL_SetWindowData
002556fc 00000054 t SDL_DestroyWindowTexture
00255750 000000cc T SDL_GetWindowData
0025581c 00000060 T SDL_GetWindowSize
0025587c 000000a8 T SDL_GetWindowSizeInPixels
00255924 00000064 T SDL_RaiseWindow
00255988 00000064 T SDL_RestoreWindow
002559ec 000000d8 T SDL_DestroyWindowSurface
00255ac4 0000013c T SDL_UpdateWindowGrab
00255c00 00000090 T SDL_GetWindowMouseRect
00255c90 00000060 T SDL_OnWindowResized
00255cf0 000003b8 t SDL_UpdateFullscreenMode
002560a8 000000cc T SDL_HideWindow
00256174 000000b4 T SDL_MinimizeWindow
00256228 00000008 T SDL_OnWindowHidden
00256230 00000018 T SDL_OnWindowShown
00256248 00000040 T SDL_OnWindowMoved
00256288 0000001c T SDL_OnWindowMinimized
002562a4 00000018 T SDL_OnWindowRestored
002562bc 00000024 T SDL_OnWindowEnter
002562e0 00000004 T SDL_OnWindowLeave
002562e4 00000098 T SDL_OnWindowFocusGained
0025637c 000000ec T SDL_OnWindowFocusLost
00256468 0000003c T SDL_GetFocusWindow
002564a4 00000048 T SDL_GL_UnloadLibrary
002564ec 000000bc T SDL_GL_ResetAttributes
002565a8 00000164 T SDL_GL_MakeCurrent
0025670c 0000007c T SDL_GL_GetDrawableSize
00256788 0000000c T SDL_GetMessageBoxCount
00256794 00000298 T SDL_ShowMessageBox
00256a2c 00000084 T SDL_ShowSimpleMessageBox
00256ab0 00000048 T SDL_Vulkan_UnloadLibrary
00256af8 00000214 t SDL_DestroyWindow.part.0
00256d0c 00000128 t SDL_VideoQuit.part.0
00256e34 00000018 T SDL_VideoQuit
00256e4c 000002e8 T SDL_VideoInit
00257134 00000014 t DUMMYAUDIO_OpenDevice
00257148 00000034 t DUMMYAUDIO_Init
0025717c 00000044 t DUMMYAUDIO_CaptureFromDevice
002571c0 0000000c t DISKAUDIO_GetDeviceBuf
002571cc 00000004 t DISKAUDIO_FlushCapture
002571d0 00000080 t DISKAUDIO_Init
00257250 00000038 t DISKAUDIO_DetectDevices
00257288 00000034 t DISKAUDIO_CloseDevice
002572bc 0000000c t DISKAUDIO_WaitDevice
002572c8 00000084 t DISKAUDIO_CaptureFromDevice
0025734c 00000038 t DISKAUDIO_PlayDevice
00257384 000001b8 t DISKAUDIO_OpenDevice
0025753c 00000008 t VIRTUAL_JoystickInit
00257544 00000004 t VIRTUAL_JoystickDetect
00257548 00000008 t VIRTUAL_JoystickGetDevicePath
00257550 00000008 t VIRTUAL_JoystickGetDeviceSteamVirtualGamepadSlot
00257558 00000468 t VIRTUAL_JoystickGetGamepadMapping
002579c0 00000030 t VIRTUAL_JoystickClose
002579f0 00000054 t VIRTUAL_JoystickGetCapabilities
00257a44 0000003c t VIRTUAL_JoystickGetCount
00257a80 00000008 t VIRTUAL_JoystickSetSensorsEnabled
00257a88 000000d8 t VIRTUAL_FreeHWData
00257b60 00000030 t VIRTUAL_JoystickQuit
00257b90 000000d8 t VIRTUAL_JoystickUpdate
00257c68 0000007c t VIRTUAL_JoystickSetLED
00257ce4 00000008 t VIRTUAL_JoystickGetDevicePlayerIndex
00257cec 00000074 t VIRTUAL_JoystickSendEffect
00257d60 00000074 t VIRTUAL_JoystickRumbleTriggers
00257dd4 00000074 t VIRTUAL_JoystickRumble
00257e48 0000004c t VIRTUAL_JoystickGetDeviceInstanceID
00257e94 00000044 t VIRTUAL_JoystickGetDeviceName
00257ed8 0000005c t VIRTUAL_JoystickSetDevicePlayerIndex
00257f34 00000090 t VIRTUAL_JoystickOpen
00257fc4 00000080 t VIRTUAL_JoystickGetDeviceGUID
00258044 00000004 t DUMMY_VideoQuit
00258048 00000004 t DUMMY_DeleteDevice
0025804c 00000070 t DUMMY_VideoInit
002580bc 000000d0 t DUMMY_CreateDevice
0025818c 00000008 t OFFSCREEN_SetDisplayMode
00258194 00000004 t OFFSCREEN_VideoQuit
00258198 000000b0 t OFFSCREEN_CreateDevice
00258248 00000004 t OFFSCREEN_DeleteDevice
0025824c 0000006c t OFFSCREEN_VideoInit
002582b8 00000060 T OFFSCREEN_CreateWindow
00258318 0000003c T OFFSCREEN_DestroyWindow
00258354 0000000c t N3DSAUDIO_GetDeviceBuf
00258360 00000068 t N3DSAUDIO_Init
002583c8 00000044 t N3DSAUDIO_CaptureFromDevice
0025840c 0000004c t N3DSAUDIO_ThreadInit
00258458 0000007c t AudioFrameFinished
002584d4 000000dc t N3DSAUDIO_CloseDevice
002585b0 00000068 t N3DSAUDIO_WaitDevice
00258618 000000c0 t N3DSAUDIO_PlayDevice
002586d8 00000310 t N3DSAUDIO_OpenDevice
002589e8 00000074 t N3DSAUD_DspHook
00258a5c 0000000c t N3DS_JoystickGetDeviceName
00258a68 00000008 t N3DS_JoystickGetCount
00258a70 00000004 t N3DS_JoystickGetDeviceInstanceID
00258a74 00000024 t N3DS_JoystickOpen
00258a98 00000004 t N3DS_JoystickClose
00258a9c 000000ec t N3DS_JoystickGetGamepadMapping
00258b88 00000004 t N3DS_JoystickDetect
00258b8c 00000008 t N3DS_JoystickGetDevicePath
00258b94 00000008 t N3DS_JoystickGetDeviceSteamVirtualGamepadSlot
00258b9c 00000004 t N3DS_JoystickSetDevicePlayerIndex
00258ba0 00000008 t N3DS_JoystickGetCapabilities
00258ba8 00000004 t N3DS_JoystickQuit
00258bac 00000270 t N3DS_JoystickUpdate
00258e1c 00000008 t N3DS_JoystickSetSensorsEnabled
00258e24 00000008 t N3DS_JoystickSendEffect
00258e2c 00000008 t N3DS_JoystickSetLED
00258e34 00000008 t N3DS_JoystickRumble
00258e3c 00000040 t N3DS_JoystickGetDeviceGUID
00258e7c 00000010 t N3DS_JoystickInit
00258e8c 00000008 t N3DS_JoystickGetDevicePlayerIndex
00258e94 00000008 t N3DS_JoystickRumbleTriggers
00258e9c 00000030 T SDL_CreateMutex
00258ecc 0000000c T SDL_DestroyMutex
00258ed8 00000020 T SDL_LockMutex
00258ef8 00000020 T SDL_UnlockMutex
00258f18 00000074 T SDL_CreateSemaphore
00258f8c 00000004 T SDL_DestroySemaphore
00258f90 00000070 T WaitOnSemaphoreFor
00259000 00000078 T SDL_SemWaitTimeout
00259078 00000030 T SDL_SemWait
002590a8 00000030 T SDL_SemPost
002590d8 00000010 t ThreadEntry
002590e8 000000b8 T SDL_SYS_CreateThread
002591a0 00000004 T SDL_SYS_SetupThread
002591a4 0000002c T SDL_ThreadID
002591d0 00000020 T SDL_SYS_SetThreadPriority
002591f0 0000003c T SDL_SYS_WaitThread
0025922c 00000004 T SDL_SYS_InitTLSData
00259230 00000004 T SDL_SYS_GetTLSData
00259234 00000004 T SDL_SYS_SetTLSData
00259238 00000004 T SDL_SYS_QuitTLSData
0025923c 00000030 T SDL_TicksInit
0025926c 00000014 T SDL_TicksQuit
00259280 00000064 T SDL_GetTicks64
002592e4 00000010 T SDL_Delay
002592f4 00000008 t N3DS_SensorGetCount
002592fc 00000004 t N3DS_SensorDetect
00259300 0000001c t N3DS_SensorGetDeviceType
0025931c 0000001c t N3DS_SensorGetDeviceNonPortableType
00259338 0000001c t N3DS_SensorGetDeviceInstanceID
00259354 00000008 t N3DS_SensorOpen
0025935c 00000004 t N3DS_SensorClose
00259360 00000014 t N3DS_SensorQuit
00259374 00000154 t N3DS_SensorUpdate
002594c8 00000050 t N3DS_SensorGetDeviceName
00259518 00000068 t N3DS_SensorInit
00259580 00000044 t N3DS_GetDisplayBounds
002595c4 00000120 t N3DS_CreateDevice
002596e4 00000024 t N3DS_DeleteDevice
00259708 00000020 t N3DS_SetDisplayMode
00259728 000000a8 t N3DS_GetDisplayModes
002597d0 00000018 t N3DS_VideoQuit
002597e8 000001c4 t N3DS_VideoInit
002599ac 00000060 t N3DS_CreateWindow
00259a0c 00000010 t N3DS_DestroyWindow
00259a1c 000000e4 T N3DS_FileOpen
00259b00 00000008 T SDL_SYS_HapticInit
00259b08 00000004 T SDL_SYS_HapticClose
00259b0c 00000004 T SDL_SYS_HapticQuit
00259b10 0000000c T SDL_SYS_HapticDestroyEffect
00259b1c 000000b0 T SDL_NewDataQueue
00259bcc 00000060 T SDL_FreeDataQueue
00259c2c 000000e0 T SDL_ClearDataQueue
00259d0c 00000194 T SDL_WriteToDataQueue
00259ea0 000000e4 T SDL_ReadFromDataQueue
00259f84 00000048 T SDL_CountDataQueue
00259fcc 00000110 T SDL_GUIDFromString
0025a0dc 0000004c T SDL_ListAdd
0025a128 0000003c T SDL_ListRemove
0025a164 00000028 T SDL_powerof2
0025a18c 0000002c T SDL_AtomicCAS
0025a1b8 0000002c T SDL_AtomicCASPtr
0025a1e4 00000020 T SDL_AtomicSet
0025a204 00000020 T SDL_AtomicSetPtr
0025a224 00000024 T SDL_AtomicAdd
0025a248 00000010 T SDL_AtomicGet
0025a258 00000060 t SDL_GetCPUFeatures
0025a2b8 00000014 T SDL_HasAltiVec
0025a2cc 00000014 T SDL_HasMMX
0025a2e0 00000014 T SDL_Has3DNow
0025a2f4 00000014 T SDL_HasSSE
0025a308 00000014 T SDL_HasSSE2
0025a31c 00000014 T SDL_HasARMSIMD
0025a330 000000a4 T SDL_SIMDAlloc
0025a3d4 00000010 T SDL_SIMDFree
0025a3e4 0000009c T SDL_SendDisplayEvent
0025a480 00000078 t FlushRenderCommands
0025a4f8 00000090 t AllocateRenderCommand
0025a588 000000ec t QueueCmdSetViewport
0025a674 000000d0 t QueueCmdSetClipRect
0025a744 000000a4 t GetWindowViewportValues
0025a7e8 00000264 t SDL_SetRenderTarget.part.0
0025aa4c 00000114 t SDL_DestroyTexture.part.0
0025ab60 0000000c T SDL_GetRenderer
0025ab6c 000000f0 T SDL_GetRendererOutputSize
0025ac60 00000424 t UpdateLogicalSize.constprop.0
0025b084 000007a4 t SDL_RendererEventWatch
0025b828 00000034 T SDL_DestroyTexture
0025b85c 00000100 T SDL_DestroyRendererWithoutFreeing
0025b95c 00000074 T SDL_DestroyRenderer
0025b9d0 00000030 T SDL_SW_DestroyYUVTexture
0025ba00 0000000c T SDL_qsort
0025ba0c 000000cc t copy_opaque_16
0025bad8 000000e4 t uncopy_opaque_16
0025bbbc 000000cc t copy_transl_565
0025bc88 000000cc t copy_transl_555
0025bd54 000000e4 t uncopy_transl_16
0025be38 000000ac t copy_32
0025bee4 000000d8 t uncopy_32
0025bfbc 00000008 t getpix_8
0025bfc4 00000008 t getpix_16
0025bfcc 00000010 t getpix_24
0025bfdc 00000008 t getpix_32
0025bfe4 00000a80 t SDL_RLEAlphaBlit
0025ca64 00002398 t SDL_RLEBlit
0025edfc 00000270 T SDL_UnRLESurface
0025f06c 00000cfc T SDL_RLESurface
0025fd68 00000280 t SDL_SoftBlit
0025ffe8 00000420 T SDL_CalculateBlit
00260408 0000239c t BlitBtoNAlpha
002627a4 00001fd8 t BlitBtoNAlphaKey
0026477c 000001c4 t Blit1bto1
00264940 00000114 t Blit1bto2
00264a54 0000013c t Blit1bto3
00264b90 00000120 t Blit1bto4
00264cb0 000001c8 t Blit1bto1Key
00264e78 00000128 t Blit1bto2Key
00264fa0 00000128 t Blit1bto4Key
002650c8 000001c4 t Blit2bto1
0026528c 00000114 t Blit2bto2
002653a0 0000013c t Blit2bto3
002654dc 00000120 t Blit2bto4
002655fc 000001c8 t Blit2bto1Key
002657c4 00000128 t Blit2bto2Key
002658ec 00000128 t Blit2bto4Key
00265a14 000001cc t Blit4bto1
00265be0 00000118 t Blit4bto2
00265cf8 00000144 t Blit4bto3
00265e3c 00000124 t Blit4bto4
00265f60 000001d0 t Blit4bto1Key
00266130 0000012c t Blit4bto2Key
0026625c 0000012c t Blit4bto4Key
00266388 000001a8 t Blit4bto3Key
00266530 000001a0 t Blit2bto3Key
002666d0 000001a0 t Blit1bto3Key
00266870 0000013c T SDL_CalculateBlit0
002669ac 000003c8 t Blit1to1
00266d74 0000046c t Blit1to2
002671e0 00000108 t Blit1to3
002672e8 00000400 t Blit1to4
002676e8 00000558 t Blit1to1Key
00267c40 00000318 t Blit1to2Key
00267f58 0000013c t Blit1to3Key
00268094 000002e0 t Blit1to4Key
00268374 0000260c t Blit1toNAlpha
0026a980 000024e4 t Blit1toNAlphaKey
0026ce64 000000c0 T SDL_CalculateBlit1
0026cf24 000011b4 t BlitNto1SurfaceAlpha
0026e0d8 00001184 t BlitNto1PixelAlpha
0026f25c 0000128c t BlitNto1SurfaceAlphaKey
002704e8 00000308 t BlitRGBtoRGBSurfaceAlpha
002707f0 00000260 t BlitRGBtoRGBPixelAlpha
00270a50 00000280 t BlitRGBtoBGRPixelAlpha
00270cd0 00000238 t Blit16to16SurfaceAlpha128
00270f08 000001a4 t Blit565to565SurfaceAlpha
002710ac 000001a4 t Blit555to555SurfaceAlpha
00271250 000002d0 t BlitARGBto565PixelAlpha
00271520 000002bc t BlitARGBto555PixelAlpha
002717dc 00000ec0 t BlitNtoNSurfaceAlpha
0027269c 000012a8 t BlitNtoNSurfaceAlphaKey
00273944 00002130 t BlitNtoNPixelAlpha
00275a74 00000300 T SDL_CalculateBlitA
00275d74 00000224 t Blit_RGB888_index8
00275f98 00000224 t Blit_RGB101010_index8
002761bc 00000118 t Blit_RGB888_RGB555
002762d4 0000011c t Blit_RGB888_RGB565
002763f0 000000f4 t Blit_RGB565_32
002764e4 0000000c t Blit_RGB565_ARGB8888
002764f0 0000000c t Blit_RGB565_ABGR8888
002764fc 0000000c t Blit_RGB565_RGBA8888
00276508 0000000c t Blit_RGB565_BGRA8888
00276514 000003dc t Blit_RGB555_ARGB1555
002768f0 000029f8 t BlitNto1
002792e8 000007ac t Blit4to4MaskAlpha
00279a94 00000174 t get_permutation
00279c08 00000cb4 t BlitNtoN
0027a8bc 00001168 t BlitNtoNCopyAlpha
0027ba24 00002138 t BlitNto1Key
0027db5c 000002ec t Blit2to2Key
0027de48 00001a10 t BlitNtoNKey
0027f858 000014a8 t BlitNtoNKeyCopyAlpha
00280d00 00000ff4 t Blit2101010toN
00281cf4 000005e0 t BlitNto2101010
002822d4 000001a0 t Blit_3or4_to_3or4__same_rgb
00282474 00000310 t Blit_3or4_to_3or4__inversed_rgb
00282784 00000350 T SDL_CalculateBlitN
00282ad4 00000134 t SDL_Blit_RGB888_RGB888_Scale
00282c08 00000144 t SDL_Blit_RGB888_RGB888_Blend
00282d4c 00000210 t SDL_Blit_RGB888_RGB888_Blend_Scale
00282f5c 000000e4 t SDL_Blit_RGB888_RGB888_Modulate
00283040 000001c8 t SDL_Blit_RGB888_RGB888_Modulate_Scale
00283208 000002a8 t SDL_Blit_RGB888_RGB888_Modulate_Blend
002834b0 0000038c t SDL_Blit_RGB888_RGB888_Modulate_Blend_Scale
0028383c 00000148 t SDL_Blit_RGB888_BGR888_Scale
00283984 00000144 t SDL_Blit_RGB888_BGR888_Blend
00283ac8 00000210 t SDL_Blit_RGB888_BGR888_Blend_Scale
00283cd8 000000e0 t SDL_Blit_RGB888_BGR888_Modulate
00283db8 000001c8 t SDL_Blit_RGB888_BGR888_Modulate_Scale
00283f80 000002a8 t SDL_Blit_RGB888_BGR888_Modulate_Blend
00284228 00000390 t SDL_Blit_RGB888_BGR888_Modulate_Blend_Scale
002845b8 00000138 t SDL_Blit_RGB888_ARGB8888_Scale
002846f0 00000154 t SDL_Blit_RGB888_ARGB8888_Blend
00284844 00000220 t SDL_Blit_RGB888_ARGB8888_Blend_Scale
00284a64 000000f4 t SDL_Blit_RGB888_ARGB8888_Modulate
00284b58 000001dc t SDL_Blit_RGB888_ARGB8888_Modulate_Scale
00284d34 000002d8 t SDL_Blit_RGB888_ARGB8888_Modulate_Blend
0028500c 000003b0 t SDL_Blit_RGB888_ARGB8888_Modulate_Blend_Scale
002853bc 00000004 t SDL_Blit_BGR888_RGB888_Scale
002853c0 00000144 t SDL_Blit_BGR888_RGB888_Blend
00285504 0000020c t SDL_Blit_BGR888_RGB888_Blend_Scale
00285710 000000e0 t SDL_Blit_BGR888_RGB888_Modulate
002857f0 000001c8 t SDL_Blit_BGR888_RGB888_Modulate_Scale
002859b8 000002a8 t SDL_Blit_BGR888_RGB888_Modulate_Blend
00285c60 00000390 t SDL_Blit_BGR888_RGB888_Modulate_Blend_Scale
00285ff0 00000004 t SDL_Blit_BGR888_BGR888_Scale
00285ff4 00000144 t SDL_Blit_BGR888_BGR888_Blend
00286138 00000210 t SDL_Blit_BGR888_BGR888_Blend_Scale
00286348 000000e4 t SDL_Blit_BGR888_BGR888_Modulate
0028642c 000001c8 t SDL_Blit_BGR888_BGR888_Modulate_Scale
002865f4 000002a8 t SDL_Blit_BGR888_BGR888_Modulate_Blend
0028689c 00000390 t SDL_Blit_BGR888_BGR888_Modulate_Blend_Scale
00286c2c 0000014c t SDL_Blit_BGR888_ARGB8888_Scale
00286d78 00000154 t SDL_Blit_BGR888_ARGB8888_Blend
00286ecc 00000218 t SDL_Blit_BGR888_ARGB8888_Blend_Scale
002870e4 000000f4 t SDL_Blit_BGR888_ARGB8888_Modulate
002871d8 000001d0 t SDL_Blit_BGR888_ARGB8888_Modulate_Scale
002873a8 000002d8 t SDL_Blit_BGR888_ARGB8888_Modulate_Blend
00287680 000003b0 t SDL_Blit_BGR888_ARGB8888_Modulate_Blend_Scale
00287a30 00000138 t SDL_Blit_ARGB8888_RGB888_Scale
00287b68 00000240 t SDL_Blit_ARGB8888_RGB888_Blend
00287da8 00000338 t SDL_Blit_ARGB8888_RGB888_Blend_Scale
002880e0 00000004 t SDL_Blit_ARGB8888_RGB888_Modulate
002880e4 00000004 t SDL_Blit_ARGB8888_RGB888_Modulate_Scale
002880e8 000002c0 t SDL_Blit_ARGB8888_RGB888_Modulate_Blend
002883a8 000003a0 t SDL_Blit_ARGB8888_RGB888_Modulate_Blend_Scale
00288748 00000004 t SDL_Blit_ARGB8888_BGR888_Scale
0028874c 00000240 t SDL_Blit_ARGB8888_BGR888_Blend
0028898c 00000338 t SDL_Blit_ARGB8888_BGR888_Blend_Scale
00288cc4 00000004 t SDL_Blit_ARGB8888_BGR888_Modulate
00288cc8 00000004 t SDL_Blit_ARGB8888_BGR888_Modulate_Scale
00288ccc 000002c0 t SDL_Blit_ARGB8888_BGR888_Modulate_Blend
00288f8c 000003a4 t SDL_Blit_ARGB8888_BGR888_Modulate_Blend_Scale
00289330 00000004 t SDL_Blit_ARGB8888_ARGB8888_Scale
00289334 00000264 t SDL_Blit_ARGB8888_ARGB8888_Blend
00289598 00000350 t SDL_Blit_ARGB8888_ARGB8888_Blend_Scale
002898e8 00000124 t SDL_Blit_ARGB8888_ARGB8888_Modulate
00289a0c 000001f0 t SDL_Blit_ARGB8888_ARGB8888_Modulate_Scale
00289bfc 000002e4 t SDL_Blit_ARGB8888_ARGB8888_Modulate_Blend
00289ee0 000003c0 t SDL_Blit_ARGB8888_ARGB8888_Modulate_Blend_Scale
0028a2a0 00000138 t SDL_Blit_RGBA8888_RGB888_Scale
0028a3d8 00000240 t SDL_Blit_RGBA8888_RGB888_Blend
0028a618 00000338 t SDL_Blit_RGBA8888_RGB888_Blend_Scale
0028a950 000000e4 t SDL_Blit_RGBA8888_RGB888_Modulate
0028aa34 000001c8 t SDL_Blit_RGBA8888_RGB888_Modulate_Scale
0028abfc 000002c0 t SDL_Blit_RGBA8888_RGB888_Modulate_Blend
0028aebc 000003a0 t SDL_Blit_RGBA8888_RGB888_Modulate_Blend_Scale
0028b25c 00000148 t SDL_Blit_RGBA8888_BGR888_Scale
0028b3a4 00000240 t SDL_Blit_RGBA8888_BGR888_Blend
0028b5e4 00000338 t SDL_Blit_RGBA8888_BGR888_Blend_Scale
0028b91c 000000e0 t SDL_Blit_RGBA8888_BGR888_Modulate
0028b9fc 000001c8 t SDL_Blit_RGBA8888_BGR888_Modulate_Scale
0028bbc4 000002c0 t SDL_Blit_RGBA8888_BGR888_Modulate_Blend
0028be84 000003a4 t SDL_Blit_RGBA8888_BGR888_Modulate_Blend_Scale
0028c228 00000138 t SDL_Blit_RGBA8888_ARGB8888_Scale
0028c360 00000264 t SDL_Blit_RGBA8888_ARGB8888_Blend
0028c5c4 00000350 t SDL_Blit_RGBA8888_ARGB8888_Blend_Scale
0028c914 00000124 t SDL_Blit_RGBA8888_ARGB8888_Modulate
0028ca38 000001f0 t SDL_Blit_RGBA8888_ARGB8888_Modulate_Scale
0028cc28 000002e4 t SDL_Blit_RGBA8888_ARGB8888_Modulate_Blend
0028cf0c 000003c0 t SDL_Blit_RGBA8888_ARGB8888_Modulate_Blend_Scale
0028d2cc 00000004 t SDL_Blit_ABGR8888_RGB888_Scale
0028d2d0 00000240 t SDL_Blit_ABGR8888_RGB888_Blend
0028d510 00000338 t SDL_Blit_ABGR8888_RGB888_Blend_Scale
0028d848 00000004 t SDL_Blit_ABGR8888_RGB888_Modulate
0028d84c 00000004 t SDL_Blit_ABGR8888_RGB888_Modulate_Scale
0028d850 000002c0 t SDL_Blit_ABGR8888_RGB888_Modulate_Blend
0028db10 000003a0 t SDL_Blit_ABGR8888_RGB888_Modulate_Blend_Scale
0028deb0 00000004 t SDL_Blit_ABGR8888_BGR888_Scale
0028deb4 00000240 t SDL_Blit_ABGR8888_BGR888_Blend
0028e0f4 00000338 t SDL_Blit_ABGR8888_BGR888_Blend_Scale
0028e42c 00000004 t SDL_Blit_ABGR8888_BGR888_Modulate
0028e430 00000004 t SDL_Blit_ABGR8888_BGR888_Modulate_Scale
0028e434 000002c0 t SDL_Blit_ABGR8888_BGR888_Modulate_Blend
0028e6f4 000003a4 t SDL_Blit_ABGR8888_BGR888_Modulate_Blend_Scale
0028ea98 0000013c t SDL_Blit_ABGR8888_ARGB8888_Scale
0028ebd4 00000264 t SDL_Blit_ABGR8888_ARGB8888_Blend
0028ee38 00000350 t SDL_Blit_ABGR8888_ARGB8888_Blend_Scale
0028f188 00000124 t SDL_Blit_ABGR8888_ARGB8888_Modulate
0028f2ac 000001f0 t SDL_Blit_ABGR8888_ARGB8888_Modulate_Scale
0028f49c 000002e4 t SDL_Blit_ABGR8888_ARGB8888_Modulate_Blend
0028f780 000003c0 t SDL_Blit_ABGR8888_ARGB8888_Modulate_Blend_Scale
0028fb40 00000004 t SDL_Blit_BGRA8888_RGB888_Scale
0028fb44 00000240 t SDL_Blit_BGRA8888_RGB888_Blend
0028fd84 00000338 t SDL_Blit_BGRA8888_RGB888_Blend_Scale
002900bc 000000e0 t SDL_Blit_BGRA8888_RGB888_Modulate
0029019c 000001c8 t SDL_Blit_BGRA8888_RGB888_Modulate_Scale
00290364 000002c0 t SDL_Blit_BGRA8888_RGB888_Modulate_Blend
00290624 000003a0 t SDL_Blit_BGRA8888_RGB888_Modulate_Blend_Scale
002909c4 00000004 t SDL_Blit_BGRA8888_BGR888_Scale
002909c8 00000240 t SDL_Blit_BGRA8888_BGR888_Blend
00290c08 00000338 t SDL_Blit_BGRA8888_BGR888_Blend_Scale
00290f40 000000e4 t SDL_Blit_BGRA8888_BGR888_Modulate
00291024 000001c8 t SDL_Blit_BGRA8888_BGR888_Modulate_Scale
002911ec 000002c0 t SDL_Blit_BGRA8888_BGR888_Modulate_Blend
002914ac 000003a4 t SDL_Blit_BGRA8888_BGR888_Modulate_Blend_Scale
00291850 00000138 t SDL_Blit_BGRA8888_ARGB8888_Scale
00291988 00000264 t SDL_Blit_BGRA8888_ARGB8888_Blend
00291bec 00000350 t SDL_Blit_BGRA8888_ARGB8888_Blend_Scale
00291f3c 00000124 t SDL_Blit_BGRA8888_ARGB8888_Modulate
00292060 000001f0 t SDL_Blit_BGRA8888_ARGB8888_Modulate_Scale
00292250 000002e4 t SDL_Blit_BGRA8888_ARGB8888_Modulate_Blend
00292534 000003c0 t SDL_Blit_BGRA8888_ARGB8888_Modulate_Blend_Scale
002928f4 000000e4 T SDL_BlitCopy
002929d8 00001588 T SDL_Blit_Slow
00293f60 00000004 T DUMMY_PumpEvents
00293f64 000000a4 T SDL_DUMMY_CreateWindowFramebuffer
00294008 000000b4 T SDL_DUMMY_UpdateWindowFramebuffer
002940bc 00000020 T SDL_DUMMY_DestroyWindowFramebuffer
002940dc 00000004 T OFFSCREEN_PumpEvents
002940e0 000000a4 T SDL_OFFSCREEN_CreateWindowFramebuffer
00294184 000000b4 T SDL_OFFSCREEN_UpdateWindowFramebuffer
00294238 00000020 T SDL_OFFSCREEN_DestroyWindowFramebuffer
00294258 00000044 T N3DS_PumpEvents
0029429c 00000108 T SDL_N3DS_CreateWindowFramebuffer
002943a4 00000230 T SDL_N3DS_UpdateWindowFramebuffer
002945d4 00000020 T SDL_N3DS_DestroyWindowFramebuffer
002945f4 00000018 T N3DS_SwkbInit
0029460c 00000004 T N3DS_SwkbQuit
00294610 00000008 T N3DS_HasScreenKeyboardSupport
00294618 0000003c T N3DS_StartTextInput
00294654 00000004 T N3DS_StopTextInput
00294658 00000018 T N3DS_InitTouch
00294670 0000000c T N3DS_QuitTouch
0029467c 00000114 T N3DS_PollTouch
00294790 00000658 T SDL_SaveBMP_RW
00294de8 00000044 t C2Di_FrameEndHook
00294e2c 00000368 T C2D_Init
00295194 0000004c T C2D_Fini
002951e0 000000bc T C2D_Prepare
0029529c 00000048 T C2D_Flush
002952e4 000000fc T C2D_SceneSize
002953e0 00000060 T C2D_TargetClear
00295440 0000014c T C2Di_CalcQuad
0029558c 00000054 T C2Di_AppendQuad
002955e0 00000738 T C2Di_Update
00295d18 000002e8 T C2D_DrawImage
00296000 00000068 T C2D_SpriteSheetLoadFromHandle
00296068 00000048 T C2D_SpriteSheetLoad
002960b0 00000028 T C2D_SpriteSheetFree
002960d8 00000008 T C2D_SpriteSheetCount
002960e0 00000028 T C2D_SpriteSheetGetImage
00296108 00000028 T AttrInfo_Init
00296130 00000094 T AttrInfo_AddLoader
002961c4 00000020 T C3D_GetAttrInfo
002961e4 00000054 T C3D_SetAttrInfo
00296238 00000080 T C3Di_AttrInfoBind
002962b8 00000004 W C3Di_LightEnvUpdate
002962bc 00000004 W C3Di_LightEnvDirty
002962c0 000000b4 t C3Di_AptEventHook
00296374 00000004 W C3Di_GasUpdate
00296378 000001d0 T C3D_Init
00296548 00000098 T C3D_SetViewport
002965e0 000004e8 T C3Di_UpdateContext
00296ac8 000000e0 T C3Di_SplitFrame
00296ba8 00000044 T C3D_Fini
00296bec 00000194 T C3D_BindProgram
00296d80 00000024 T BufInfo_Init
00296da4 00000080 T BufInfo_Add
00296e24 00000020 T C3D_GetBufInfo
00296e44 0000003c T C3D_SetBufInfo
00296e80 00000048 T C3Di_BufInfoBind
00296ec8 00000148 T C3D_DrawArrays
00297010 0000021c T C3D_DrawElements
0029722c 00000040 T C3D_DepthMap
0029726c 0000001c T C3D_CullFace
00297288 00000040 T C3D_StencilTest
002972c8 00000024 T C3D_StencilOp
002972ec 0000001c T C3D_BlendingColor
00297308 00000024 T C3D_EarlyDepthTest
0029732c 0000002c T C3D_DepthTest
00297358 0000002c T C3D_AlphaTest
00297384 00000050 T C3D_AlphaBlend
002973d4 00000030 T C3D_FragOpMode
00297404 00000044 T C3D_FragOpShadow
00297448 000001ac T C3Di_EffectBind
002975f4 0000001c T C3D_CalcColorBufSize
00297610 0000001c T C3D_CalcDepthBufSize
0029762c 00000044 T C3D_SetFrameBuf
00297670 0000016c T C3Di_FrameBufBind
002977dc 000000c8 T C3D_FrameBufClear
002978a4 00000044 T C3D_FrameBufTransfer
002978e8 000000a8 T C3D_ImmSendAttrib
00297990 00000070 T C3D_ProcTexInit
00297a00 00000054 T C3D_ProcTexBind
00297a54 0000005c T C3D_ProcTexLutBind
00297ab0 000000a4 T ProcTexLut_FromArray
00297b54 00000178 T C3Di_ProcTexUpdate
00297ccc 00000068 T C3Di_ProcTexDirty
00297d34 0000004c t onVBlank0
00297d80 0000004c t onVBlank1
00297dcc 00000080 t C3Di_RenderTargetDestroy
00297e4c 000000f4 t onQueueFinish
00297f40 00000038 T C3Di_RenderQueueEnableVBlank
00297f78 00000030 T C3Di_RenderQueueDisableVBlank
00297fa8 00000060 T C3Di_RenderQueueInit
00298008 000000b4 T C3Di_RenderQueueExit
002980bc 00000034 T C3Di_RenderQueueWaitDone
002980f0 000000e8 T C3D_FrameBegin
002981d8 00000048 T C3D_FrameDrawOn
00298220 00000058 T C3D_FrameSplit
00298278 000001d0 T C3D_FrameEnd
00298448 0000001c T C3D_FrameEndHook
00298464 00000170 T C3D_RenderTargetCreate
002985d4 000000f0 T C3D_RenderTargetDelete
002986c4 000000a8 T C3D_RenderTargetSetOutput
0029876c 000000fc T C3D_SyncTextureCopy
00298868 000003d8 t Tex3DSi_ImportCommon
00298c40 00000038 T Tex3DS_TextureImportStdio
00298c78 00000008 T Tex3DS_GetNumSubTextures
00298c80 0000001c T Tex3DS_GetSubTexture
00298c9c 00000004 T Tex3DS_TextureFree
00298ca0 00000034 T C3D_GetTexEnv
00298cd4 00000024 T C3Di_TexEnvBind
00298cf8 00000290 T C3D_TexInitWithParams
00298f88 000000c8 T C3D_TexLoadImage
00299050 00000044 T C3D_TexBind
00299094 00000074 T C3D_TexDelete
00299108 0000014c T C3Di_SetTex
00299254 00000290 T C3D_UpdateUniforms
002994e4 000000c0 T C3Di_DirtyUniforms
002995a4 000000d8 T C3Di_LoadShaderUniforms
0029967c 00000028 T C3Di_ClearShaderUniforms
002996a4 000000b8 T Mtx_Multiply
0029975c 000000cc T Mtx_Ortho
00299828 000000cc T Mtx_OrthoTilt
002998f4 00000024 t addrMapNodeComparator(rbtree_node const*, rbtree_node const*)
00299918 00000004 t addrMapNodeDestructor(rbtree_node*)
0029991c 0000012c T linearMemAlign
00299a48 00000008 T linearAlloc
00299a50 0000005c T linearFree
00299aac 00000088 T MemPool::CoalesceRight(MemBlock*)
00299b34 00000178 T MemPool::Allocate(MemChunk&, unsigned long, int)
00299cac 00000118 T MemPool::Deallocate(MemChunk const&)
00299dc4 00000030 T MemPool::GetFreeSpace()
00299df4 00000024 t addrMapNodeComparator(rbtree_node const*, rbtree_node const*)
00299e18 00000004 t addrMapNodeDestructor(rbtree_node*)
00299e1c 00000248 T vramMemAlignAt
0029a064 0000000c T vramAlloc
0029a070 0000000c T vramAllocAt
0029a07c 00000094 T vramFree
0029a110 000000cc t gfxPresentFramebuffer
0029a1dc 00000010 T gfxSet3D
0029a1ec 000000f8 T gfxSetScreenFormat
0029a2e4 000000d8 T gfxInit
0029a3bc 00000010 T gfxInitDefault
0029a3cc 000000b8 T gfxExit
0029a484 000000a0 T gfxGetFramebuffer
0029a524 00000028 T gfxScreenSwapBuffers
0029a54c 00000074 T osConvertVirtToPhys
0029a5c0 00000054 T osGetTimeRef
0029a614 000000ec T osGetTime
0029a700 00000034 T __ctru_speedup_config
0029a734 00000038 T osSetSpeedupEnable
0029a76c 00000008 t romfs_close
0029a774 000000ac t romfs_seek
0029a820 00000024 t romfs_dirreset
0029a844 000000c0 t fill_dir
0029a904 000002ac t romfs_dirnext
0029abb0 00000074 t romfs_free
0029ac24 000000d0 t searchForFile.constprop.0
0029acf4 000000d4 t searchForDir.constprop.0
0029adc8 000001c0 t navigateToDir.constprop.0
0029af88 00000114 t romfs_open
0029b09c 0000004c t romfs_chdir
0029b0e8 00000068 t romfs_diropen
0029b150 00000178 t romfs_stat
0029b2c8 00000008 t romfs_dirclose
0029b2d0 0000007c t romfs_fstat
0029b34c 000000d0 t romfs_read
0029b41c 00000294 T romfsMountFromFile
0029b6b0 00000098 T romfsMountFromCurrentProcess
0029b748 00000258 T romfsMountSelf
0029b9a0 000000a0 T romfsUnmount
0029ba40 0000000c T __sync_init
0029ba4c 00000018 T __sync_fini
0029ba64 00000028 T syncArbitrateAddress
0029ba8c 0000001c T LightLock_Init
0029baa8 000000ac T LightLock_Lock
0029bb54 00000040 T LightLock_Unlock
0029bb94 00000024 T RecursiveLock_Init
0029bbb8 00000054 T RecursiveLock_Lock
0029bc0c 00000054 T RecursiveLock_Unlock
0029bc60 0000000c T CondVar_Init
0029bc6c 00000084 T CondVar_Wait
0029bcf0 000000ec T CondVar_WaitTimeout
0029bddc 00000124 T CondVar_WakeUp
0029bf00 00000044 T LightEvent_Init
0029bf44 000000b8 T LightEvent_Clear
0029bffc 000000dc T LightEvent_Signal
0029c0d8 00000050 T LightEvent_TryWait
0029c128 000000ac T LightEvent_Wait
0029c1d4 00000014 T LightSemaphore_Init
0029c1e8 00000094 T LightSemaphore_Acquire
0029c27c 00000038 T LightSemaphore_TryAcquire
0029c2b4 00000064 T LightSemaphore_Release
0029c318 000001fc T threadCreate
0029c514 00000038 T threadFree
0029c54c 00000024 T threadJoin
0029c570 00000030 T threadGetCurrent
0029c5a0 00000040 T threadExit
0029c5e0 00000020 t _thread_begin
0029c600 0000013c T GPUCMD_Add
0029c73c 000000b0 T GPUCMD_Split
0029c7ec 00000034 T f32tof16
0029c820 00000034 T f32tof24
0029c854 00000038 T f32tof31
0029c88c 00000010 T GX_BindQueue
0029c89c 0000007c T GX_ProcessCommandList
0029c918 00000074 T GX_MemoryFill
0029c98c 00000074 T GX_DisplayTransfer
0029ca00 00000078 T GX_TextureCopy
0029ca78 00000064 t gxCmdQueueDoCommands.part.0
0029cadc 000000e4 T gxCmdQueueInterrupt
0029cbc0 00000068 T gxCmdQueueClear
0029cc28 00000108 T gxCmdQueueAdd
0029cd30 00000080 T gxCmdQueueRun
0029cdb0 00000064 T gxCmdQueueStop
0029ce14 000000ac T gxCmdQueueWait
0029cec0 000001e0 T shaderInstanceInit
0029d0a0 00000018 T shaderInstanceGetUniformLocation
0029d0b8 0000001c T shaderProgramInit
0029d0d4 00000074 T shaderProgramFree
0029d148 00000094 T shaderProgramSetVsh
0029d1dc 000008d0 T shaderProgramConfigure
0029daac 000001dc t DVLE_GenerateOutmap.part.0
0029dc88 000001ac T DVLB_ParseFile
0029de34 00000050 T DVLB_Free
0029de84 00000074 T DVLE_GetUniformRegister
0029def8 00000158 t ndspUpdateMaster
0029e050 00000108 t ndspFinalize
0029e158 0000025c t ndspInitialize.part.0
0029e3b4 00000108 t ndspHookCallback
0029e4c0 00000318 t ndspThreadMain
0029e7d8 000003f0 T ndspInit
0029ebc8 000000d8 T ndspExit
0029eca0 00000010 T ndspSetCallback
0029ecb0 000000e0 T ndspChnReset
0029ed90 00000018 T ndspChnSetFormat
0029eda8 00000050 T ndspChnSetInterp
0029edf8 00000060 T ndspChnSetRate
0029ee58 00000080 T ndspChnSetMix
0029eed8 000000c8 T ndspChnWaveBufAdd
0029efa0 00000040 T ndspiInitChn
0029efe0 0000002c T ndspiDirtyChn
0029f00c 0000043c T ndspiUpdateChn
0029f448 00000180 T ndspiReadChnState
0029f5c8 00000180 t aptConvertScreenForCapture
0029f748 00000138 T aptSendCommand
0029f880 00000044 t aptExitProcess
0029f8c4 00000394 T aptExit
0029fc58 000000d8 T aptHandleSleep
0029fd30 00000034 T aptHook
0029fd64 00000030 T aptUnhook
0029fd94 0000001c T aptSetMessageCallback
0029fdb0 00000084 T APT_SleepIfShellClosed
0029fe34 00000078 T aptSetSleepAllowed
0029feac 00000084 T APT_UnlockTransition
0029ff30 00000470 t aptEventHandler
002a03a0 000000bc T APT_ReceiveParameter
002a045c 000000b0 t aptReceiveParameter.constprop.0
002a0510 00000294 t aptScreenTransfer
002a07a4 000002d0 t aptWaitForWakeUp.isra.0
002a0a74 00000114 T aptLaunchLibraryApplet
002a0b88 000000f4 T aptJumpToHomeMenu
002a0c7c 00000058 T aptMainLoop
002a0cd4 00000240 T aptInit
002a0f14 0000005c T APT_SendParameter
002a0f70 0000002c T APT_SetAppCpuTimeLimit
002a0f9c 00000090 T APT_CheckNew3DS
002a102c 000000a8 T cfguInit
002a10d4 0000003c T cfguExit
002a1110 0000004c T CFGU_GetConfigInfoBlk2
002a115c 000000a4 t DSP_LoadComponent.part.0
002a1200 000000fc T dspInit
002a12fc 0000008c T dspExit
002a1388 00000024 T dspHook
002a13ac 00000030 T dspUnhook
002a13dc 000000b4 T aptDspSleep
002a1490 000000b4 T aptDspWakeup
002a1544 00000044 T aptDspCancel
002a1588 00000050 T DSP_FlushDataCache
002a15d8 00000034 T DSP_SetSemaphore
002a160c 00000034 T DSP_SetSemaphoreMask
002a1640 00000038 T DSP_GetSemaphoreHandle
002a1678 0000003c T DSP_LoadComponent
002a16b4 00000044 T DSP_RegisterInterruptEvents
002a16f8 00000078 T DSP_ReadPipeIfPossible
002a1770 0000004c T DSP_WriteProcessPipe
002a17bc 00000044 T DSP_ConvertProcessAddressFromDspDram
002a1800 00000044 T DSP_RecvData
002a1844 00000050 T DSP_RecvDataIsReady
002a1894 00000104 T fsInit
002a1998 0000003c T fsExit
002a19d4 00000068 T fsExemptFromSession
002a1a3c 00000050 T fsUnexemptFromSession
002a1a8c 000000cc T FSUSER_OpenFile
002a1b58 000000cc T FSUSER_OpenFileDirectly
002a1c24 000000b8 T FSUSER_DeleteFile
002a1cdc 000000f4 T FSUSER_RenameFile
002a1dd0 000000b8 T FSUSER_DeleteDirectory
002a1e88 000000d0 T FSUSER_CreateFile
002a1f58 000000c0 T FSUSER_CreateDirectory
002a2018 000000f4 T FSUSER_RenameDirectory
002a210c 000000b4 T FSUSER_OpenDirectory
002a21c0 00000090 T FSUSER_OpenArchive
002a2250 0000008c T FSUSER_CloseArchive
002a22dc 00000074 T FSUSER_GetSdmcArchiveResource
002a2350 00000064 T FSUSER_IsSdmcWritable
002a23b4 00000064 T FSFILE_Read
002a2418 0000006c T FSFILE_Write
002a2484 00000044 T FSFILE_GetSize
002a24c8 00000028 T FSFILE_SetSize
002a24f0 0000003c T FSFILE_Close
002a252c 00000024 T FSFILE_Flush
002a2550 00000060 T FSDIR_Read
002a25b0 0000003c T FSDIR_Close
002a25ec 00000c70 t gspHardwareInit
002a325c 00000288 T gspInit
002a34e4 00000104 T gspExit
002a35e8 00000010 T gspHasGpuRight
002a35f8 000000a4 T gspPresentBuffer
002a369c 00000030 T gspSetEventCallback
002a36cc 00000050 T gspWaitForEvent
002a371c 0000004c T gspWaitForAnyEvent
002a3768 00000154 t gspEventThreadMain
002a38bc 0000012c T gspSubmitGxCommand
002a39e8 00000050 T GSPGPU_FlushDataCache
002a3a38 00000034 T GSPGPU_SetLcdForceBlack
002a3a6c 00000084 T GSPGPU_AcquireRight
002a3af0 00000064 T GSPGPU_ReleaseRight
002a3b54 0000007c T GSPGPU_ImportDisplayCaptureInfo
002a3bd0 0000002c T GSPGPU_SaveVramSysArea
002a3bfc 0000002c T GSPGPU_RestoreVramSysArea
002a3c28 00000024 W hidShouldUseIrrst
002a3c4c 000001cc T hidInit
002a3e18 000000e8 T hidExit
002a3f00 000002a0 T hidScanInput
002a41a0 00000010 T hidKeysHeld
002a41b0 00000010 T hidKeysDown
002a41c0 00000010 T hidKeysUp
002a41d0 00000018 T hidTouchRead
002a41e8 00000018 T hidCircleRead
002a4200 00000020 T hidAccelRead
002a4220 00000020 T hidGyroRead
002a4240 0000002c T HIDUSER_EnableAccelerometer
002a426c 0000002c T HIDUSER_DisableAccelerometer
002a4298 0000002c T HIDUSER_EnableGyroscope
002a42c4 0000002c T HIDUSER_DisableGyroscope
002a42f0 000001a4 T irrstInit
002a4494 000000dc T irrstExit
002a4570 000000b4 T irrstScanInput
002a4624 00000024 T irrstKeysHeld
002a4648 00000018 T irrstCstickRead
002a4660 00000078 T ptmSysmInit
002a46d8 0000003c T ptmSysmExit
002a4714 00000034 T PTMSYSM_ConfigureNew3DSCPU
002a4748 00000040 T errorInit
002a4788 00000068 T errorText
002a47f0 0000001c T errorDisp
002a480c 00000190 t swkbdMessageCallback
002a499c 00000084 T swkbdInit
002a4a20 00000040 T swkbdSetFeatures
002a4a60 00000064 T swkbdSetHintText
002a4ac4 00000088 T swkbdSetButton
002a4b4c 00000008 T swkbdSetInitialText
002a4b54 000003a8 T swkbdInputText
002a4efc 000000e0 t buffer_read
002a4fdc 000000cc t iov_read
002a50a8 00000164 t iov_memmove
002a520c 000001e0 t decompress_rle
002a53ec 00000264 t decompress_lzss
002a5650 00000418 t decompress_lz11
002a5a68 0000033c t decompress_huff.isra.0
002a5da4 00000010 T decompressCallback_Stdio
002a5db4 000000e4 T decompressHeader
002a5e98 0000021c T decompressV
002a60b4 00000074 T rbtree_find
002a6128 00000010 T rbtree_init
002a6138 00000198 t do_insert
002a62d0 00000008 T rbtree_insert
002a62d8 00000310 T rbtree_remove
002a65e8 00000090 T rbtree_rotate
002a6678 000000e8 T utf16_to_utf8
002a6760 000000c0 T utf8_to_utf16
002a6820 000001e8 W __system_allocateHeaps
002a6a08 00000038 W __libctru_init
002a6a40 0000016c W __system_initArgv
002a6bac 00000030 T __syscall_getreent
002a6bdc 00000064 T __syscall_gettod_r
002a6c40 00000004 T __syscall_lock_acquire
002a6c44 00000004 T __syscall_lock_release
002a6c48 00000004 T __syscall_lock_acquire_recursive
002a6c4c 00000004 T __syscall_lock_release_recursive
002a6c50 00000004 T __syscall_exit
002a6c54 00000014 T __syscall_cond_broadcast
002a6c68 00000014 T __syscall_cond_wait
002a6c7c 00000044 T __syscall_cond_wait_recursive
002a6cc0 00000054 T initThreadVars
002a6d14 00000080 T __system_initSyscalls
002a6d94 T svcControlMemory
002a6db4 T svcQueryMemory
002a6de4 T svcExitProcess
002a6dec T svcCreateThread
002a6e0c T svcExitThread
002a6e14 T svcSleepThread
002a6e1c T svcGetThreadPriority
002a6e30 T svcSetThreadPriority
002a6e38 T svcReleaseMutex
002a6e40 T svcCreateEvent
002a6e54 T svcSignalEvent
002a6e5c T svcClearEvent
002a6e64 T svcCreateMemoryBlock
002a6e7c T svcMapMemoryBlock
002a6e84 T svcUnmapMemoryBlock
002a6e8c T svcCreateAddressArbiter
002a6ea0 T svcArbitrateAddress
002a6eb8 T svcArbitrateAddressNoTimeout
002a6ec0 T svcCloseHandle
002a6ec8 T svcWaitSynchronization
002a6ed0 T svcWaitSynchronizationN
002a6ef8 T svcDuplicateHandle
002a6f0c T svcGetSystemTick
002a6f14 T svcConnectToPort
002a6f28 T svcSendSyncRequest
002a6f30 T svcGetThreadId
002a6f44 T svcGetResourceLimit
002a6f58 T svcGetResourceLimitLimitValues
002a6f60 T svcGetResourceLimitCurrentValues
002a6f68 T svcBreak
002a6f70 T __aeabi_read_tp
002a6f7c W initSystem
002a6fcc W __ctru_exit
002a6fe0 0000008c W envGetHandle
002a706c 00000050 W envDestroyHandles
002a70bc 00000164 T srvInit
002a7220 00000064 T srvExit
002a7284 00000060 T srvEnableNotification
002a72e4 000000a0 T srvGetServiceHandleDirect
002a7384 00000048 T srvGetServiceHandle
002a73cc 00000034 T srvSubscribe
002a7400 00000060 T srvReceiveNotification
002a7460 00000038 T srvPublishToSubscriber
002a7498 00000090 t mappableFindAddressWithin
002a7528 00000028 T mappableInit
002a7550 0000007c T mappableAlloc
002a75cc 00000004 T mappableFree
002a75d0 0000000c T srvPmGetSessionHandle
002a75dc 00000060 T rbtree_node_next
002a763c 00000054 T decode_utf16
002a7690 00000140 T decode_utf8
002a77d0 00000054 T encode_utf16
002a7824 000000e0 T encode_utf8
002a7904 00000030 W __appExit
002a7934 00000030 W __appInit
002a7964 00000090 W __libctru_exit
002a79f4 00000024 t error_cmp
002a7a18 00000050 t archive_translate_error
002a7a68 000000c0 t archive_seek
002a7b28 00000078 t _archiveInit.part.0
002a7ba0 00000110 t archiveFindDevice.part.0
002a7cb0 00000298 t archive_utf16path
002a7f48 00000098 t _archiveUnmountDeviceStruct.part.0
002a7fe0 00000178 t _archiveMountDevice
002a8158 000000f8 t archive_diropen
002a8250 000000ac t archive_fstat
002a82fc 00000074 t archive_fsync
002a8370 00000074 t archive_close
002a83e4 00000078 t archive_dirclose
002a845c 000000ec t sdmc_statvfs
002a8548 000000f8 t archive_chdir
002a8640 0000008c t archive_ftruncate
002a86cc 000000bc t archive_read
002a8788 000000a8 t archive_unlink
002a8830 000000c0 t archive_rmdir
002a88f0 000000d8 t archive_mkdir
002a89c8 000001a0 t archive_stat
002a8b68 00000164 t archive_dirnext
002a8ccc 0000013c t archive_write
002a8e08 00000254 t archive_open
002a905c 00000270 t archive_rename
002a92cc 000001c8 T archiveMountSdmc
002a9494 00000054 T archiveUnmountAll
002a94e8 00000004 T operator delete(void*, unsigned int)
002a94ec 00000004 T operator delete[](void*)
002a94f0 00000004 T operator delete[](void*, unsigned int)
002a94f4 0000000c W __gnu_cxx::__concurrence_lock_error::what() const
002a9500 0000000c W __gnu_cxx::__concurrence_unlock_error::what() const
002a950c 0000000c W __gnu_cxx::__concurrence_broadcast_error::what() const
002a9518 0000000c W __gnu_cxx::__concurrence_wait_error::what() const
002a9528 00000038 t (anonymous namespace)::init()
002a9560 00000024 t (anonymous namespace)::init_static_cond()
002a9584 00000020 W __gnu_cxx::__concurrence_lock_error::~__concurrence_lock_error()
002a9584 00000020 W __gnu_cxx::__concurrence_lock_error::~__concurrence_lock_error()
002a95a4 0000002c W __gnu_cxx::__concurrence_lock_error::~__concurrence_lock_error()
002a95d0 00000020 W __gnu_cxx::__concurrence_wait_error::~__concurrence_wait_error()
002a95d0 00000020 W __gnu_cxx::__concurrence_wait_error::~__concurrence_wait_error()
002a95f0 0000002c W __gnu_cxx::__concurrence_wait_error::~__concurrence_wait_error()
002a961c 00000020 W __gnu_cxx::__concurrence_unlock_error::~__concurrence_unlock_error()
002a961c 00000020 W __gnu_cxx::__concurrence_unlock_error::~__concurrence_unlock_error()
002a963c 0000002c W __gnu_cxx::__concurrence_unlock_error::~__concurrence_unlock_error()
002a9668 00000020 W __gnu_cxx::__concurrence_broadcast_error::~__concurrence_broadcast_error()
002a9668 00000020 W __gnu_cxx::__concurrence_broadcast_error::~__concurrence_broadcast_error()
002a9688 0000002c W __gnu_cxx::__concurrence_broadcast_error::~__concurrence_broadcast_error()
002a96b4 0000002c W __gnu_cxx::__throw_concurrence_lock_error()
002a96e0 0000002c W __gnu_cxx::__throw_concurrence_unlock_error()
002a970c 0000002c W __gnu_cxx::__throw_concurrence_broadcast_error()
002a9738 00000124 T __cxa_guard_acquire
002a985c 0000008c T __cxa_guard_release
002a98e8 0000005c T operator new(unsigned int)
002a9944 00000004 T operator new[](unsigned int)
002a9948 00000020 T __cxxabiv1::__si_class_type_info::~__si_class_type_info()
002a9948 00000020 T __cxxabiv1::__si_class_type_info::~__si_class_type_info()
002a9968 0000002c T __cxxabiv1::__si_class_type_info::~__si_class_type_info()
002a9994 0000006c T __cxxabiv1::__si_class_type_info::__do_find_public_src(int, void const*, __cxxabiv1::__class_type_info const*, void const*) const
002a9a00 000000e4 T __cxxabiv1::__si_class_type_info::__do_dyncast(int, __cxxabiv1::__class_type_info::__sub_kind, __cxxabiv1::__class_type_info const*, void const*, __cxxabiv1::__class_type_info const*, void const*, __cxxabiv1::__class_type_info::__dyncast_result&) const
002a9ae4 00000044 T __cxxabiv1::__si_class_type_info::__do_upcast(__cxxabiv1::__class_type_info const*, void const*, __cxxabiv1::__class_type_info::__upcast_result&) const
002a9b28 00000004 T std::type_info::~type_info()
002a9b28 00000004 T std::type_info::~type_info()
002a9b2c 00000008 T std::type_info::__is_pointer_p() const
002a9b2c 00000008 T std::type_info::__is_function_p() const
002a9b34 0000004c T std::type_info::__equal(std::type_info const&) const
002a9b34 0000004c T std::type_info::operator==(std::type_info const&) const
002a9b80 0000000c T std::bad_alloc::what() const
002a9b8c 00000020 T std::bad_alloc::~bad_alloc()
002a9b8c 00000020 T std::bad_alloc::~bad_alloc()
002a9bac 0000002c T std::bad_alloc::~bad_alloc()
002a9bd8 00000014 T __cxxabiv1::__class_type_info::__do_find_public_src(int, void const*, __cxxabiv1::__class_type_info const*, void const*) const
002a9bec 00000020 T __cxxabiv1::__class_type_info::~__class_type_info()
002a9bec 00000020 T __cxxabiv1::__class_type_info::~__class_type_info()
002a9c0c 0000002c T __cxxabiv1::__class_type_info::~__class_type_info()
002a9c38 00000084 T __cxxabiv1::__class_type_info::__do_dyncast(int, __cxxabiv1::__class_type_info::__sub_kind, __cxxabiv1::__class_type_info const*, void const*, __cxxabiv1::__class_type_info const*, void const*, __cxxabiv1::__class_type_info::__dyncast_result&) const
002a9cbc 00000038 T __cxxabiv1::__class_type_info::__do_upcast(__cxxabiv1::__class_type_info const*, void const*, __cxxabiv1::__class_type_info::__upcast_result&) const
002a9cf4 00000090 T __cxxabiv1::__class_type_info::__do_upcast(__cxxabiv1::__class_type_info const*, void**) const
002a9d84 0000005c T __cxxabiv1::__class_type_info::__do_catch(std::type_info const*, void**, unsigned int) const
002a9de0 00000004 T operator delete(void*)
002a9de4 000000f4 t (anonymous namespace)::pool::free(void*) [clone .constprop.0]
002a9ed8 000000b8 t (anonymous namespace)::pool::allocate(unsigned int) [clone .constprop.0]
002a9f90 00000044 T __cxa_allocate_exception
002a9fd4 00000028 T __cxa_free_exception
002a9ffc 000001a0 t _GLOBAL__sub_I__ZN9__gnu_cxx9__freeresEv
002aa19c 00000018 t _GLOBAL__sub_D__ZN9__gnu_cxx9__freeresEv
002aa1b4 T __cxa_end_cleanup
002aa1c4 00000138 T __cxa_type_match
002aa2fc 000000b4 T __cxa_begin_cleanup
002aa3b0 000000b0 T __gnu_end_cleanup
002aa460 00000004 T std::exception::~exception()
002aa460 00000004 T std::exception::~exception()
002aa464 00000004 T std::bad_exception::~bad_exception()
002aa464 00000004 T std::bad_exception::~bad_exception()
002aa468 0000000c T transaction clone for std::bad_exception::what() const
002aa468 0000000c T std::bad_exception::what() const
002aa474 00000020 T std::bad_exception::~bad_exception()
002aa494 00000038 t eh_globals_dtor(void*)
002aa4cc 00000038 T __cxa_get_globals_fast
002aa504 00000090 T __cxa_get_globals
002aa594 00000030 t _GLOBAL__sub_I__ZN17__eh_globals_init7_S_initE
002aa5c4 00000034 t _GLOBAL__sub_D__ZN17__eh_globals_init7_S_initE
002aa5f8 00000150 t read_encoded_value_with_base(unsigned char, unsigned int, unsigned char const*, unsigned int*)
002aa748 00000058 t base_of_encoded_value(unsigned char, _Unwind_Context*)
002aa7a0 000000f0 t parse_lsda_header(_Unwind_Context*, unsigned char const*, lsda_header_info*)
002aa890 0000074c T __gxx_personality_v0
002aafdc 00000014 T __cxxabiv1::__terminate(void (*)())
002aaff0 00000018 T std::terminate()
002ab008 0000000c T __cxxabiv1::__unexpected(void (*)())
002ab014 00000018 T std::unexpected()
002ab02c 00000014 T std::get_terminate()
002ab040 00000014 T std::get_unexpected()
002ab054 00000070 t __gxx_exception_cleanup(_Unwind_Reason_Code, _Unwind_Control_Block*)
002ab0c4 00000080 T __cxa_throw
002ab144 000000b0 T __cxa_rethrow
002ab1f4 00000014 T std::get_new_handler()
002ab208 00000070 t __cxxabiv1::__is_gxx_exception_class(char*)
002ab278 0000002c T __cxa_call_terminate
002ab2a4 0000014c T __cxa_call_unexpected
002ab3f0 000000e0 T __cxa_begin_catch
002ab4d0 000000e0 T __cxa_end_catch
002ab5b0 0000013c T ceil
002ab6f0 00000264 T sinf
002ab958 000000b0 T sin
002aba08 00000004 T atan2
002aba0c 00000024 t with_errno
002aba30 00000028 t xflow
002aba58 00000010 T __math_uflow
002aba68 00000010 T __math_oflow
002aba78 00000048 T __math_divzero
002abac0 0000001c T __math_invalid
002abadc 00000014 T __math_check_uflow
002abaf0 00000028 T __math_check_oflow
002abb18 00000310 T __ieee754_rem_pio2
002abe28 00000740 T pow
002ac568 000008b8 T __kernel_rem_pio2
002ace20 00000074 T acos
002ace98 00000140 T scalbn
002acfd8 00000050 T sqrtf
002ad028 00000058 T sqrt
002ad080 000000c0 T __kernel_sin
002ad140 000000a8 T cos
002ad1e8 00000008 T __ieee754_sqrt
002ad1f0 00000024 t with_errnof
002ad214 0000001c T __math_invalidf
002ad230 000000b8 T lrintf
002ad2e8 0000000c T nanf
002ad2f8 00000144 T floor
002ad440 0000025c T cosf
002ad6a0 0000021c T __ieee754_atan2
002ad8bc 00000048 T truncf
002ad908 0000028c T atan
002adb98 00000150 T __kernel_cos
002adce8 000002e4 T __ieee754_acos
002adfcc 00000014 T fabs
002adfe0 00000010 T nan
002adff0 00000008 T __ieee754_sqrtf
002adff8 0000002c T __aeabi_d2lz
002adff8 0000002c T __fixdfdi
002ae028 00000040 T __aeabi_d2ulz
002ae028 00000040 T __fixunsdfdi
002ae068 00000130 T __udivmoddi4
002ae198 00000018 t selfrel_offset31
002ae1b0 00000090 t search_EIT_table
002ae240 00000040 t __gnu_unwind_get_pr_addr
002ae280 00000110 t get_eit_entry
002ae390 00000088 t restore_non_core_regs
002ae418 00000014 t _Unwind_decode_typeinfo_ptr.constprop.0
002ae42c 00000004 t _Unwind_DebugHook
002ae430 00000064 t unwind_phase2
002ae494 0000013c t unwind_phase2_forced
002ae5d0 000000a4 T __gnu_Unwind_RaiseException
002ae674 00000020 T __gnu_Unwind_ForcedUnwind
002ae694 00000074 T __gnu_Unwind_Resume
002ae708 00000020 T __gnu_Unwind_Resume_or_Rethrow
002ae728 00000004 T _Unwind_Complete
002ae72c 00000018 T _Unwind_DeleteException
002ae744 0000007c T _Unwind_VRS_Get
002ae7c0 0000002c t _Unwind_GetGR
002ae7ec 0000007c T _Unwind_VRS_Set
002ae868 0000002c t _Unwind_SetGR
002ae894 000000c0 T __gnu_Unwind_Backtrace
002ae954 00000404 t __gnu_unwind_pr_common
002aed58 00000008 T __aeabi_unwind_cpp_pr0
002aed60 00000008 W __aeabi_unwind_cpp_pr1
002aed68 00000008 W __aeabi_unwind_cpp_pr2
002aed70 00000454 T _Unwind_VRS_Pop
002af1c4 00000064 t next_unwind_byte
002af228 0000002c t _Unwind_GetGR.constprop.0
002af254 00000004 t unwind_UCB_from_context
002af258 0000046c T __gnu_unwind_execute
002af6c4 00000048 T __gnu_unwind_frame
002af70c 00000010 T _Unwind_GetRegionStart
002af71c 0000001c T _Unwind_GetLanguageSpecificData
002af738 00000008 T _Unwind_GetDataRelBase
002af740 00000008 T _Unwind_GetTextRelBase
002af748 000000e4 T strncat
002af82c 00000034 T ftell
002af860 000000bc T strcat
002af91c 00000028 T fstat
002af944 00000024 T getenv
002af968 00000078 T sscanf
002af9e0 00000130 t critical_factorization
002afb10 0000033c t two_way_long_needle
002afe4c 00000238 T strstr
002b0084 00000128 T memcpy
002b01ac 0000008c T strlen
002b0238 00000334 T _fread_r
002b056c 00000038 T fread
002b05a4 00000064 T itoa
002b0608 00000078 T bsearch
002b0680 000000b8 T fputc
002b0738 00000040 T open
002b0778 00000050 t get_arg
002b07c8 00002b88 T __ssvfscanf_r
002b3350 00000134 T _fopen_r
002b3484 00000028 T fopen
002b34ac 00000008 T atof
002b34b4 00000060 t sulp
002b3518 00001428 T _strtod_l
002b4940 00000044 T _strtod_r
002b4984 00000048 T strtod
002b49cc 00000020 T close
002b49ec 000005e0 t get_arg
002b4fd0 00003554 T _vfprintf_r
002b8524 00000028 T vfprintf
002b854c 000000b4 t __sbprintf
002b8600 00000044 T strlcpy
002b8644 000000dc T __utoa
002b8720 00000028 T memalign
002b8748 00000264 t _strtoull_l.isra.0
002b89ac 00000038 T _strtoull_r
002b89e4 0000003c T strtoull
002b8a20 00000068 T strcasecmp
002b8a88 00000080 T vsscanf
002b8b08 000000a0 T _wcrtomb_r
002b8ba8 00000028 T gettimeofday
002b8bd0 000005e0 t get_arg
002b91b0 0000226c T _svfiprintf_r
002bb41c 000000f4 t rshift
002bb510 000008b4 T __gethex
002bbdc4 000000a0 T snprintf
002bbe64 00000034 T printf
002bbe98 000000c0 T fileno
002bbf58 000001ec t _strtoul_l.isra.0
002bc144 00000038 T _strtoul_r
002bc17c 0000003c T strtoul
002bc1b8 000000a4 T __ssprint_r
002bc25c 00000010 T ctime
002bc26c 000000c4 T _mbrtowc_r
002bc330 00000a9c t getopt_internal
002bcdcc 000000d4 T getopt_long
002bcea0 00000094 T strncasecmp
002bcf34 00000140 T strchr
002bd074 00000018 T isspace
002bd08c 000000d8 T memcmp
002bd164 00000198 T _fgets_r
002bd2fc 00000030 T fgets
002bd32c 00000028 T calloc
002bd354 0000009c T _raise_r
002bd3f0 00000020 T raise
002bd410 00000088 T signal
002bd498 00000048 T access
002bd4e0 000000f8 T __sccl
002bd5d8 00000410 T _strerror_r
002bd9e8 00000028 T strerror
002bda10 0000016c T _memalign_r
002bdb7c 0000000c T __errno
002bdb88 00000014 T abort
002bdb9c 00000164 T __smakebuf_r
002bdd00 00000090 T __swhatbuf_r
002bdd90 00000018 T difftime
002bdda8 0000047c t _strtoll_l.isra.0
002be224 00000038 T _strtoll_r
002be25c 000000f0 T strcpy
002be34c 00000024 T __locale_mb_cur_max
002be370 000000e4 T memset
002be454 000000d8 T _calloc_r
002be52c 0000022c T __sflush_r
002be758 000000c4 T _fflush_r
002be81c 00000044 T fflush
002be860 00000088 T _vsnprintf_r
002be8e8 00000038 T vsnprintf
002be920 00000030 T __sprint_r
002be950 00000104 T _fwrite_r
002bea54 00000038 T fwrite
002bea8c 00000028 T realloc
002beab4 000000f4 T strlcat
002beba8 00000080 T strcspn
002bec28 0000003c T fscanf
002bec64 000008e8 T qsort
002bf54c 000001c4 T _ftello_r
002bf710 00000020 T ftello
002bf730 000000fc T _putc_r
002bf82c 0000082c T _malloc_r
002c0058 000001c0 t quorem
002c0218 00001420 T _dtoa_r
002c1638 00000124 T __swbuf_r
002c175c 00000114 T _malloc_trim_r
002c1870 00000314 T _free_r
002c1b84 00000294 T setvbuf
002c1e18 0000005c T strspn
002c1e74 00000050 t get_arg
002c1ec4 000000e4 T _sungetc_r
002c1fa8 0000006c T __ssrefill_r
002c2014 000000b4 T _sfread_r
002c20c8 000022c4 T __ssvfiscanf_r
002c438c 000001e0 T _perror_r
002c456c 00000020 T perror
002c458c 0000001c t stdio_exit_handler
002c45a8 0000005c t cleanup_stdio
002c4604 00000154 t global_stdio_init.part.0
002c4758 00000138 T __sfp
002c4890 0000005c T __sinit
002c48ec 0000000c T __sfp_lock_acquire
002c48f8 0000000c T __sfp_lock_release
002c4904 0000000c T atoi
002c4910 00000384 t _strtol_l.part.0
002c4c94 0000006c T _strtol_r
002c4d00 00000074 T strtol
002c4d74 00000084 T __libc_init_array
002c4df8 000000d4 T strncpy
002c4ecc 0000001c T _fseek_r
002c4ee8 00000034 T fseek
002c4f1c 0000001c T toupper
002c4f38 00000040 T malloc
002c4f78 00000020 T free
002c4f98 000000e8 T memchr
002c5080 00000028 T _wcsrtombs_r
002c50a8 00000048 T strrchr
002c50f0 00000030 T write
002c5120 00000140 T __swsetup_r
002c5260 000000e0 T _puts_r
002c5340 00000020 T puts
002c5360 000000dc T _findenv_r
002c543c 00000018 T _getenv_r
002c5454 00000070 T stpcpy
002c54c4 00000024 T _localeconv_r
002c54e8 00000044 T __sread
002c552c 00000008 T __seofread
002c5534 00000068 T __swrite
002c559c 00000040 T __sseek
002c55dc 00000008 T __sclose
002c55e4 000001a8 T memmove
002c578c 000000d8 T fgetc
002c5864 00000060 T vsprintf
002c58c4 000004f0 T _realloc_r
002c5db4 0000001c T asctime
002c5dd0 0000001c T localtime
002c5dec 00000020 T strdup
002c5e0c 000000c0 T _fputs_r
002c5ecc 00000028 T fputs
002c5ef4 0000000c T __malloc_lock
002c5f00 0000000c T __malloc_unlock
002c5f0c 00000588 T _fseeko_r
002c6494 00000030 T fseeko
002c64c4 00000148 T _fclose_r
002c660c 00000020 T fclose
002c662c 00000048 T time
002c6674 00000024 T putchar
002c6698 0000003c T fprintf
002c66d4 00000030 T read
002c6704 00000008 T _user_strerror
002c670c 00000030 T exit
002c673c 000005e0 t get_arg
002c6d20 0000345c T _svfprintf_r
002ca17c 000000b8 T __sflags
002ca234 00000014 T atexit
002ca248 00000028 T stat
002ca270 0000012c T __ssputs_r
002ca39c 00000080 T asctime_r
002ca41c 000000f8 T __utf8_wctomb
002ca514 0000003c T strnlen
002ca550 0000002c T rewind
002ca57c 000000d8 T strncmp
002ca654 0000001c T tolower
002ca670 0000015c T _wcsnrtombs_l
002ca7cc 00000064 T _wcsnrtombs_r
002ca830 00000070 T __match
002ca8a0 000002a8 T __hexnan
002cab48 00000068 T sprintf
002cabb0 00000098 T feof
002cac48 00000020 T unlink
002cac68 00000038 t lflush
002caca0 000001a8 T __srefill_r
002cae48 00000088 T frexp
002caed0 000000dc T stpncpy
002cafac 0000000c T __env_lock
002cafb8 0000000c T __env_unlock
002cafc4 00000054 T _strdup_r
002cb018 00000008 T iswspace
002cb020 00000088 T _Balloc
002cb0a8 0000001c T _Bfree
002cb0c4 000000f4 T __multadd
002cb1b8 0000010c T __s2b
002cb2c4 00000080 T __hi0bits
002cb344 000000f0 T __lo0bits
002cb434 000000a4 T __i2b
002cb4d8 00000230 T __multiply
002cb708 00000130 T __pow5mult
002cb838 00000138 T __lshift
002cb970 00000058 T __mcmp
002cb9c8 00000218 T __mdiff
002cbbe0 00000068 T __ulp
002cbc48 000000d4 T __b2d
002cbd1c 00000120 T __d2b
002cbe3c 00000078 T __ratio
002cbeb4 0000008c T __copybits
002cbf40 0000005c T __any_on
002cbf9c 00000070 T _fwalk_sglue
002cc00c 00000068 T __srget_r
002cc074 000000b8 T __submore
002cc12c 00000230 T _ungetc_r
002cc35c 00000340 T __utf8_mbtowc
002cc69c 000004a4 T __sfvwrite_r
002ccb40 00000068 T siprintf
002ccba8 0000035c T localtime_r
002ccf04 00000050 t get_arg
002ccf54 00002bc4 T __svfscanf_r
002cfb18 00000040 T _vfscanf_r
002cfb58 00000258 T __tzcalc_limits
002cfdb0 00000010 T _tzset_unlocked
002cfdc0 000000bc T __register_exitproc
002cfe7c 0000000c T __gettzinfo
002cfe88 00000038 T iswspace_l
002cfec0 0000025c T gmtime_r
002d011c 00000648 T _tzset_unlocked_r
002d0764 0000000c T __tz_lock
002d0770 0000000c T __tz_unlock
002d077c 00000090 T category
002d080c 0000015c T __call_exitprocs
002d0968 00000078 T siscanf
002d09e0 00000020 T _exit
002d0a00 00000140 T chdir
002d0b40 00000090 T getcwd
002d0bd0 000001c8 T _concatenate_path
002d0d98 00000070 t __dirnext
002d0e08 00000114 T opendir
002d0f1c 00000098 T closedir
002d0fb4 000000f8 T readdir_r
002d10ac 00000048 T readdir
002d10f4 0000009c T _fstat_r
002d1190 00000014 T _getpid_r
002d11a4 0000002c T __getreent
002d11d0 00000030 T _gettimeofday_r
002d1200 000000a0 T __release_handle
002d12a0 000000b0 T __alloc_handle
002d1350 00000058 T __get_handle
002d13a8 00000110 T _close_r
002d14b8 00000008 t null_write
002d14c0 00000018 T setDefaultDevice
002d14d8 00000098 T FindDevice
002d1570 00000024 T RemoveDevice
002d1594 00000088 T AddDevice
002d161c 00000020 T GetDeviceOpTab
002d163c 00000008 T _isatty_r
002d1644 00000014 T _kill_r
002d1658 00000094 T _lseek_r
002d16ec 00000068 T mkdir
002d1754 00000060 T pthread_mutex_lock
002d17b4 00000060 T pthread_mutex_unlock
002d1814 00000018 T pthread_cond_broadcast
002d182c 00000060 T pthread_cond_wait
002d188c 0000009c T pthread_once
002d1928 00000034 T pthread_key_create
002d195c 00000024 T pthread_setspecific
002d1980 00000024 T pthread_getspecific
002d19a4 00000024 T pthread_key_delete
002d19c8 000000c0 T _open_r
002d1a88 00000094 T _read_r
002d1b1c 00000078 W _sbrk_r
002d1b94 00000080 T _stat_r
002d1c14 0000001c T __libc_lock_acquire
002d1c30 0000001c T __libc_lock_release
002d1c4c 0000001c T __libc_lock_acquire_recursive
002d1c68 0000001c T __libc_lock_release_recursive
002d1c84 00000024 T __libc_cond_broadcast
002d1ca8 00000024 T __libc_cond_wait
002d1ccc 00000024 T __libc_cond_wait_recursive
002d1cf0 00000078 T _unlink_r
002d1d68 00000094 T _write_r
002d1dfc T _fini
002d2018 00000008 r mortonY.2
002d2020 00000008 r mortonX.3
002d2028 000000c8 r avp3ds_hud_layout_boxes
002d2314 000000a0 r getopt_long_options
002d23b4 00000004 R TotalVideoModes
002d23c8 0000001c r AvpShaderProgramAttributes
002d23e4 00000010 r AvpVertexShaderSources
002d23f4 00000018 r AvpFragmentShaderSources
002d240c 0000000c r AvpShaderProgramSources
002d2418 00000135 r AVP_FRAGMENT_SHADER_SOURCE_NO_COLOR_NO_DISCARD
002d2550 0000015a r AVP_FRAGMENT_SHADER_SOURCE_NO_SECONDARY_NO_DISCARD
002d26ac 0000017f r AVP_FRAGMENT_SHADER_SOURCE_NO_DISCARD
002d282c 000000dc r AVP_FRAGMENT_SHADER_SOURCE_NO_TEXTURE
002d2908 00000174 r AVP_FRAGMENT_SHADER_SOURCE_NO_SECONDARY
002d2a7c 0000019a r AVP_FRAGMENT_SHADER_SOURCE
002d2c18 00000135 r AVP_VERTEX_SHADER_SOURCE_NO_COLOR
002d2d50 0000012c r AVP_VERTEX_SHADER_SOURCE_NO_TEXTURE
002d2e7c 00000182 r AVP_VERTEX_SHADER_SOURCE_NO_SECONDARY
002d3000 000001d2 r AVP_VERTEX_SHADER_SOURCE
002d31d4 0000000c r CSWTCH.126
002d32e4 00000028 r ShapeNameOfAlienFragment
002d34fc 0000002c r CSWTCH.488
002d3528 0000002c r CSWTCH.489
002d3554 0000002c r CSWTCH.490
002d3580 0000002c r CSWTCH.491
002d35ac 000002e0 r CSWTCH.401
002d38a8 00000004 r ParticleUsed
002d3938 000000c8 r predatorCV
002d3a24 0000000c r CSWTCH.178
002d3eb8 00000060 r CuboidVertexList
002d3f18 000011b8 r DynamicsTemplate
002d5138 00000010 r ZoomLevels
002d520c 0000000c r CSWTCH.59
002d522c 00000010 R vtable for MissionHint
002d523c 00000090 r Movement_Stats
002d5610 00000018 R vtable for CoordinateWithStrategy
002d5628 0000001c R vtable for PulsingCoordinate
002d5628 0000001c R vtable for CoordinateWithVelocity
002d5644 0000001c R vtable for AcyclicPulsingCoordinate
002d5660 0000001c R vtable for CyclicPulsingCoordinate
002d567c 0000001c R vtable for HomingCoordinate
002d5698 0000001c R vtable for AcyclicHomingCoordinate
002d56b4 0000001c R vtable for AcyclicFixedSpeedHoming
002d56d0 00000014 R vtable for Daemon
002d56e4 0000003c R vtable for IndexedFont
002d5720 0000003c R vtable for IndexedFont_Proportional_PF
002d575c 0000003c R vtable for IndexedFont_HUD
002d5798 0000003c R vtable for IndexedFont_Proportional
002d57d4 00000040 R vtable for IndexedFont_Kerned
002d5820 00000010 R vtable for SCString
002d5830 00000018 R vtable for TriggerDaemon
002d5848 00000018 R vtable for PulsingTriggerDaemon
002d5860 00000018 R vtable for CountdownDaemon
002d5a48 00000038 R vtable for AVP_Generator_Chunk
002d5a80 00000038 R vtable for AVP_Generator_Extra_Name_Chunk
002d5ab8 00000038 R vtable for AVP_Generator_Extended_Settings_Chunk
002d5af0 00000038 R vtable for AVP_Environment_Settings_Chunk
002d5b28 00000038 R vtable for AVP_Decal_Chunk
002d5b60 00000038 R vtable for AVP_Particle_Generator_Data_Chunk
002d5b98 00000038 R vtable for AVP_Player_Start_Chunk
002d5bd0 00000038 R vtable for Global_Generator_Data_Chunk
002d5c08 00000038 R vtable for AVP_Power_Cable_Chunk
002d5c40 00000038 R vtable for Rainbow6_Generator_Extra_Data_Chunk
002d5c78 000000f4 r RifNamesForEnvironments
002d5d6c 0000000b r AlienEpisodes
002d5d78 0000000c r PredatorEpisodes
002d5d84 0000000c r MarineEpisodes
002d5d90 0000000f r MultiplayerEpisodes
002d5da0 0000000e r CooperativeEpisodes
002d6190 0000ae10 r DefaultUserProfile
002e0fa0 00000048 R vtable for AlienHUDGadget
002e0fe8 00000014 R vtable for ConsoleCommand
002e0ffc 00000014 R vtable for ConsoleCommand_VoidCharP
002e1010 00000014 R vtable for ConsoleCommand_IntInt
002e1024 00000014 R vtable for ConsoleCommand_IntVoid
002e1038 00000014 R vtable for ConsoleCommand_VoidInt
002e104c 00000014 R vtable for ConsoleCommand_VoidVoid
002e1060 00000010 R vtable for ConsoleSymbol
002e1070 00000024 R vtable for ConsoleVariable
002e1094 00000024 R vtable for ConsoleVariable_Simple_FixP
002e10b8 00000024 R vtable for ConsoleVariable_Simple_Int
002e10dc 00000048 R vtable for HUDGadget
002e1124 00000014 R vtable for RootGadget
002e1138 00000018 R vtable for AVPTextInputState
002e1150 00000014 R vtable for TextEntryGadget
002e1164 00000014 R vtable for TeletypeDaemon
002e1178 00000014 R vtable for TeletypeGadget
002e118c 00000018 R vtable for TextInputState
002e11a4 00000018 R vtable for TextReportDaemon_Disappear
002e11bc 0000001c R vtable for TextReportDaemon_Scroll
002e11d8 00000014 R vtable for TextReportGadget
002e11ec 00000038 R vtable for Placed_Hierarchy_Data_Chunk
002e1224 00000038 R vtable for Placed_Hierarchy_Sequence_Chunk
002e1270 00000028 r HNPC_FileNames
002e1448 00000038 R vtable for AVP_Path_Chunk
002e1854 00000038 R vtable for AVP_Strategy_Chunk
002e188c 00000038 R vtable for AVP_External_Strategy_Chunk
002e18c4 00000038 R vtable for Virtual_Object_Properties_Chunk
002e18fc 00000018 R vtable for AvpStrat
002e1914 00000018 R vtable for MiscStrategy
002e192c 00000018 R vtable for SimpleStrategy
002e1944 00000018 R vtable for R6SimpleStrategy
002e195c 00000018 R vtable for LiftStrategy
002e1974 00000018 R vtable for DoorStrategy
002e198c 00000018 R vtable for BinSwitchStrategy
002e19a4 00000018 R vtable for PlatLiftStrategy
002e19bc 00000018 R vtable for SwitchDoorStrategy
002e19d4 00000018 R vtable for LinkSwitchStrategy
002e19ec 00000018 R vtable for ConsoleStrategy
002e1a04 00000018 R vtable for LightingStrategy
002e1a1c 00000018 R vtable for MultiSwitchStrategy
002e1a34 00000018 R vtable for AreaSwitchStrategy
002e1a4c 00000018 R vtable for TeleportStrategy
002e1a64 00000018 R vtable for EnemyStrategy
002e1a7c 00000018 R vtable for GeneratorStrategy
002e1a94 00000018 R vtable for MissionObjectiveStrategy
002e1aac 00000018 R vtable for MissionHintStrategy
002e1ac4 00000018 R vtable for TextMessageStrategy
002e1adc 00000018 R vtable for TrackStrategy
002e1af4 00000018 R vtable for TrackDestructStrategy
002e1b0c 00000018 R vtable for HierarchyStrategy
002e1b24 00000018 R vtable for FanStrategy
002e1b3c 00000018 R vtable for DeathVolumeStrategy
002e1b54 00000018 R vtable for SelfDestructStrategy
002e1b6c 00000018 R vtable for SwingDoorStrategy
002e1b84 00000018 R vtable for PlacedBombStrategy
002e1b9c 00000018 R vtable for R6SwitchStrategy
002e1bb4 00000018 R vtable for MummyInanimateStrategy
002e1bcc 00000018 R vtable for MummyPickupStrategy
002e1be4 00000018 R vtable for MummyTriggerVolumeStrategy
002e1bfc 00000018 R vtable for MummyPivotObjectStrategy
002e1c14 00000018 R vtable for MummyChestStrategy
002e1c2c 00000018 R vtable for MummyAlterCameraRangeStrategy
002e1c44 00000014 R GameDataDirName
002e1c58 00000005 R FileNameExtension
002e1f00 00000050 r CuboidPolyVertexU
002e1f50 00000050 r CuboidPolyVertexV
002e1fa0 00000200 R ArcTanTable
002e21a0 00002000 R ArcSineTable
002e41a0 00002000 R ArcCosTable
002e61a0 00004000 R cosine
002ea1a0 00004000 R sine
002ee1a0 00000038 R vtable for Animation_Chunk
002ee1d8 00000038 R vtable for Object_Animation_Sequence_Header_Chunk
002ee210 00000038 R vtable for Object_Animation_Sequence_Flags_Chunk
002ee248 00000038 R vtable for Object_Animation_Sequence_Speed_Chunk
002ee280 00000038 R vtable for Object_Animation_Sequence_Time_Chunk
002ee2b8 00000038 R vtable for Object_Animation_Sequence_Frame_Chunk
002ee2f0 00000038 R vtable for Object_Animation_All_Sequence_Chunk
002ee328 0000004c R vtable for AwBmpLoader
002ee394 0000004c R vtable for AwIffLoader
002ee3e0 0000004c R vtable for AwPpmLoader
002ee42c 0000004c R vtable for AwPgmLoader
002ee478 0000004c R vtable for AwPbmLoader
002ee5bc 0000003c R vtable for AwTl::TypicalBackupTexture
002ee5f8 00000030 r CSWTCH.177
002ee644 0000003c R vtable for AwBackupTexture
002ee680 0000004c R vtable for AwTl::TexFileLoader
002ee6cc 0000004c R vtable for AwTl::TypicalTexFileLoader
002ee718 00000038 R vtable for BMP_Names_Version_Chunk
002ee750 00000038 R vtable for BMP_Names_ExtraData_Chunk
002ee788 00000038 R vtable for Bitmap_MD5_Chunk
002ee7c0 00000038 R vtable for Matching_Images_Chunk
002ee7f8 0000005c R vtable for Chunk_With_BMPs
002ee854 0000005c R vtable for Global_BMP_Name_Chunk
002ee8b0 0000005c R vtable for Bitmap_List_Store_Chunk
002ee90c 0000005c R vtable for External_Shape_BMPs_Store_Chunk
002ee968 00000038 R vtable for Chunk_With_Children
002ee9a0 00000038 R vtable for Chunk
002ee9d8 00000038 R vtable for Miscellaneous_Chunk
002eea10 00000038 R vtable for Environment_Palette_Chunk
002eea48 00000038 R vtable for Environment_TLT_Chunk
002eea80 00000038 R vtable for Coloured_Polygons_Lookup_Chunk
002eeab8 00000038 R vtable for TLT_Config_Chunk
002eeaf0 00000038 R vtable for RIF_Child_Chunk
002eeb28 00000038 R vtable for Preset_Palette_Store_Chunk
002eeb60 00000038 R vtable for Environment_Game_Mode_Header_Chunk
002eeb98 00000038 R vtable for Preset_Palette_Chunk
002eebd0 00000038 R vtable for Dummy_Object_Data_Chunk
002eec08 00000038 R vtable for Dummy_Object_Text_Chunk
002eec40 00000038 R vtable for Enum_Header_Chunk
002eec78 00000044 R vtable for Enum_Chunk
002eecbc 00000048 R vtable for BMP_Enums_Chunk
002eed04 00000038 R vtable for Environment_Scale_Chunk
002eed3c 00000038 R vtable for Environment_Acoustics_Chunk
002eed74 00000038 R vtable for Sound_Directory_Chunk
002eedac 00000038 R vtable for Environment_Data_Header_Chunk
002eede4 00000038 R vtable for Random_Texture_ID_Chunk
002eee1c 00000044 R vtable for Environment_Data_Chunk
002eee60 00000038 R vtable for Fragment_Type_Data_Chunk
002eee98 00000038 R vtable for Fragment_Type_Shape_Chunk
002eeed0 00000038 R vtable for Fragment_Type_Sound_Chunk
002eef08 00000038 R vtable for AllSprites_Header_Chunk
002eef40 00000044 R vtable for AllSprites_Chunk
002eef84 00000038 R vtable for Object_Hierarchy_Data_Chunk
002eefbc 00000038 R vtable for Object_Hierarchy_Name_Chunk
002eeff4 00000038 R vtable for Hierarchy_Degradation_Distance_Chunk
002ef02c 00000038 R vtable for Hierarchy_Bounding_Box_Chunk
002ef064 00000038 R vtable for Hierarchy_Shape_Set_Collection_Chunk
002ef09c 00000038 R vtable for Object_Hierarchy_Alternate_Shape_Set_Chunk
002ef0d4 00000050 R vtable for IFF::ArchvIn
002ef124 00000010 R vtable for IFF::SerialData
002ef134 00000010 R vtable for IFF::DataBlock
002ef144 00000060 R vtable for IFF::ArchvOut
002ef1a4 00000024 R vtable for IFF::Form
002ef1c8 00000024 R vtable for IFF::List
002ef1ec 00000024 R vtable for IFF::Cat
002ef210 00000024 R vtable for IFF::Prop
002ef234 00000010 R vtable for IFF::DataNode
002ef244 00000024 R vtable for IFF::Composite
002ef268 00000014 R vtable for IFF::File
002ef27c 00000018 R vtable for IFF::MiscChunk
002ef294 0000001c R vtable for IFF::IlbmBodyChunk
002ef2b0 00000018 R vtable for IFF::IlbmBmhdChunk
002ef2c8 00000018 R vtable for IFF::IlbmCmapChunk
002ef2e0 00000018 R vtable for IFF::IlbmGrabChunk
002ef2f8 0000001c R vtable for IFF::IlbmAlphChunk
002ef314 00000018 R vtable for IFF::IlbmTranChunk
002ef32c 00000018 R vtable for IFF::MipmContChunk
002ef344 00000018 R vtable for IFF::MipmFlagChunk
002ef35c 00000018 R vtable for IFF::IlbmS3tcChunk
002ef374 00000038 R vtable for Lighting_Ambience_Chunk
002ef3ac 00000038 R vtable for Shape_Vertex_Intensities_Chunk
002ef3e4 00000038 R vtable for Placed_Object_Light_Chunk
002ef41c 00000038 R vtable for Light_Scale_Chunk
002ef454 00000038 R vtable for Light_Chunk
002ef48c 00000038 R vtable for Light_Set_Header_Chunk
002ef4c4 00000034 R vtable for MediaStdFileMedium
002ef4f8 00000034 R vtable for MediaMedium
002ef52c 00000034 R vtable for MediaMemoryReadMedium
002ef560 00000034 R vtable for MediaMemoryMedium
002ef594 00000034 R vtable for MediaSection
002ef5c8 00000038 R vtable for RIF_Version_Num_Chunk
002ef600 00000038 R vtable for File_Chunk
002ef638 00000038 R vtable for RIF_File_Chunk
002ef670 00000038 R vtable for RIF_Name_Chunk
002ef6a8 00000044 R vtable for Lockable_Chunk_With_Children
002ef6ec 00000038 R vtable for Module_Flag_Chunk
002ef724 00000038 R vtable for Module_Zone_Chunk
002ef75c 00000038 R vtable for Module_Acoustics_Chunk
002ef794 00000038 R vtable for Object_Notes_Chunk
002ef7cc 00000038 R vtable for Object_Track_Chunk2
002ef804 00000038 R vtable for Object_Track_Sound_Chunk
002ef83c 00000038 R vtable for Object_Alternate_Locations_Chunk
002ef874 00000038 R vtable for Object_Header_Chunk
002ef8ac 00000038 R vtable for VModule_Array_Chunk
002ef8e4 00000038 R vtable for Adjacent_Module_Entry_Points_Chunk
002ef91c 00000044 R vtable for Object_Chunk
002ef960 00000038 R vtable for Strategy_Chunk
002ef998 00000038 R vtable for Map_Block_Chunk
002ef9d0 00000038 R vtable for Console_Type_Chunk
002efa08 00000038 R vtable for Shape_Morphing_Data_Chunk
002efa40 00000038 R vtable for Shape_External_File_Chunk
002efa78 00000038 R vtable for Shape_Sub_Shape_Chunk
002efab0 00000044 R vtable for Shape_Chunk
002efaf4 00000038 R vtable for Shape_Preprocessed_Data_Chunk
002efb2c 00000038 R vtable for Shape_Fragment_Location_Chunk
002efb64 00000038 R vtable for Shape_Fragments_Data_Chunk
002efb9c 00000038 R vtable for Shape_Texture_Filenames_Chunk
002efbd4 00000038 R vtable for Shape_UV_Coord_Chunk
002efc0c 00000038 R vtable for Shape_Centre_Chunk
002efc44 00000038 R vtable for Shape_Polygon_Chunk
002efc7c 00000038 R vtable for Shape_Polygon_Normal_Chunk
002efcb4 00000038 R vtable for Shape_Vertex_Normal_Chunk
002efcec 00000038 R vtable for Shape_Vertex_Chunk
002efd24 00000038 R vtable for Anim_Shape_Frame_Data_Chunk
002efd5c 00000038 R vtable for Anim_Shape_Sequence_Data_Chunk
002efd94 00000038 R vtable for Anim_Shape_Centre_Chunk
002efdcc 00000038 R vtable for Shape_Merge_Data_Chunk
002efe04 00000038 R vtable for Shape_External_Filename_Chunk
002efe3c 00000038 R vtable for Shape_External_Object_Name_Chunk
002efe74 00000038 R vtable for Shape_Sub_Shape_Header_Chunk
002efeac 00000038 R vtable for Shape_Name_Chunk
002efee4 00000038 R vtable for Shape_Fragment_Type_Chunk
002eff1c 00000038 R vtable for Anim_Shape_Sequence_Chunk
002eff54 00000038 R vtable for Poly_Not_In_Bounding_Box_Chunk
002eff8c 00000038 R vtable for Shape_Poly_Change_Info_Chunk
002effc4 00000038 R vtable for Shape_Morphing_Frame_Data_Chunk
002efffc 00000038 R vtable for Shape_Header_Chunk
002f0034 00000038 R vtable for Sound_Object_Chunk
002f006c 00000038 R vtable for Indexed_Sound_Chunk
002f00a4 00000038 R vtable for Sound_Object_Extra_Name_Chunk
002f00dc 00000038 R vtable for Sprite_Action_Chunk
002f0114 00000038 R vtable for Sprite_Bitmap_Scale_Chunk
002f014c 00000038 R vtable for Sprite_Bitmap_Centre_Chunk
002f0184 00000038 R vtable for Sprite_Version_Number_Chunk
002f01bc 00000038 R vtable for Sprite_Extent_Chunk
002f01f4 00000038 R vtable for Sprite_Size_Chunk
002f022c 00000038 R vtable for Sprite_Header_Chunk
002f0264 00000038 R vtable for Camera_Origin_Chunk
002f02c0 00000038 R vtable for AI_Module_Slave_Chunk
002f02f8 00000038 R vtable for AI_Module_Master_Chunk
002f0330 00000038 R vtable for Module_Waypoint_Chunk
002f03ac 0000001c r SDL_priority_prefixes
002f03c8 00000024 r SDL_category_prefixes
002f03ec 00000010 r bootstrap
002f03fc 000000c8 r format_list
002f04c4 00000100 r channel_converters
002f05c4 00000020 r CSWTCH.91
002f05e4 00002804 r ResamplerFilterDifference
002f2de8 00002804 r ResamplerFilter
002f57d8 00000044 r CSWTCH.25
002f581c 00000800 r SDL_default_keymap
002f601c 00000200 r SDL_ASCIIKeyInfoTable
002f6240 00000038 r map_StringForGameControllerType
002f6278 0000001c r map_StringForControllerAxis
002f6294 00000058 r map_StringForControllerButton
002f62ec 0000000c r s_ControllerMappings
002f6358 00000060 r replacements.1
002f63b8 00000010 r emptyGUID.0
002f63c8 00001908 r arrControllers
002f7d00 00000010 r bootstrap
002f7d10 00000028 r format_map
002f7d94 00000010 r getpixes
002f7e30 00000014 r bitmap_blit_1b
002f7e44 00000014 r colorkey_blit_1b
002f7e58 00000014 r bitmap_blit_2b
002f7e6c 00000014 r colorkey_blit_2b
002f7e80 00000014 r bitmap_blit_4b
002f7e94 00000014 r colorkey_blit_4b
002f7f88 00000014 r one_blit
002f7f9c 00000014 r one_blitkey
002f8318 00000800 r RGB565_ARGB8888_LUT
002f8b18 00000800 r RGB565_ABGR8888_LUT
002f9318 00000800 r RGB565_RGBA8888_LUT
002f9b18 00000800 r RGB565_BGRA8888_LUT
002fa318 00000010 r normal_blit
002fa328 00000168 r normal_blit_4
002fa490 00000118 r normal_blit_3
002fa5a8 00000118 r normal_blit_2
002fa6c0 00000028 r normal_blit_1
002fa710 00000021 r __func__.0
002fa734 00000008 r s_defaultTint.0
002fa76c R avp3ds_shbin
002fa850 R avp3ds_shbin_end
003023bc r .LC2
0030ae5c r .LC2
0030c1a8 00000008 r CSWTCH.496
0030c1b0 00000008 r CSWTCH.335
0030c1b8 00000007 r CSWTCH.106
0030c1c0 00000010 V vtable for List_Member_Base<int>
0030c1d0 00000010 V vtable for List_Member<int>
0030c1e0 00000010 V vtable for RefCountObject
0030c1f0 00000010 V vtable for List_Member_Base<MissionHint*>
0030c200 00000010 V vtable for List_Member_Base<MissionObjective*>
0030c210 00000010 V vtable for List_Member_Base<MissionAlteration*>
0030c220 00000010 V vtable for List_Member<MissionHint*>
0030c230 00000010 V vtable for List_Member<MissionObjective*>
0030c240 00000010 V vtable for List_Member<MissionAlteration*>
0030c250 0000000c r CSWTCH.53
0030c260 00000010 r CSWTCH.819
0030c270 0000000c r CSWTCH.249
0030c280 00000009 r CSWTCH.30
0030c290 00000010 r CSWTCH.7
0030c2a0 00000010 V vtable for List_Member_Base<KeyBinding*>
0030c2b0 00000010 V vtable for List_Member<KeyBinding*>
0030c2c0 00000010 V vtable for List_Member_Base<SCString*>
0030c2d0 00000010 V vtable for List_Member<SCString*>
0030c2e0 00000038 V vtable for AVP_Generator_Extra_Data_Chunk
0030c318 00000038 V vtable for AVP_Particle_Generator_Chunk
0030c350 00000010 V vtable for List_Member_Base<Chunk*>
0030c360 00000010 V vtable for List_Member_Base<FFDataI>
0030c370 00000010 V vtable for List_Member<FFDataI>
0030c380 00000010 V vtable for List_Member_Base<FFileDesc>
0030c390 00000010 V vtable for List_Member_Base<FFHeaderI*>
0030c3a0 00000010 V vtable for List_Member_Base<_FFile*>
0030c3b0 00000010 V vtable for List_Member<FFileDesc>
0030c3c0 00000010 V vtable for List_Member<FFHeaderI*>
0030c3d0 00000010 V vtable for List_Member<_FFile*>
0030c3e0 00000010 V vtable for List_Member_Base<char*>
0030c3f0 00000010 V vtable for List_Member<char*>
0030c400 00000010 V vtable for List_Member_Base<AVP_USER_PROFILE*>
0030c410 00000010 V vtable for List_Member<AVP_USER_PROFILE*>
0030c420 00000010 V vtable for List_Member_Base<ConsoleCommand*>
0030c430 00000010 V vtable for List_Member<ConsoleCommand*>
0030c440 00000010 V vtable for List_Member_Base<ConsoleSymbol*>
0030c450 00000010 V vtable for List_Member<ConsoleSymbol*>
0030c460 00000010 V vtable for List_Member_Base<ConsoleVariable*>
0030c470 00000010 V vtable for List_Member<ConsoleVariable*>
0030c480 00000010 V vtable for List_Member_Base<TextExpansion*>
0030c490 00000010 V vtable for List_Member<TextExpansion*>
0030c4a0 0000001c V vtable for CheesyDaemon_Flash
0030c4bc 0000001c V vtable for CheesyDaemon_Lifetime
0030c4d8 00000010 V vtable for List_Member_Base<TeletypeGadget*>
0030c4e8 00000010 V vtable for List_Member<TeletypeGadget*>
0030c4f8 00000038 V vtable for Placed_Hierarchy_Chunk
0030c530 00000010 V vtable for List_Member_Base<loaded_sound*>
0030c540 00000010 V vtable for List_Member<loaded_sound*>
0030c550 00000010 V vtable for List_Member_Base<LoadedNPC>
0030c560 00000010 V vtable for List_Member<LoadedNPC>
0030c570 00000010 V vtable for List_Member_Base<BehaviourBlockData*>
0030c580 00000010 V vtable for List_Member_Base<LocationGroupDieRoll*>
0030c590 00000010 V vtable for List_Member_Base<mission_setup*>
0030c5a0 00000010 V vtable for List_Member<mission_setup*>
0030c5b0 00000010 V vtable for List_Member_Base<Light_Chunk*>
0030c5c0 00000010 V vtable for List_Member<LocationGroupDieRoll*>
0030c5d0 00000010 V vtable for List_Member<BehaviourBlockData*>
0030c5e0 00000010 V vtable for List_Member<Light_Chunk*>
0030c5f0 00000018 r CSWTCH.57
0030c610 0000001c r CSWTCH.664
0030c630 00000020 r CSWTCH.51
0030c650 00000020 r CSWTCH.50
0030c670 00000020 r CSWTCH.49
0030c690 00000020 r CSWTCH.48
0030c6b0 00000004 r CSWTCH.662
0030c6b4 00000004 r CSWTCH.661
0030c6b8 00000038 V vtable for Special_Objects_Chunk
0030c6f0 00000010 V vtable for List_Member_Base<Object_Chunk*>
0030c700 00000010 V vtable for List_Member_Base<Global_Hierarchy_Store*>
0030c710 00000010 V vtable for List_Member_Base<Hierarchy_ID_Time_Pair*>
0030c720 00000010 V vtable for List_Member_Base<Hierarchy_Descriptor*>
0030c730 00000010 V vtable for List_Member_Base<Hierarchy_Alternate_Shape_Set*>
0030c740 00000010 V vtable for List_Member_Base<Object_Animation_Sequence_Chunk*>
0030c750 00000010 V vtable for List_Member_Base<Object_ShapeNum_Pair*>
0030c760 00000010 V vtable for List_Member_Base<Object_Animation_Sequence_Frame_Chunk*>
0030c770 00000010 V vtable for List_Member_Base<Shape_Chunk*>
0030c780 00000010 V vtable for List_Member_Base<Adjacent_AIModule_EP*>
0030c790 00000010 V vtable for List_Member<Hierarchy_ID_Time_Pair*>
0030c7a0 00000010 V vtable for List_Member<Hierarchy_Descriptor*>
0030c7b0 00000010 V vtable for List_Member<Object_ShapeNum_Pair*>
0030c7c0 00000010 V vtable for List_Member<Hierarchy_Alternate_Shape_Set*>
0030c7d0 00000010 V vtable for List_Member<Object_Chunk*>
0030c7e0 00000010 V vtable for List_Member<Global_Hierarchy_Store*>
0030c7f0 00000010 V vtable for List_Member<Adjacent_AIModule_EP*>
0030c800 00000038 V vtable for Virtual_Object_Chunk
0030c838 00000038 V vtable for Object_Animation_Sequences_Chunk
0030c870 00000038 V vtable for Object_Animation_Sequence_Chunk
0030c8a8 00000010 V vtable for List_Member<Object_Animation_Sequence_Frame_Chunk*>
0030c8b8 00000010 V vtable for List_Member<Object_Animation_Sequence_Chunk*>
0030c8c8 00000010 V vtable for AwTl::RefCntObj
0030c918 00000010 V vtable for IFF::Unknown
0030c928 00000010 V vtable for List_Member_Base<IFF::IlbmBodyChunk*>
0030c938 00000010 V vtable for List_Member<IFF::IlbmBodyChunk*>
0030c948 0000004c V vtable for AwPnmLoader
0030c9f4 0000001c V vtable for _base_HashTable<AwTl::RefCntObj*, AwTl::RefCntObj* const&, AwTl::RefCntObj* const&>
0030ca10 0000001c V vtable for HashTable<AwTl::RefCntObj*>
0030ca2c 0000001c V vtable for AwTl::AllocList
0030ca48 00000010 V vtable for List_Member_Base<AwTl::AdditionalPixelFormat>
0030ca58 00000010 V vtable for List_Member_Base<BMP_Name>
0030ca68 00000010 V vtable for List_Member_Base<MatchingImages>
0030ca78 00000010 V vtable for List_Member<MatchingImages>
0030ca88 00000010 V vtable for List_Member<BMP_Name>
0030ca98 00000010 V vtable for List_Member_Base<shapeheader*>
0030caa8 00000010 V vtable for List_Member_Base<Shape_Fragment_Type*>
0030cab8 00000010 V vtable for List_Member_Base<ShapeInMSL const*>
0030cac8 00000010 V vtable for List_Member_Base<ShapeInMSL*>
0030cad8 00000010 V vtable for List_Member<shapeheader*>
0030cae8 00000010 V vtable for List_Member<Shape_Fragment_Type*>
0030caf8 00000010 V vtable for List_Member<ShapeInMSL const*>
0030cb08 00000010 V vtable for List_Member<ShapeInMSL*>
0030cb18 00000010 V vtable for List_Member_Base<Chunk_With_Children*>
0030cb28 00000010 V vtable for List_Member<Chunk_With_Children*>
0030cb38 0000001c V vtable for _base_HashTable<RifRegEntry, RifRegEntry const&, RifRegEntry const&>
0030cb54 0000001c V vtable for HashTable<RifRegEntry>
0030cb70 00000010 V vtable for List_Member<Chunk*>
0030cb80 00000038 V vtable for Environment_Game_Mode_Chunk
0030cbb8 00000010 V vtable for List_Member_Base<Preset_Palette>
0030cbc8 00000010 V vtable for List_Member_Base<TLTConfigBlock>
0030cbd8 00000010 V vtable for List_Member<TLTConfigBlock>
0030cbe8 00000010 V vtable for List_Member<Preset_Palette>
0030cbf8 00000010 V vtable for List_Member_Base<BMP_Flags>
0030cc08 00000010 V vtable for List_Member<BMP_Flags>
0030cc18 00000038 V vtable for Dummy_Object_Chunk
0030cc50 00000010 V vtable for Enum_Const_List
0030cc60 00000010 V vtable for List_Member_Base<Enum_Constant>
0030cc70 00000010 V vtable for List_Member<Enum_Constant>
0030cc80 00000038 V vtable for Fragment_Type_Chunk
0030ccb8 00000038 V vtable for Object_Hierarchy_Chunk
0030ccf0 00000010 V vtable for List_Member_Base<Object_Hierarchy_Chunk*>
0030cd00 00000010 V vtable for List_Member_Base<Replaced_Shape_Details*>
0030cd10 00000010 V vtable for List_Member<Object_Hierarchy_Chunk*>
0030cd20 00000010 V vtable for List_Member<Replaced_Shape_Details*>
0030cd30 00000050 V vtable for IFF::Archive
0030cd80 00000010 V vtable for IFF::ChildNode
0030cd90 0000001c V vtable for _base_HashTable<IFF::Unknown*, IFF::Unknown* const&, IFF::Unknown* const&>
0030cdac 0000001c V vtable for HashTable<IFF::Unknown*>
0030cdc8 0000001c V vtable for IFF::AllocList
0030cde4 0000001c V vtable for _base_HashTable<IFF::RegEntry, IFF::RegEntry const&, IFF::RegEntry const&>
0030ce00 0000001c V vtable for HashTable<IFF::RegEntry>
0030ce1c 00000038 V vtable for Light_Set_Chunk
0030ce54 00000010 V vtable for List_Member<Shape_Chunk*>
0030ce64 00000038 V vtable for Object_Interface_Data_Chunk
0030ce9c 00000038 V vtable for Object_Module_Data_Chunk
0030ced4 00000038 V vtable for Object_Project_Data_Chunk
0030cf0c 00000010 V vtable for List_Member_Base<Adjacent_Module>
0030cf1c 00000010 V vtable for List_Member<Adjacent_Module>
0030cf2c 00000038 V vtable for Anim_Shape_Frame_Chunk
0030cf64 00000038 V vtable for Anim_Shape_Alternate_Texturing_Chunk
0030cf9c 00000038 V vtable for Shape_Fragments_Chunk
0030cfd4 00000010 V vtable for List_Member_Base<a_frame*>
0030cfe4 00000010 V vtable for List_Member_Base<poly_change_info>
0030cff4 00000010 V vtable for List_Member_Base<Shape_Sub_Shape_Chunk*>
0030d004 00000010 V vtable for List_Member<poly_change_info>
0030d014 00000010 V vtable for List_Member<a_frame*>
0030d024 00000010 V vtable for List_Member<Shape_Sub_Shape_Chunk*>
0030d034 00000038 V vtable for Sound_Object_Extra_Data_Chunk
0030d06c 00000038 V vtable for PC_Sprite_Chunk
0030d0a4 00000038 V vtable for Saturn_Sprite_Chunk
0030d0dc 00000038 V vtable for Playstation_Sprite_Chunk
0030d114 R render2d_shbin
0030d2a0 00000004 r depthFmtSizes
0030d2a0 R render2d_shbin_end
0030d2a4 00000005 r colorFmtSizes
0030d2ac 00000010 r CSWTCH.11
0030d2bc 00000038 r CSWTCH.19
0030d2f4 00000080 r romFS_devoptab
0030d380 00000011 r dsp_filename.0
0030d3b0 00000008 r morton_y.2
0030d3b8 00000008 r morton_x.3
0030d3c0 00000008 r s_sleepWakeEvents.4
0030d3c8 0000000c r serviceNameTable.5
0030d3d8 00000014 r swkbdFeatures
0030d410 00000030 r error_table
0030d440 00000080 r archive_devoptab
0030d4c0 00000027 V typeinfo name for __gnu_cxx::__concurrence_lock_error
0030d4e8 0000000c V typeinfo for __gnu_cxx::__concurrence_lock_error
0030d4f4 00000029 V typeinfo name for __gnu_cxx::__concurrence_unlock_error
0030d520 0000000c V typeinfo for __gnu_cxx::__concurrence_unlock_error
0030d52c 0000002c V typeinfo name for __gnu_cxx::__concurrence_broadcast_error
0030d558 0000000c V typeinfo for __gnu_cxx::__concurrence_broadcast_error
0030d564 00000027 V typeinfo name for __gnu_cxx::__concurrence_wait_error
0030d58c 0000000c V typeinfo for __gnu_cxx::__concurrence_wait_error
0030d598 00000014 V vtable for __gnu_cxx::__concurrence_lock_error
0030d5ac 00000014 V vtable for __gnu_cxx::__concurrence_unlock_error
0030d5c0 00000014 V vtable for __gnu_cxx::__concurrence_broadcast_error
0030d5d4 00000014 V vtable for __gnu_cxx::__concurrence_wait_error
0030d5e8 00000025 R typeinfo name for __cxxabiv1::__si_class_type_info
0030d610 0000000c R typeinfo for __cxxabiv1::__si_class_type_info
0030d61c 0000002c R vtable for __cxxabiv1::__si_class_type_info
0030d648 0000000d R typeinfo name for std::type_info
0030d658 00000008 R typeinfo for std::type_info
0030d660 0000000d R typeinfo name for std::bad_alloc
0030d670 0000000c R typeinfo for std::bad_alloc
0030d67c 00000014 R vtable for std::bad_alloc
0030d690 00000022 R typeinfo name for __cxxabiv1::__class_type_info
0030d6b4 0000000c R typeinfo for __cxxabiv1::__class_type_info
0030d6c0 0000002c R vtable for __cxxabiv1::__class_type_info
0030d6ec 0000000d R typeinfo name for std::exception
0030d6fc 00000008 R typeinfo for std::exception
0030d704 00000012 R typeinfo name for std::bad_exception
0030d718 0000000c R typeinfo for std::bad_exception
0030d724 00000020 R typeinfo name for __cxxabiv1::__forced_unwind
0030d744 00000008 R typeinfo for __cxxabiv1::__forced_unwind
0030d74c 00000024 R typeinfo name for __cxxabiv1::__foreign_exception
0030d770 00000008 R typeinfo for __cxxabiv1::__foreign_exception
0030d778 00000014 R vtable for std::bad_exception
0030d7a0 00000080 r npio2_hw
0030d820 00000108 r two_over_pi
0030d928 00000040 r PIo2
0030d968 00000010 r init_jk
0030d978 00000060 R __inv_pio4
0030d9d8 000000e0 R __sincosf_table
0030dab8 00000870 R __exp_data
0030e328 00001048 R __pow_log_data
0030f370 00000008 r TWO23
0030f378 00000018 r CSWTCH.7
0030f390 00000018 r CSWTCH.6
0030f3a8 00000020 r atanlo
0030f3c8 00000020 r atanhi
0030f554 00000022 r basefix.0
0030f5d8 00000014 r fpinan.0
0030f5ec 00000014 r fpi.1
0030f600 00000028 r tinytens
0030f714 00000010 r zeroes.0
0030f724 00000010 r blanks.1
0030f820 00000010 r zeroes.0
0030f830 00000010 r blanks.1
0030f840 0000006c R __action_table
0030f8ac 0000006c R __state_table
0030f918 00000100 R __chclass
0030fa18 00000100 R __hexdig
0030fc30 00000022 r basefix.0
0030fd3c 00000010 r zeroes.0
0030fd4c 00000010 r blanks.1
0030fd5c 00000024 r mon_name.0
0030fd80 00000015 r day_name.1
0030fd98 00000101 R _ctype_
0030fe9c 0000000c r p05.0
0030fea8 00000028 R __mprec_bigtens
0030fed0 000000c8 R __mprec_tens
003100ac 00000022 r basefix.0
003100d0 00000060 R __month_lengths
00310130 000037f8 r categories
00313928 00000080 R dotab_stdnull
003139a8 R __tdata_align
003139ac r __EH_FRAME_BEGIN__
00313a88 R __exidx_start
00313c40 R __exidx_end
00314000 00000004 d avp3ds_hud_capture_group
00314004 00000004 d avp3ds_game_projection_location
00314008 00000078 D VideoModeList
00314080 00000004 d WantMouseGrab
00314084 00000004 D WantSound
00314088 00000004 d WantCDRom
0031408c 00000020 D LevelName
003140ac 00000004 V SmackerSoundVolume
003140b0 00000030 d avp3ds_cdda
003140e0 00000004 d avp3ds_global_volume
003140e4 00000004 D CDPlayerVolume
003140e8 00000060 D BlankActiveSound
00314148 00000004 d tarrp
0031414c 00000004 d varrp
00314150 00000004 d next3DSTextureID.2
00314154 00000004 d null_gl_next_id
00314158 00000024 D WToLMat
0031417c 00000004 D LightScale
00314180 00000004 D SentrygunSpread
00314184 00000020 D SentryFire_SoundData
003141a4 00000020 D SentryWhirr_SoundData
003141c4 00000064 D AlienDefaultMap
00314228 00000780 D NPC_Marine_Weapons
003149a8 00000048 D ShotgunBlast
003149f0 00000004 D Marine_Skill
003149f4 00000004 D Marine_Terminal_Velocity
003149f8 00000014 D AlienStandingTauntList
00314a0c 000001e0 D NPC_Predator_Weapons
00314bec 00000004 D Queen_Step_Time
00314bf0 00000004 D Queen_Turn_Rate
00314bf4 00000028 d QueenObjectSoundHandles.0
00314c1c 00000060 D Queen_Waypoints
00314c7c 00000004 D Queen_Step_Mode
00314c80 00000004 D Queen_Charge_Step_Speed
00314c84 00000004 D Queen_Step_Speed
00314c88 00000004 D Queen_ButtCharge_Rate
00314c8c 00000004 D Queen_Charge_Rate
00314c90 00000004 D Queen_Walk_Step_Speed
00314c94 00000004 D Queen_Walk_Rate
00314c98 0000021c d NpcDataList
00314eb4 00000020 D Explosion_SoundData
00314ed4 00000004 D Caster_BlastRadius
00314ed8 00000004 D PredPistolBoltSpeed
00314edc 00000004 D PredPistolBoltGravity
00314ee0 00000004 D my
00314ee4 00000004 D mz
00314ee8 00000020 D PredPistolExplosion_SoundData
00314f08 00000004 D RATweak
00314f0c 00000004 d LastTrackChosen
00314f10 000002df D CheatModeDesc
003151f0 00000064 D TempModuleMap
00315254 00000064 D Empty_Module_Map
003152b8 000000a4 D Term_Module
0031535c 000000a4 D Empty_Module
00315400 00000064 D AvpCompiledMaps
00315464 00000008 D MainSceneArray
0031546c 000000c0 D Player_and_Camera_Type8
0031552c 0000002c D Term_Type6
00315558 0000002c D Empty_Object_Type6
00315584 0000002c D Empty_Landscape_Type6
003155b0 00000054 D chnk_playcam_vdb
00315604 00000020 D Map
00315624 0000005c D MarineCompiledShapes
00315680 000000c0 D PredStaff_Attacks
00315740 000000a0 D Wristblade_Attacks
003157e0 000001a0 D Alien_Attacks
00315980 00000020 D Alien_Special_Gripping_Attack
003159a0 000001e4 D Xenoborg_Deaths
00315b84 00000210 D Predator_Deaths
00315d94 0000002c D Predator_Special_SelfDestruct_Death
00315dc0 0000044c D Marine_Deaths
0031620c 000002ec D Alien_Deaths
003164f8 00000258 D DecalDescription
00316750 00000004 D PlanarGravity
00316754 00000004 d NumberOfDynamicObjects
00316758 00000010 D DeathVolumeDamage
00316768 00000010 D VacuumDamage
00316778 00000010 D QueenImpactDamage
00316788 00000010 D QueenButtDamage
00316798 00000010 D PredPistol_FlechetteDamage
003167a8 00000010 D FallingDamage
003167b8 00000010 D fan_damage
003167c8 00000010 D FlechetteDamage
003167d8 00000010 D BigExplosionDamage
003167e8 00000010 D SmallExplosionDamage
003167f8 00000010 D firedamage
00316808 00000010 D console_nuke
00316818 00000010 D certainDeath
00316828 000012b4 D TemplateAmmo
00317adc 00001964 D TemplateWeapon
00319440 0000000b D AlienWeaponKey
0031944c 0000000b D PredatorWeaponKey
00319458 0000000b D MarineWeaponKey
00319464 00000080 D CollisionExtents
003194e4 00000005 D projectsubdirectory
003194ec 00000014 D TemporaryNameStore
00319500 00000014 D TemporaryNameStore2
00319514 0000000c D VisionModeNames
00319520 00000100 D DefaultLevelGameStats
00319620 00000010 D Default_Damageblock
00319630 00000024 D Identity_RotMat
00319654 00000004 D GlobalGoreRate
00319658 00000004 d MTScanLineSize
0031965c 00000004 d PreviousMTScanLineSize
00319660 00000004 d onThisFrame.2
00319664 00000001 d distanceNotLocked.1
00319668 00000004 d MTSoundHandle
0031966c 00000004 D MotionTrackerVolume
00319670 00000004 D MotionTrackerSpeed
00319674 00000004 D predHUDSoundHandle
00319678 00000004 D AutoWeaponChangeOn
0031967c 00000004 D RecallDisc_Charge
00319680 00001528 d TextStringPtr
0031aba8 00000004 d CurrentMemoryBlock
0031abac 000006b4 D ParticleDescription
0031b260 00000004 D PlayerSmell
0031b264 00000004 d cloakDebounce
0031b268 00000004 D CloakThreshold
0031b26c 00000004 D CloakPowerOnDrain
0031b270 00000004 D CloakDrain
0031b274 00000004 D TrickleCharge
0031b278 00000004 d GlobalVolume
0031b27c 00000004 D EffectsSoundVolume
0031b280 00000004 D weaponHandle
0031b284 00000004 d oldRandomValue
0031b288 00000004 d playOneShotWS
0031b28c 00000004 d SpotEffectWeaponHandle
0031b290 00000004 D SaveGameRequest
0031b294 00000004 D LoadGameRequest
0031b298 00000004 d avp3ds_scream_diag_budget
0031b2a0 00000010 d MarineSounds
0031b2b0 00000010 d AlienSounds
0031b2c0 00000010 d PredatorSounds
0031b2d0 00000010 d QueenSounds
0031b2e0 00003880 D Global_Section_Attachments
0031eb60 00000014 D Android_Hierarchy_Names
0031eb74 00000020 D Default_Stats
0031eb94 000001e4 D Global_Hitlocation_Tables
0031ed78 00000030 D SGGL
0031eda8 00000054 D XBBRL
0031edfc 00000054 D XBBLL
0031ee50 00000084 D XBTRL
0031eed4 00000090 D XBTLL
0031ef64 000000d8 D XBRL
0031f03c 000000e4 D XBLL
0031f120 00000078 D XBBL
0031f198 000000cc D XBTL
0031f264 00000144 D XBCL
0031f3a8 0000003c D PBRL
0031f3e4 0000003c D PBLL
0031f420 0000006c D PTRL
0031f48c 0000006c D PTLL
0031f4f8 0000009c D PRL
0031f594 0000009c D PLL
0031f630 00000060 D PBL
0031f690 000000a8 D PTL
0031f738 000000fc D PCL
0031f834 00000054 D PraetBRL
0031f888 00000054 D PraetBLL
0031f8dc 0000003c D PraetTLL
0031f918 0000003c D PraetTRL
0031f954 0000009c D PraetRL
0031f9f0 0000009c D PraetLL
0031fa8c 00000084 D PraetBL
0031fb10 00000048 D PraetTL
0031fb58 000000f0 D PraetCL
0031fc48 00000048 D PrdAlBRL
0031fc90 00000048 D PrdAlBLL
0031fcd8 0000003c D PrdAlTLL
0031fd14 0000003c D PrdAlTRL
0031fd50 00000090 D PrdAlRL
0031fde0 00000090 D PrdAlLL
0031fe70 0000006c D PrdAlBL
0031fedc 00000048 D PrdAlTL
0031ff24 000000e4 D PrdAlCL
00320008 00000048 D AlBRL
00320050 00000048 D AlBLL
00320098 00000048 D AlTLL
003200e0 00000048 D AlTRL
00320128 000000a8 D AlRL
003201d0 000000a8 D AlLL
00320278 0000006c D AlBL
003202e4 00000060 D AlTL
00320344 00000108 D AlCL
0032044c 0000003c D MCBRL
00320488 0000003c D MCBLL
003204c4 00000054 D MCTRL
00320518 00000054 D MCTLL
0032056c 00000090 D MCRL
003205fc 00000090 D MCLL
0032068c 0000006c D MCBL
003206f8 00000078 D MCTL
00320770 00000120 D MCCL
00320890 00000048 D MWPRBRL
003208d8 00000048 D MWPRBLL
00320920 00000060 D MWPRTRL
00320980 00000060 D MWPRTLL
003209e0 000000cc D MWPRRL
00320aac 000000cc D MWPRLL
00320b78 00000078 D MWPRBL
00320bf0 00000090 D MWPRTL
00320c80 0000015c D MWPRCL
00320ddc 00000060 D CUBE_header
00320e3c 00000024 D CUBE_item5
00320e60 00000024 D CUBE_item4
00320e84 00000024 D CUBE_item3
00320ea8 00000024 D CUBE_item2
00320ecc 00000024 D CUBE_item1
00320ef0 00000024 D CUBE_item0
00320f14 00000060 D CUBE_vnormals0
00320f74 00000048 D CUBE_normals0
00320fbc 00000060 D CUBE_points0
0032101c 00000048 D CUBE_instructions
00321064 00000018 D CUBE_items
0032107c 00000004 D CUBE_vnormals
00321080 00000004 D CUBE_normals
00321084 00000004 D CUBE_points
00321088 00000004 d FreeStBlockListPtr
0032108c 00000004 d ActiveStBlockListPtr
00321090 00000004 D Daemon::DaemonTimeScale
00321094 00000004 D reflist_fail_destructor
00321098 00000004 D refobj_fail_destructor
0032109c 00000004 D refobj_fail_release
003210a0 00000004 D refobj_fail_addref
003210a4 00000004 D PredPistol_ShotCost
003210a8 00000004 D Caster_Jumpstart
003210ac 00000004 D Caster_ChargeRatio
003210b0 00000004 D AutoSwap
003210b4 0000000b D MarineWeaponHierarchy
003210c0 00000003 D PredatorWeaponHierarchy
003210c4 00000004 d WBStrikeTime
003210c8 00000004 D StaffAttack
003210cc 00000084 D HitAreaArray
00321150 00000004 d AC_Speed_Factor
00321154 00000004 d ACStrikeTime
00321158 00000004 D tail_xcal
0032115c 00000004 D tail_ycal
00321160 00000004 D Caster_TrickleLevel
00321164 00000004 D Caster_Chargetime
00321168 00000004 D Caster_PCKill
0032116c 00000004 D Caster_NPCKill
00321170 00000018 D GrenadeLauncherBulletNames
00321188 000000a8 D SpreadfireSpears
00321230 00000004 D HUDTranslucencyLevel
00321234 00000030 d HUDFontDesc
00321264 0000aeb0 D LevelStatsTargets
0032c114 00000108 d AvPMenu_MultiplayerSelectSession
0032c21c 00000310 D AvPMenusData
0032c52c 000000a8 d AvPMenu_InGame
0032c5d4 000000a8 d AvPMenu_InNetGame
0032c67c 00000030 d AvPMenu_UserProfileSelect
0032c6ac 00000004 D UserProfileNumber
0032c6b0 00000090 d AvPMenu_MultiplayerConnection
0032c740 00000078 d AvPMenu_MultiplayerOpenAddress
0032c7b8 000000d8 d AvPMenu_SaveGame
0032c890 000000d8 d AvPMenu_LoadGame
0032c968 000000c0 d AvPMenu_DetailLevels
0032ca28 00000078 d AvPMenu_CheatOptions
0032caa0 00000030 d AvPMenu_BriefingBonus
0032cad0 00000060 d AvPMenu_DifficultyLevelSelect
0032cb30 00000090 d AvPMenu_Options
0032cbc0 00000030 d AvPMenu_Multiplayer_Joining
0032cbf0 00000048 d AvPMenu_Multiplayer_DeleteConfig
0032cc38 00000060 d AvPMenu_Multiplayer_SaveConfig
0032cc98 00000048 d AvPMenu_Multiplayer_Species_Join
0032cce0 00000048 d AvPMenu_Multiplayer_Species_Host
0032cd28 00000318 D AvPMenu_Skirmish_Config
0032d040 000004c8 D AvPMenu_Multiplayer_Config_Join
0032d508 00000510 D AvPMenu_Multiplayer_Config
0032da18 00000090 d AvPMenu_MultiplayerJoinGame2
0032daa8 00000048 d AvPMenu_MultiplayerJoinGame
0032daf0 00000090 d AvPMenu_MultiplayerStartGame
0032db80 00000048 d AvPMenu_Multiplayer_Skirmish
0032dbc8 00000048 d AvPMenu_Multiplayer_LobbiedClient
0032dc10 00000048 d AvPMenu_Multiplayer_LobbiedServer
0032dc58 00000060 d AvPMenu_Multiplayer
0032dcb8 00000030 d AvPMenu_PredatorLevels
0032dce8 00000030 d AvPMenu_AlienLevels
0032dd18 00000030 d AvPMenu_MarineLevels
0032dd48 00000048 d AvPMenu_UserProfileDelete
0032dd90 00000048 d AvPMenu_UserProfileEnterName
0032ddd8 000000a8 d AvPMenu_MainMenuAVOptions
0032de80 00000090 d AvPMenu_InGameAVOptions
0032df10 00000048 d AvPMenu_VideoModeOptions
0032df58 00000180 d AvPMenu_JoystickControlsOptions
0032e0d8 000000d8 d AvPMenu_ControlsOptions
0032e1b0 00000060 d AvPMenu_SinglePlayer
0032e210 00000048 d AvPMenu_ExitGame
0032e258 000000d8 d AvPMenu_Debug_MainMenu_WithCheats
0032e330 000000c0 d AvPMenu_Debug_MainMenu
0032e3f0 000000f0 d AvPMenu_MainMenu_WithCheats
0032e4e0 00000090 d AvPMenu_MainMenu
0032e570 00000021 D MP_SessionName
0032e594 0000000b d SentryGun_File
0032e5a0 00000012 d Pretorian_File
0032e5b4 00000012 d Xenoborg_File
0032e5c8 00000013 d PredAlien_File
0032e5dc 00000010 d Civilian_File
0032e5ec 0000000a d AlienQueen_File
0032e5f8 0000000f d Hugger_File
0032e608 00000011 d Predator_File
0032e61c 0000000e d Alien_File
0032e62c 0000000f d Marine_File
0032e63c 00000004 D QuantumObjectDieRollOveride
0032e640 00000004 D light_set_name
0032e644 00000020 D Ghost_Explosion_SoundData
0032e664 00000004 D UseExtrapolation
0032e668 00000444 D netGameData
0032eaac 00000004 D MyHitBodyPartId
0032eab0 00000024 D PlacedHierarchyArray
0032ead4 00000004 d first_free_pos
0032ead8 00000004 D FirstTex_Directory
0032eadc 00000004 D GameTex_Directory
0032eae0 00000004 D FixTex_Directory
0032eae4 00000004 D SubShps_Directory
0032eae8 00000004 D GenTex_Directory
0032eaec 00000004 D ToolsTex_Directory
0032eaf0 00000088 D Env_List
0032eb78 0000000b D FixedInputConfig
0032eb84 00000018 D ControlMethods
0032eb9c 00000034 D JoystickControlMethods
0032ebd0 00000020 D DefaultMarineInputPrimaryConfig
0032ebf0 00000020 D DefaultPredatorInputPrimaryConfig
0032ec10 00000020 D DefaultAlienInputPrimaryConfig
0032ec30 00000034 D DefaultJoystickControlMethods
0032ec64 00000018 D DefaultControlMethods
0032ec7c 00000020 D DefaultAlienInputSecondaryConfig
0032ec9c 00000020 D DefaultPredatorInputSecondaryConfig
0032ecbc 00000020 D DefaultMarineInputSecondaryConfig
0032ece0 00000004 d VertexNumberPtr
0032ece8 000000fc D VerticesBuffer
0032ede4 00000004 D MirroringAxis
0032ede8 00000090 D shaftVertices
0032ee78 00000090 D polys
0032ef08 00000040 D alphaValue
0032ef48 00000054 d TriangleVerticesBuffer
0032ef9c 00000004 D SkyColour_R
0032efa0 00000004 D SkyColour_G
0032efa4 00000004 D SkyColour_B
0032efa8 00000004 D LightFlareAlpha
0032efac 00000004 D ItemColour
0032efb0 0001d4c0 D RotatedPts
0034c470 0000007c d table
0034c4ec 00000004 d front_ptr
0034c4f0 00000004 d rear_ptr
0034c4f4 00000004 d seeded_front_ptr
0034c4f8 00000004 d seeded_rear_ptr
0034c4fc 00000024 D IdentityMatrix
0034c520 00000438 D AvPMenuGfxStorage
0034c958 00000004 d FreeBlockListPtr
0034c95c 00000004 d ActiveBlockListPtr
0034c960 00000004 d FreeTxAnimBlockListPtr
0034c964 00000004 d FreeLightBlockListPtr
0034c968 00000004 D HWAccel
0034c96c 00000004 d FreeVDBListPtr
0034c970 00000004 d ActiveVDBListPtr
0034c974 00000004 D AvPVersionString
0034c978 00000105 d db_log_file_name
0034ca80 00000004 D TimeScale
0034ca84 00000004 D bEnableTextprintXY
0034ca88 00000004 D lit_fail_change_current
0034ca8c 00000004 D lit_fail_delete_current
0034ca90 00000004 D lit_fail_operator
0034ca94 00000004 D lit_fail_next
0034ca98 00000004 D list_fail_operator
0034ca9c 00000004 D list_fail_delete_first_entry
0034caa0 00000004 D list_fail_delete_last_entry
0034caa4 00000004 D list_fail_similar_entry
0034caa8 00000004 D list_fail_first_entry
0034caac 00000004 D list_fail_last_entry
0034cab0 00000004 D list_fail_prev_entry_sentinel
0034cab4 00000004 D list_fail_prev_entry_nonexist
0034cab8 00000004 D list_fail_next_entry_sentinel
0034cabc 00000004 D list_fail_next_entry_nonexist
0034cac0 00000004 D list_fail_alter_entry
0034cac4 00000004 D list_fail_delete_entry_by_pointer
0034cac8 00000004 D list_fail_delete_entry
0034cacc 00000004 D list_fail_add_entry_before
0034cad0 00000004 D list_fail_add_entry_after
0034cad4 00000004 D list_fail_get_data_from_sentinel
0034cad8 00000001 d SDL_MainIsReady
0034cad9 00000001 d check_hint.1
0034cadc 00000004 d assertion_handler
0034cae0 00000004 d SDL_log_function
0034cae4 00000001 d SDL_update_sensors
0034cae5 00000001 d SDL_update_joysticks
0034cae8 00000004 d SDL_userevents
0034caec 0000002c d SDL_allowed_controllers
0034cb18 0000002c d SDL_ignored_controllers
0034cb44 0000002c d zero_centered_devices
0034cb70 0000002c d blacklist_devices
0034cb9c 0000002c d rog_gamepad_mice
0034cbc8 0000002c d wheel_devices
0034cbf4 0000002c d arcadestick_devices
0034cc20 0000002c d flightstick_devices
0034cc4c 0000002c d throttle_devices
0034cc78 0000002c d gamecube_devices
0034cca4 00000008 d initial_zero_centered_devices
0034ccac 000000f4 d initial_wheel_devices
0034cda0 0000000c d initial_throttle_devices
0034cdac 0000001c d initial_rog_gamepad_mice
0034cdc8 00000008 d initial_gamecube_devices
0034cdd0 00000024 d initial_flightstick_devices
0034cdf4 000000ec d initial_blacklist_devices
0034cee0 00000080 d initial_arcadestick_devices
0034cf60 00000014 d s_mem
0034cf74 00000024 D SDL_expand_byte
0034cf98 00000001 d lookup_8
0034cf9c 00000002 d lookup_7
0034cfa0 00000004 d lookup_6
0034cfa4 00000008 d lookup_5
0034cfac 00000010 d lookup_4
0034cfbc 00000020 d lookup_3
0034cfdc 00000040 d lookup_2
0034d01c 00000080 d lookup_1
0034d09c 00000100 d lookup_0
0034d19c 00000010 D DUMMYAUDIO_bootstrap
0034d1ac 00000010 D DISKAUDIO_bootstrap
0034d1bc 00000054 D SDL_VIRTUAL_JoystickDriver
0034d210 00000010 D DUMMY_bootstrap
0034d220 00000010 D OFFSCREEN_bootstrap
0034d230 00000010 D N3DSAUDIO_bootstrap
0034d240 00000054 D SDL_N3DS_JoystickDriver
0034d294 0000002c D SDL_N3DS_SensorDriver
0034d2c0 00000010 D N3DS_bootstrap
0034d2d0 00000004 d SDL_CPUFeatures
0034d2d4 00000004 d SDL_SIMDAlignment
0034d2d8 00000004 d features.0
0034d2dc 000009ec D SDL_GeneratedBlitFuncTable
0034dcc8 00000008 d framerateCounter
0034dcd0 00000004 d framerate
0034dcd4 00000004 d queueLock
0034dcd8 00000004 d aptChainloadDeliverArgSize
0034dcdc 00000004 d kCount
0034dce0 00000004 d kInterval
0034dce4 00000004 d kDelay
0034dce8 W __stacksize__
0034dcec 00000004 D __cxxabiv1::__unexpected_handler
0034dcf0 00000004 D __cxxabiv1::__terminate_handler
0034dcf4 00000004 D _impure_ptr
0034dcf8 00000200 D _impure_data
0034def8 00000004 D optopt
0034defc 00000004 D opterr
0034df00 00000254 D __global_locale
0034e154 00000004 D __malloc_sbrk_base
0034e158 00000004 D __malloc_trim_threshold
0034e160 00000408 D __malloc_av_
0034e568 0000000c D __sglue
0034e574 00000004 D environ
0034e578 00000058 d tzinfo
0034e5d0 00000008 D _tzname
0034e5d8 00000400 d _current_working_directory
0034e9d8 00001000 d handles
0034f9d8 0000000c d __stderr_handle
0034f9e4 0000000c d __stdout_handle
0034f9f0 0000000c d __stdin_handle
0034f9fc 0000008c D devoptab_list
0034fa88 00000004 d defaultDevice
0034fa94 d _GLOBAL_OFFSET_TABLE_
0034faa0 d __frame_dummy_init_array_entry
0034faa0 D __init_array_start
0034faa0 B __preinit_array_end
0034faa0 B __preinit_array_start
0034faa0 D __tdata_lma
0034faa0 D __tdata_lma_end
0034fb68 d __do_global_dtors_aux_fini_array_entry
0034fb68 D __fini_array_start
0034fb68 D __init_array_end
0034fbb8 D __bss_start__
0034fbb8 D __fini_array_end
0034fbb8 00000004 b avp3ds_top_right_target
0034fbbc 00000001 b avp3ds_video_ready
0034fbc0 00000004 b avp3ds_bottom_target
0034fbc4 00000004 b avp3ds_top_target
0034fbc8 00000001 b avp3ds_texture_initialized
0034fbcc 00000018 b avp3ds_texture
0034fbe4 00000001 b avp3ds_marine_hud_texture_initialized
0034fbe8 00000018 b avp3ds_marine_hud_texture
0034fc00 00000001 b avp3ds_predator_hud_texture_initialized
0034fc04 00000018 b avp3ds_predator_hud_texture
0034fc1c 00000001 b avp3ds_alien_hud_texture_initialized
0034fc20 00000018 b avp3ds_alien_hud_texture
0034fc38 00000001 b avp3ds_game_frame_active
0034fc3c 00000004 b avp3ds_game_vertices
0034fc40 00000004 b avp3ds_game_indices
0034fc44 00000001 b avp3ds_game_shader_ready
0034fc48 00000014 b avp3ds_game_program
0034fc5c 00000004 b avp3ds_game_dvlb
0034fc60 00000001 b avp3ds_c2d_initialized
0034fc61 00000001 b avp3ds_c3d_initialized
0034fc64 00000048 b avp3ds_headroom_calls
0034fcb0 00000090 b avp3ds_headroom_ticks
0034fd40 00000001 b avp3ds_hud_seen_this_frame
0034fd41 00000001 b avp3ds_tracker_capture_enabled
0034fd42 00000001 b avp3ds_ship1_perf_log_initialized
0034fd44 00000080 b avp3ds_ship1_perf_log_path
0034fdc8 00000008 b avp3ds_bench_frame_start_tick
0034fdd0 00000008 b avp3ds_bench_frame_update_ticks
0034fdd8 00000008 b avp3ds_bench_frame_render_ticks
0034fde0 00000001 b avp3ds_bench_frame_started
0034fde1 00000001 b avp3ds_bench_update_started
0034fde2 00000001 b avp3ds_bench_render_started
0034fde8 00000008 b avp3ds_bench_update_start_tick
0034fdf0 00000008 b avp3ds_bench_render_start_tick
0034fdf8 00000001 b avp3ds_stereo_flat_frame
0034fdf9 00000001 b avp3ds_stereo_flat_batch
0034fdfa 00000001 b avp3ds_tracker_capture_overflow
0034fdfc 00000004 b avp3ds_tracker_capture_count
0034fe00 00000008 b avp3ds_bench_total_begin_ticks
0034fe08 00000004 b avp3ds_bench_begin_attempts
0034fe0c 00000004 b avp3ds_bench_begin_failures
0034fe10 00000001 b avp3ds_c2d_prepare_required
0034fe14 00000004 b avp3ds_game_vertex_cursor
0034fe18 00000040 b avp3ds_game_projection
0034fe58 00000040 b avp3ds_game_projection_right
0034fe98 00000004 b avp3ds_diag_draw_batches
0034fe9c 00000004 b avp3ds_diag_triangles
0034fea0 00000004 b avp3ds_diag_texture_handles
0034fea4 00000004 b avp3ds_diag_untextured
0034fea8 00000004 b avp3ds_diag_native_success
0034feac 00000004 b avp3ds_diag_native_failure
0034feb0 00000a00 b avp3ds_tracker_capture_batches
003508b0 00000001 b avp3ds_tracker_transform_locked
003508b4 00000018 b avp3ds_tracker_locked_transform
003508cc 00000001 b avp3ds_predator_status_transform_locked
003508d0 00000018 b avp3ds_predator_status_locked_transform
003508e8 00000001 b overflowReported.1
003508f0 00000008 b avp3ds_bench_total_end_ticks
003508f8 00000008 b avp3ds_bench_total_frame_ticks
00350900 00000008 b avp3ds_bench_total_update_ticks
00350908 00000008 b avp3ds_bench_total_render_ticks
00350910 00000004 b avp3ds_diag_frame_count
00350914 00000001 b diagnosticsPrinted.0
00350918 00000004 B CurrentVideoMode
0035091c 00000004 b ViewportWidth
00350920 00000004 b ViewportHeight
00350924 00000004 b DrawableWidth
00350928 00000004 b DrawableHeight
0035092c 00000004 B window
00350930 00000020 B JoystickData
00350950 00000004 B joy
00350954 00000004 B GotJoystick
00350958 00000004 B surface
0035095c 00000001 B RenderingMode
00350960 00000040 b buf.0
003509a0 00000004 b WantJoystick
003509a4 00000004 B JoystickCaps
003509a8 00000004 b FullscreenTexture
003509ac 00000004 b FullscreenArrayBuffer
003509b0 00000004 b FullscreenElementArrayBuffer
003509b4 00000004 B context
003509b8 00000004 B DebouncedGotAnyKey
003509bc 00000100 B DebouncedKeyboardInput
00350abc 00000004 b main_loop_state
00350ac0 00000004 b HavePrintScn
00350ac4 00000004 b GotPrintScn
00350ac8 00000004 b WindowWidth
00350acc 00000004 b WindowHeight
00350ad0 00000004 B MouseVelX
00350ad4 00000004 B MouseVelY
00350ad8 00000004 B GotMouse
00350adc 00000004 b menusActive
00350ae0 00000004 b thisLevelHasBeenCompleted
00350ae4 00000004 B AvpCDPath
00350ae8 00000004 B JoystickEnabled
00350af0 00000004 V MoviesAreActive
00350af4 00000004 V IntroOutroMoviesAreActive
00350b00 00000010 V FmvColourBlue
00350b10 00000010 V FmvColourRed
00350b20 00000010 V FmvColourGreen
00350b30 00000004 b avp3ds_cdda_error_prints
00350b34 00000004 b avp3ds_diag_load_failed
00350b38 00000004 b avp3ds_diag_failure_prints
00350b3c 00000004 b avp3ds_diag_loaded
00350b40 00000004 b avp3ds_audio_device
00350b44 00000004 b avp3ds_sound_active
00350b48 00000018 b avp3ds_audio_spec
00350b60 00000004 b avp3ds_diag_play_requested
00350b64 00000004 b avp3ds_diag_play_unloaded
00350b68 00000004 b avp3ds_diag_play_no_buffer
00350b6c 00000004 b avp3ds_diag_play_started
00350b70 00000004 b avp3ds_sound_status_snapshot_valid
00350b74 00000078 b avp3ds_sound_status_snapshot
00350bec 00000028 B BlankGameSound
00350c14 00004000 b avp3ds_cdda_pump_buffer
00354c14 00020000 b avp3ds_cdda_ring
00374c18 000012c0 b avp3ds_voices
00375ed8 00007d28 B GameSounds
0037dc00 00002d00 B ActiveSounds
00380900 00000004 b tarrc
00380904 00000004 b varrc
00380908 00000001 b CurrentTranslucencyMode
0038090c 00000004 b CurrentlyBoundTexture
00380910 00000001 b CurrentFilteringMode
00380911 00000001 B CurrShaderProgram
00380914 00000030 b AvpShaderPrograms
00380944 00000018 b AvpVertexShaders
0038095c 00000018 b AvpFragmentShaders
00380974 00000004 B DefaultTexture
00380978 00000004 b ArrayBuffer
0038097c 00000004 b ElementArrayBuffer
00380980 00000004 b CurrTextureHandle
00380984 00000b80 B ForceFieldPointDisplacement
00381504 00000b80 B ForceFieldPointDisplacement2
00382084 00000b80 B ForceFieldPointVelocity
00382c04 00000004 B ForceFieldPhase
00382c08 00000004 B MeshZScale
00382c0c 00000004 B WaterUScale
00382c10 00000004 B WaterVScale
00382c14 00000c00 B MeshVertex
00383814 00000c00 B MeshWorldVertex
00384414 00000400 B MeshVertexColour
00384814 00000100 B MeshVertexOutcode
00384914 00000004 B MeshXScale
00384918 00000004 B WaterXOrigin
0038491c 00000004 B WaterZOrigin
00384920 00000004 B WaterFallBase
00384924 00000004 B Phase
00384928 000002e0 B ForceFieldPointColour2
00384c08 000002e0 B ForceFieldPointColour1
00384ee8 00000400 B MeshVertexSpecular
003852f0 00003000 b tarr
003882f0 00010000 b varr
003982f0 00000004 B pglActiveTexture
003982f4 00000004 B pglBindTexture
003982f8 00000004 B pglBlendFunc
003982fc 00000004 B pglClear
00398300 00000004 B pglClearColor
00398304 00000004 B pglCullFace
00398308 00000004 B pglDeleteTextures
0039830c 00000004 B pglDepthFunc
00398310 00000004 B pglDepthMask
00398314 00000004 B pglDepthRange
00398318 00000004 B pglDisable
0039831c 00000004 B pglDrawElements
00398320 00000004 B pglEnable
00398324 00000004 B pglFrontFace
00398328 00000004 B pglGenTextures
0039832c 00000004 B pglGetError
00398330 00000004 B pglGetFloatv
00398334 00000004 B pglGetIntegerv
00398338 00000004 B pglGetString
0039833c 00000004 B pglGetTexParameterfv
00398340 00000004 B pglHint
00398344 00000004 B pglPixelStorei
00398348 00000004 B pglPolygonOffset
0039834c 00000004 B pglReadPixels
00398350 00000004 B pglTexImage2D
00398354 00000004 B pglTexParameterf
00398358 00000004 B pglTexParameteri
0039835c 00000004 B pglTexSubImage2D
00398360 00000004 B pglViewport
00398364 00000004 B pglAttachShader
00398368 00000004 B pglBindAttribLocation
0039836c 00000004 B pglBindBuffer
00398370 00000004 B pglBufferData
00398374 00000004 B pglBufferSubData
00398378 00000004 B pglCreateProgram
0039837c 00000004 B pglCreateShader
00398380 00000004 B pglCompileShader
00398384 00000004 B pglDeleteBuffers
00398388 00000004 B pglDeleteProgram
0039838c 00000004 B pglDeleteShader
00398390 00000004 B pglDisableVertexAttribArray
00398394 00000004 B pglEnableVertexAttribArray
00398398 00000004 B pglGenBuffers
0039839c 00000004 B pglGetAttribLocation
003983a0 00000004 B pglGetProgramInfoLog
003983a4 00000004 B pglGetProgramiv
003983a8 00000004 B pglGetShaderInfoLog
003983ac 00000004 B pglGetShaderiv
003983b0 00000004 B pglGetUniformLocation
003983b4 00000004 B pglLinkProgram
003983b8 00000004 B pglShaderSource
003983bc 00000004 B pglValidateProgram
003983c0 00000004 B pglVertexAttribPointer
003983c4 00000004 B pglUniform1i
003983c8 00000004 B pglUniformMatrix4fv
003983cc 00000004 B pglUseProgram
003983d0 00000004 B pglBindFramebuffer
003983d4 00000004 B pglBindRenderbuffer
003983d8 00000004 B pglCheckFramebufferStatus
003983dc 00000004 B pglDeleteFramebuffers
003983e0 00000004 B pglDeleteRenderbuffers
003983e4 00000004 B pglFramebufferRenderbuffer
003983e8 00000004 B pglFramebufferTexture2D
003983ec 00000004 B pglGenerateMipmap
003983f0 00000004 B pglGenFramebuffers
003983f4 00000004 B pglGenRenderbuffers
003983f8 00000004 B pglRenderbufferStorage
003983fc 00000004 B ogl_have_multisample_filter_hint
00398400 00000004 B ogl_have_texture_filter_anisotropic
00398404 00000004 B ogl_have_framebuffer_object
00398408 00000004 B ogl_use_multisample_filter_hint
0039840c 00000004 B ogl_use_texture_filter_anisotropic
00398410 00000004 B ogl_use_framebuffer_object
00398414 00000004 B NumLightSourcesForObject
00398418 00000004 B DrawingAReflection
0039841c 00000190 B LightSourcesForObject
003985ac 00000004 B GlobalAmbience
003985b0 0000000c B HeadOrientation
003985bc 00000004 b verticalSpeed.2
003985c0 00000004 B Global_VDB_Ptr
003985c4 00000004 b zAxisTilt.1
003985c8 00000004 B CloakingPhase
003985cc 00000004 B LeanScale
003985d0 00000004 b previousVerticalSpeed.0
003985d4 00000004 B NumOnScreenBlocks
003985d8 00000004 B ModuleCurrVisArray
003985dc 00000bb8 B OnScreenBlockList
00399194 00000004 B AlienBiteAttackInProgress
00399198 0000000c B deathTargetOrientation
003991a4 00000004 B Global_EID_IPtr
003991a8 00000004 B Global_EID_Ptr
003991ac 00000004 B Global_ShapeHeaderPtr
003991b0 00000004 B Global_ODB_Ptr
003991b4 00000004 B Global_ShapeTextures
003991b8 00000004 B Global_ShapeVNormals
003991bc 00000004 B Global_ShapeNormals
003991c0 00000004 B Global_ShapeItems
003991c4 00000004 B Global_ShapePoints
003991c8 0000000c B LocalLightCH
003991d4 0000000c B LocalView
003991e0 0000000c B LToVMat_Euler
003991ec 00000024 B LToVMat
00399210 00000004 B ModuleArraySize
00399214 00000004 B ModuleLocalVisArray
00399218 00000004 B ModuleTempArray
0039921c 00000004 B ModulePrevVisArray
00399220 00000004 B Global_MotherModule
00399224 00000004 B Global_ModulePtr
00399228 00000018 B MorphDisplay
00399240 00000030 b GMD_myPolyPoints
00399270 00000004 b GMD_myPolyNumPoints
00399274 00000004 B NL_Queue_Exec
00399278 000004b0 B NearLink_Route_Queue
00399728 00000004 B NL_Queue_End
0039972c 00000004 B PathArray
00399730 00000030 B myPolyEdgeNormals
00399760 00000030 B myPolyEdgePoints
00399790 00000030 B myPolyEdgeDirections
003997c0 0000000c B myPolyMidPoint
003997cc 00000010 B myPolyEdgeMoveDistances
003997dc 00000004 B PathArraySize
003997e0 00000004 b entryPointFailures
003997e4 00000004 B SlackTotal
003997e8 00000004 B SlackSize
003997ec 00000004 B UseGeneratorBalance
003997f0 00000020 B GeneratorBalance
00399810 00000010 B LoadedHiveData
00399820 00000028 B NPCHive
00399848 00000004 B GeneratorBalance_PlayerScoreValue
0039984c 00000004 B NearAliens
00399850 00000004 B Alt_NearAliens
00399854 00000004 B FarAliens
00399858 00000004 B Alt_FarAliens
0039985c 00000004 B ShowHiveState
00399860 00000004 B ShowSlack
00399864 00000028 B EC_Lift_Ctrl
0039988c 000000a4 B Old_Pos_Module
00399930 00000004 B RequestEnvChangeViaLift
00399934 00000004 B RequestEnvChangeViaAirlock
00399938 00000048 B NpcSquad
00399980 00000004 B ShowSquadState
00399984 00000100 b tempstring
00399a84 00000004 b tracker_noise
00399a88 00000004 B ShowNearSquad
00399a90 00000010 b Pred_Weapon_Damage
00399aa0 00000004 b UpperAirlockDoorOpen
00399aa4 00000004 b PlayerInTrench
00399aa8 00000004 b UpperAirlockDoorSbptr
00399aac 0000000c b UpperAirlockDoorStart
00399ab8 00000004 b LowerAirlockDoorSbptr
00399abc 0000000c b LowerAirlockDoorStart
00399ac8 00000004 b LowerAirlockDoorOpen
00399acc 00000004 b AirlockTimeOpen
00399ad0 00000004 b LockerDoorSbptr
00399ad4 00000001 B Queen_Next_Command
00399ad8 00000004 B Queen_Next_Waypoint
00399adc 0000000c B Queen_Target_Point
00399ae8 00000004 B NumQueenObjects
00399aec 00000004 b PlayerInLocker
00399af0 00000028 B QueenObjectList
00399b18 00000004 B RequestFadeToBlackLevel
00399b20 00000320 B Waypoint_Route_Queue
00399e40 00000004 B Queue_End
00399e44 00000004 B Queue_Exec
00399e48 00000004 b GlobalLinkShift
00399e4c 00000004 B Global_NPC_Type
00399e50 00000014 B Global_Route
00399e68 0000000c B Global_Module_Offset
00399e74 00000004 B Global_Num_Waypoints
00399e78 00000004 B Num_Target_Waypoints
00399e7c 00000004 B Global_Target_Waypoint
00399e80 00000004 B NPC_Waypoints
00399e84 00000004 B Global_NPC_Waypoint
00399e88 00000004 B mx
00399e8c 00000004 B ShowXenoStats
00399e90 0000000c B null_vec
00399e9c 00000044 b GrapplingHook
00399ee0 00000004 B ShowAdj
00399ee4 00000080 B ccv_tempstring
00399f64 00000004 b TrackSelectCounter
00399f68 000002b0 B LevelCDTracks
0039a218 00000030 B MultiplayerCDTracks
0039a248 00000001 b CheckCDAndChooseTrackIfNeeded::lastPlayerType
0039a24c 00000004 B CheatMode_Active
0039a250 00000004 B CheatMode_Species
0039a254 00000004 B CheatMode_Environment
0039a258 00000008 B MainScene
0039a260 00000004 B mainshapelist
0039a264 00000004 B maxshapes
0039a268 00000004 b done.0
0039a26c 00000004 B LogConsoleTextToFile
0039a270 00000004 b bFirstFrame
0039a278 00000004 b NumActiveDecals
0039a27c 00000004 b CurrentDecalIndex
0039a280 00000004 B CurrentFixedDecalIndex
0039a284 00000004 B NumFixedDecals
0039a288 00000060 B PredatorLaserTarget
0039a2e8 00000300 B PredatorLaserSights
0039a5e8 0000f000 B FixedDecalStorage
003a95e8 00020000 b DecalStorage
003c95e8 00000018 B MenuDetailLevelOptions
003c9600 00000014 B LocalDetailLevels
003c9614 00000004 b SBBMinX
003c9618 00000004 b SBBMaxX
003c961c 00000004 b SBBMinY
003c9620 00000004 b SBBMaxY
003c9624 00000004 b SBBMinZ
003c9628 00000004 b SBBMaxZ
003c962c 00000004 b NumberOfCollisionPolys
003c9630 00000004 b NumberOfInterferencePolygons
003c9634 0000000c b DirectionOfTravel
003c9640 00000004 b AccelDueToGravity
003c9644 00000004 b CollisionPolysPtr
003c9648 00000004 b MakeStaticBoundingBoxForObject
003c964c 00000004 b DBBMinY
003c9650 00000004 b DBBMinX
003c9654 00000004 b DBBMaxX
003c9658 00000004 b DBBMinZ
003c965c 00000004 b DBBMaxZ
003c9660 00000004 b DBBMaxY
003c9664 00000fa0 b DynamicObjectsList
003ca604 00000004 b DistanceToStepUp
003ca608 00000004 b PlayersFallingSpeed
003ca60c 00000004 b DistanceMovedBeforeObjectHitsPolygon
003ca610 00000004 B PlayersMaxHeightWhilstNotInContactWithGround
003ca614 00001a90 b InterferencePolygons
003cc0a4 00031ce0 b CollisionPolysArray
003fdd88 00000fa0 b FreeDynBlockList
003fed28 00000004 b FreeDynBlockListPtr
003fed2c 00000004 b NumFreeDynBlocks
003fed30 00000004 B NumFreeCollisionReports
003fed34 00003200 b CollisionReportStorage
00401f34 0004f1a0 b DynBlockStorage
004510d4 00000001 B SmartgunMode
004510d5 00000001 B ThisDiscMode
004510d8 00000024 B GrenadeLauncherData
004510fc 00000048 B AvP
00451144 00000004 B memoryInitialisationFailure
00451148 00000004 B SavedNormalFrameTime
0045114c 00000004 B SavedFrameRate
00451150 00000008 B Null_Name
00451158 00000184 B CurrentGameStatistics
004512dc 00000004 B ShowDebuggingText
004512e0 00000004 B DebuggingCommandsActive
004512e4 00000004 B DopplerShiftIsOn
004512e8 00000004 B PlaySounds
004512ec 00000004 B incIDnum
004512f0 00000004 B Global_Controller_Ptr
004512f4 00000004 B Global_HModel_Sptr
004512f8 00000004 B GlobalLevelOfDetail_Hierarchical
004512fc 00000004 B Simplify_HModel_Rendering
00451300 00000004 b Global_HModel_DispPtr
00451304 00000004 B AlienTeethOffset
00451308 00000004 B GunMuzzleSightX
0045130c 00000004 B GunMuzzleSightY
00451310 00000017 B ValueOfHUDDigit
00451328 00000004 b HUD_PrimaryRounds
0045132c 00000004 b HUD_SecondaryRounds
00451330 00000004 B AlienTongueOffset
00451334 00000004 b NoOfMTBlips
00451338 00000078 b MotionTrackerBlips
004513b0 00000004 b distance.0
004513b4 00000004 b MTDelayBetweenScans
004513b8 00000004 b PredSight_LockOnTime
004513bc 00000004 b DrawScanlineOverlay
004513c0 00000004 b ScanlineLevel
004513c4 00000004 b PredSight_Angle
004513c8 00000004 B PlayerDamagedOverlayIntensity
004513cc 00000004 B FadingGameInAfterLoading
004513d0 00000004 B CameraZoomLevel
004513d4 00000004 B LogosAlphaLevel
004513d8 00000004 B DrawCompanyLogos
004513dc 00000008 B StartingEquipment
004513e4 00000004 b TextBufferPtr
004513e8 00000001 b EmptyString
004513ec 00000004 B NumActiveLightElements
004513f0 000084d0 B LightElementStorage
004598c0 00000004 b ViewpointPositionPtr
004598c4 00000004 b ViewpointDirectionPtr
004598c8 00000004 b MemoryLeft
004598cc 00000004 b MemoryPoolPtr
004598d0 00000004 b MemoryWasted
004598d4 00000100 b MemoryBlocks
004599d4 00000004 b LargestRequest
004599d8 00000004 b MemoryRequested
004599dc 00000004 b AllocationCount
004599e0 00000004 b NumberOfEntriesInMessageHistory
004599e4 00000004 b EntryToNextShow
004599e8 00000004 b MessageHistoryAccessedTimer
004599f0 00000400 b MessageHistoryStore
00459df0 00000010 B MissionHint::List_pMissionHint
00459e00 00000010 B MissionObjective::List_pMissionObjective
00459e10 00000030 B PaintBallMode
00459e40 00000080 B CurrentDecal
00459ec0 00000004 b NumActiveParticles
00459ec4 00000004 B NumberOfBloodParticles
00459ec8 00000004 b NumActiveTrails
00459ecc 00000004 b CurrentExplosionIndex
00459ed0 00000960 B RippleStorage
0045a830 00000004 B ActiveRippleNumber
0045a834 00000004 B NumberOfFlaresActive
0045a838 0000000c B PlayerPheromoneTrailPerp
0045a844 000041a0 B Trail
0045e9e8 0000dac0 b RainDropStorage
0046c4a8 0000b720 b ExplosionStorage
00477bc8 000445c0 b ParticleStorage
004bc188 00006d60 b TrailStorage
004c2ee8 00000004 b auxLocsGrid
004c2eec 00000004 B FALLP_AuxLocs
004c2ef0 00000004 b FL_TotalNumAuxLocs
004c2ef4 00000004 b FL_AuxData
004c2ef8 00000004 B AIModuleArraySize
004c2efc 00000004 B AIModuleArray
004c2f00 00000004 b farbbox_maxx
004c2f04 00000004 b farbbox_minx
004c2f08 00000004 b farbbox_maxz
004c2f0c 00000004 b farbbox_minz
004c2f10 00000004 b farbbox_maxy
004c2f14 00000004 b farbbox_miny
004c2f18 00000044 b farbbox_polygonData
004c2f5c 00000004 B FALLP_EntryPoints
004c2f60 00000004 b Pher_Player1
004c2f64 00000004 b Pher_Player2
004c2f68 00000004 b Pher_Ai1
004c2f6c 00000004 b Pher_Aliens1
004c2f70 00000004 b Pher_Aliens2
004c2f74 00000004 b Pher_Marines1
004c2f78 00000004 b Pher_Marines2
004c2f7c 00000004 B PherPl_ReadBuf
004c2f80 00000004 B PherPl_WriteBuf
004c2f84 00000004 B playerPherModule
004c2f88 00000004 B PherAi_Buf
004c2f8c 00000004 B PherAls_ReadBuf
004c2f90 00000004 B PherAls_WriteBuf
004c2f94 00000004 B AlienPheromoneScale
004c2f98 00000004 B PherMars_ReadBuf
004c2f9c 00000004 B PherMars_WriteBuf
004c2fa0 00000004 B PlayerStatusPtr
004c2fa8 00000644 b PlayerStatusBlock
004c35ec 00000004 B TauntSoundPlayed
004c35f0 00000004 B GimmeChargeCalls
004c35f4 00000004 B HtoHStrikes
004c35f8 00000004 B CurrentLightAtPlayer
004c35fc 0000000c B PlayerStartLocation
004c3608 00000024 B PlayerStartMat
004c362c 00000004 B Observer
004c3630 00000004 B ShowPredoStats
004c3634 00000004 B timeInContactWithFloor
004c3638 00000001 B CrouchKeyDebounced
004c363c 00000004 B CrouchIsToggleKey
004c3640 00000004 b timeBeenContinuouslyMoving.0
004c3644 00000004 B deathFadeLevel
004c3648 00000004 B executeDemo
004c364c 00000004 B SoundSwitchedOn
004c3650 00000004 b SoundInitialised
004c3654 00000004 b Sound_MaxActive_HW
004c3658 00000004 b MasterVolumeFadeLevel
004c365c 00000001 b MasterVolumeFadeStatus
004c3660 00000004 b avp3ds_sound_voice_maintenance_phase
004c3664 00000004 b sadarReloadTimer
004c3668 00000004 B playerNoise
004c366c 00000004 b weaponPitchTimer
004c3670 000000c8 b sound_name.0
004c3738 00000004 B SecondSoundDir
004c373c 00000064 B VisibilityDefaultObjectMap
004c37a0 00000004 b EmergRelocCalls
004c37a4 00000004 B InanimateDamageFromNetHost
004c37a8 0000004c B DropShipHModelController
004c37f8 00000014 b SaveInfo
004c380c 00000004 B NumberOfSavesLeft
004c3810 00000010 b LoadInfo
004c3820 00000028 b SfxBlockStorage
004c3848 00000028 b FreeSfxBlockList
004c3870 00000004 b FreeSfxBlockListPtr
004c3874 00000004 b NumFreeSfxBlocks
004c3878 00000fa0 b FreeStBlockList
004c4818 00000004 b NumFreeStBlocks
004c481c 00000004 B NumActiveStBlocks
004c4820 00000fa0 B ActiveStBlockList
004c57c0 00000004 B IncrementalSBname
004c57c4 00000004 b Num_SB_Preserved
004c57c8 00000640 b SB_Preserved
004c5e08 00013880 B FreeStBlockData
004d9688 00000010 B KeyBinding::List_pKeyBindings
004d9698 00000010 B KeyBinding::PendingList
004d96a8 00000004 B KeyBinding::bEcho
004d96ac 00000004 B BatchFileProcessing::bEcho
004d96b0 00000004 B Daemon::p666_Iteration_Next
004d96b4 00000004 B Daemon::p666_FirstActive
004d96b8 00000004 B Daemon::p666_Iteration_Current
004d96bc 00000004 B Daemon::FixP_Time
004d96c0 00000018 B IndexedFont::pIndexedFont
004d96d8 00000010 B r2rect::R2Rect_PhysicalScreen
004d96e8 00000008 B r2pos::Origin
004d96f0 00000004 b NumQMessages
004d96f4 00000800 b OurQ
004d9ef4 00000004 B SCString::pFirst
004d9ef8 00000004 B StringTable::NumStrings
004d9efc 00001528 B StringTable::pSCString
004db424 00000001 B CurrentlySmartTargetingObject
004db428 00000004 B SmartTargetSightX
004db42c 00000004 B SmartTargetSightY
004db430 00000004 B SmartTarget_Object
004db434 00000004 B Old_SmartTarget_Object
004db438 00000004 B AllowGoldWeapons
004db440 0000000c B PlayersWeaponCameraOffset
004db44c 00000018 B PlayersTarget
004db468 00000178 B PlayersWeapon
004db5e0 00000004 b FirePrimaryLate
004db5e4 00000004 b FireSecondaryLate
004db5e8 00000004 B PWMFSDP
004db5f0 00000178 B PlayersWeaponMuzzleFlash
004db768 0000000c B CentreOfMuzzleOffset
004db774 0000004c B PlayersWeaponHModelController
004db7c0 00000004 B Weapon_ThisBurst
004db7c4 00000004 B Old_Minigun_SpinSpeed
004db7c8 00000004 B Minigun_SpinSpeed
004db7d0 0000000c B Minigun_HeadJolt
004db7e0 0000000c B Minigun_MaxHeadJolt
004db7ec 00000004 B WeaponFidgetPlaying
004db7f0 00000018 B GrenadeLauncherSectionPointers
004db808 00000004 B Flamethrower_Timer
004db80c 00000084 B Local_HitAreaArray
004db890 00000001 B HitZone
004db891 00000001 B HitAspect
004db894 00000004 B LastHand
004db898 00000004 B Alien_Visible_Weapon
004db89c 00000010 b Player_Weapon_Damage
004db8ac 00000004 b Alien_Tail_Clock
004db8b0 00000004 b Wristblade_StrikeType
004db8b4 00000004 B Alien_Tail_Target
004db8b8 00000008 B Alien_Tail_Target_SBname
004db8c0 00000004 B Caster_TrickleRate
004db8c4 00000004 B Caster_MinCharge
004db8c8 00000004 B PlayerStaff1
004db8cc 00000004 B PlayerStaff2
004db8d0 00000004 B PlayerStaff3
004db8d4 00000004 B Biting
004db8d8 00000008 B Biting_SBname
004db8e0 00000004 B LOS_ObjectHitPtr
004db8e4 0000000c B LOS_Point
004db8f0 0000000c B LOS_ObjectNormal
004db8fc 0000000c B GunMuzzleDirectionInWS
004db908 00000004 B ProjectilesFired
004db90c 00000004 B LOS_Lambda
004db910 00000004 B Bit
004db914 00000004 B GrenadeLauncherSelectedAmmo
004db918 0000000c B PlayerGunBarrelOffset
004db924 00000004 B MuzzleFlashLength
004db928 0000000c B GunMuzzleDirectionInVS
004db934 00000004 B LOS_HModel_Section
004db938 00000004 B HUDImageNumber
004db93c 00000004 b MotionTrackerHalfWidth
004db940 00000004 b MotionTrackerTextureSize
004db944 00000024 b BlueBar
004db968 00000004 b MT_BlipHeight
004db96c 00000004 b MT_BlipWidth
004db970 00000004 B SpecialFXImageNumber
004db974 00000004 b MotionTrackerCentreY
004db978 00000004 b MotionTrackerCentreX
004db97c 00000004 B MotionTrackerScale
004db980 00000004 B HUDScaleFactor
004db984 00000004 B PredatorNumbersImageNumber
004db988 00000004 B StaticImageNumber
004db98c 00000004 B AlienTongueImageNumber
004db990 00000004 B HUDFontsImageNumber
004db994 00000004 B CloudyImageNumber
004db998 00000004 B BurningImageNumber
004db99c 00000004 B ChromeImageNumber
004db9a0 00000004 B WaterShaftImageNumber
004db9a4 00000004 B AAFontImageNumber
004db9a8 00000004 B PredatorVisionChangeImageNumber
004db9ac 00000004 B FoxLogoImageNumber
004db9b0 00000004 B RebellionLogoImageNumber
004db9b4 00000004 B SmokyImageNumber
004db9b8 00000078 b HUDDDInfo
004dba30 00000018 b PauseDDInfo
004dba48 00000018 b E3FontDDInfo
004dba60 00000001 B HUDResolution
004dba64 00000004 B UsingDataBase
004dba68 00000004 B BackdropImage
004dba6c 00000010 b fdesclist
004dba7c 00000010 b floadeddesclist
004dba8c 00000010 b fflist
004dba9c 00000010 b openlist
004dbaac 00000004 b IntroHasAlreadyBeenPlayed
004dbab0 00000318 b AvPMenu_KeyConfig
004dbdc8 00000004 B AutoWeaponChangeOn_Temp
004dbdcc 00000016 B IP_Address_Name
004dbde4 000000ca B MP_Config_Description
004dbeb0 00000016 B MP_Config_Name
004dbec8 00000004 B PredatorEpisodeToPlay
004dbecc 00000004 B MarineEpisodeToPlay
004dbed0 00000004 B AlienEpisodeToPlay
004dbed4 00000004 B MP_LevelNumber
004dbed8 00000004 B MP_GameStyle
004dbedc 00000004 B MP_Species
004dbee0 00000010 B UserProfileName
004dbef0 00000010 B CommandLineIPAddressString
004dbf00 00000010 B IPAddressString
004dbf10 00000010 B MP_PlayerName
004dbf20 00000002 b KeyDescBuffer.1
004dbf24 00000024 b AvPMenus
004dbf48 0000012c b MultiplayerBriefing
004dc074 00000032 b NumberString.2
004dc0a8 00000020 b PlayerInputPrimaryConfig
004dc0c8 00000020 b PlayerInputSecondaryConfig
004dc0e8 00000004 b KeyConfigSelectionColumn
004dc0ec 00000040 b MultipleAssignments
004dc12c 00000014 b BriefingTextString
004dc140 00000080 B SaveGameSlot
004dc1c0 00000004 B UserProfilePtr
004dc1c4 00000004 b MaximumSelectableLevel
004dc1c8 00000001 b BlankLine
004dc1cc 00000004 b NumberOfItemsInKeyboardEntryQueue
004dc1d0 00000008 b KeyboardEntryQueue
004dc1d8 00000004 b EpisodeSelectScrollOffset
004dc1dc 00000004 b MultiplayerConfigurationIndex
004dc1e0 00000208 B SessionData
004dc3e8 00000018 B PlayerControlMethods
004dc400 00000034 B PlayerJoystickControlMethods
004dc434 00000040 b Brightness
004dc474 00000004 b MultiplayerConfigurationName
004dc478 00000004 b BackspaceTimer.0
004dc47c 00000004 b KeyboardEntryQueue_ProcessingIndex
004dc480 00000004 b KeyDepressedCounter
004dc484 00000004 b InputIsDebounced
004dc488 00000004 B NumberOfSessionsFound
004dc48c 00010000 B CloudTable
004ec48c 00000010 b ConfigurationFilenameList
004ec49c 00000010 b ConfigurationLocalisedFilenameList
004ec4ac 00000004 B AvPMenu_Multiplayer_LoadConfig
004ec4b0 00000004 B LastDescriptionFile
004ec4b4 00000004 B LastDescriptionText
004ec4b8 00000010 b IPAddFilenameList
004ec4c8 00000004 B AvPMenu_Multiplayer_LoadIPAddress
004ec4cc 00000004 B MultiplayerLevelNames
004ec4d0 00000010 B CustomLevelNameList
004ec4e0 00000004 B NumCustomLevels
004ec4e4 00000004 B NumMultiplayerLevels
004ec4e8 00000004 B NumCoopLevels
004ec4ec 00000004 B CoopLevelNames
004ec4f0 00000064 b GetCustomMultiplayerLevelName::return_string
004ec554 00000010 B UserProfilesList
004ec564 00000004 b CurrentUserProfilePtr
004ec568 00000010 B ConsoleCommand::List_pConsoleCommand
004ec578 00000010 B ConsoleSymbol::List_pConsoleSym
004ec588 00000010 B ConsoleVariable::List_pConsoleVar
004ec598 00000004 B HUDGadget::pSingleton
004ec59c 00000004 B RootGadget::pSingleton
004ec5a0 00000010 B TextExpansion::List_pTextExp
004ec5b0 00000004 B TextExpansion::bVerbose
004ec5b4 00000001 B TextInputState::bOverwrite_Val
004ec5b8 00000004 b NumberOfLinesToDisplay
004ec5bc 00000004 B RequestedGammaSetting
004ec5c0 00000004 b ActualGammaSetting
004ec5c4 00000100 B GammaValues
004ec6c4 00000001 b iofocus_AcceptTyping
004ec6c8 00000010 B loaded_sounds
004ec6d8 00000004 b SortedModules
004ec6dc 00000004 B MorphedObjectPointsPtr
004ec6e0 00002328 b VisibleObjects
004eea08 000012c0 b VisibleModules2
004efcc8 000012c0 b VisibleModules
004f0f88 00007d00 B KItemList
004f8c88 00000028 b Load_HNPC
004f8cb0 00000004 B ForceLoad_Alien
004f8cb4 00000004 B ForceLoad_Marine
004f8cb8 00000004 B ForceLoad_Predator
004f8cbc 00000004 B ForceLoad_Hugger
004f8cc0 00000004 B ForceLoad_Queen
004f8cc4 00000004 B ForceLoad_Civvie
004f8cc8 00000004 B ForceLoad_PredAlien
004f8ccc 00000004 B ForceLoad_Xenoborg
004f8cd0 00000004 B ForceLoad_Pretorian
004f8cd4 00000004 B ForceLoad_SentryGun
004f8cd8 00000010 B loaded_npcs
004f8ce8 00000010 B LoadedNPC::image_groups
004f8cf8 000000c8 b GetSoundForMainRif(char const*)::filename
004f8dc0 00000010 b Behav_List
004f8dd0 00000010 b DieRoll_List
004f8de0 00000010 b mos_list
004f8df0 00000024 B xmrtt
004f8e14 00000004 B Xenoborg_Morph_Thingy
004f8e18 0000012c b OnScreenMessageBuffer
004f8f44 00000004 B MultiplayerRestartSeed
004f8f48 00000004 b endSendBuffer
004f8f4c 00000c00 b sendBuffer
004f9b4c 00000004 b object_batch.2
004f9b50 00000008 b FragmentalObjectStatus
004f9b58 00000004 b object_batch.1
004f9b5c 00000004 b StrategySynchArray
004f9b60 00000004 B MultiplayerObservedPlayer
004f9b64 00000004 B myNetworkKillerId
004f9b68 00000004 b numMessagesReceived
004f9b6c 00000004 b numMessagesTransmitted
004f9b70 00000004 B LobbiedGame
004f9b74 00000004 b TimeCounterForExtrapolation
004f9b78 00000004 b TimeOfLastPlayerState.8
004f9b7c 0000000c b previousVelocity.7
004f9b88 00000004 b previousWeapon.6
004f9b8c 0000000c b previousOrient.5
004f9b98 00000004 b GameTimeSinceLastSend
004f9b9c 00000004 b timer.11
004f9ba0 00000004 b playerIndex.10
004f9ba4 00000004 b FrameStamp.4
004f9ba8 00000004 b DecalCountThisFrame.3
004f9bac 00000004 b ReminderTimer.9
004f9bb0 00000004 B numMarineStartPos
004f9bb4 00000004 B marineStartPositions
004f9bb8 00000004 B numAlienStartPos
004f9bbc 00000004 B alienStartPositions
004f9bc0 00000004 B numPredatorStartPos
004f9bc4 00000004 B predatorStartPositions
004f9bc8 00000178 B PlayersMirrorImage
004f9d40 00000050 B PlayersMirrorImageSB
004f9d90 000000fc B PlayersMirrorGhost
004f9e8c 00000144 B PlayersMirrorDynBlock
004f9fd0 00000004 B myIgniterId
004f9fd8 0000000c b CharacterTypesAvailable
004f9fe8 00000024 b CharacterSubTypesAvailable
004fa00c 00000004 B ShowMultiplayerScoreTimer
004fa010 00000004 b LastFrameTried.0
004fa014 00000004 b LoadingInProgress
004fa018 00000004 b LoadingBarFull
004fa01c 00000004 b CurrentPosition
004fa020 00000004 b LoadingBarEmpty
004fa024 00000004 b Set_Progress_Bar_Position::LastSendTime
004fa028 00000004 b aimodule_indeces
004fa02c 00000004 B LevelHasStars
004fa030 00000010 b random_marine_texturings
004fa040 00000010 b random_civilian_texturings
004fa050 00000010 B Global_Hierarchy_Store::time_list
004fa060 00000004 B Rif_Sound_Directory
004fa064 00000010 B Global_Hierarchy_Library
004fa074 00000004 B start_of_loaded_shapes
004fa078 00000004 b msl_term_pos
004fa07c 00000060 b null_shape
004fa0dc 00000004 b o_chunk_array
004fa0e0 00000004 b WarnedAboutDiskSpace
004fa0e4 00000004 B SecondTex_Directory
004fa0e8 00000004 B WindowRequestMode
004fa0ec 00000008 B TopLeftSubWindow
004fa0f4 00000008 B ExtentXYSubWindow
004fa0fc 00000004 B VideoRequestMode
004fa100 00000004 B ZBufferRequestMode
004fa104 00000004 B RasterisationRequestMode
004fa108 00000004 B SoftwareScanDrawRequestMode
004fa10c 00000004 B DXMemoryRequestMode
004fa110 00000004 B player_rif
004fa114 00000004 B alien_weapon_rif
004fa118 00000004 B marine_weapon_rif
004fa11c 00000004 B predator_weapon_rif
004fa120 00000004 B env_rif
004fa124 00000064 B EnvFileName
004fa188 00000064 B LevelDir
004fa1ec 00000004 b JunkEnv
004fa1f0 00000020 B MarineInputSecondaryConfig
004fa210 00000020 B MarineInputPrimaryConfig
004fa230 00000020 B PredatorInputSecondaryConfig
004fa250 00000020 B PredatorInputPrimaryConfig
004fa270 00000020 B AlienInputSecondaryConfig
004fa290 00000020 B AlienInputPrimaryConfig
004fa2b0 0000000c b PredOVision
004fa2bc 0000001c B d3d_light_ctrl
004fa2d8 0000000c b MarineOVision
004fa2e4 00000001 B CurrentVisionMode
004fa2e8 00000004 B predOVision_SoundHandle
004fa2ec 00000004 B PredatorVisionChangeCounter
004fa2f0 00000004 b visionModeDebounced
004fa2f4 00000004 b local_dir
004fa2f8 00000004 b global_dir
004fa2fc 00000004 B GouraudPolygon_ClipWithNegativeX
004fa300 00000004 B GouraudPolygon_ClipWithPositiveY
004fa304 00000004 B GouraudPolygon_ClipWithNegativeY
004fa308 00000004 B GouraudPolygon_ClipWithPositiveX
004fa30c 00000004 B TexturedPolygon_ClipWithNegativeX
004fa310 00000004 B TexturedPolygon_ClipWithPositiveY
004fa314 00000004 B TexturedPolygon_ClipWithNegativeY
004fa318 00000004 B TexturedPolygon_ClipWithPositiveX
004fa31c 00000004 B GouraudTexturedPolygon_ClipWithNegativeX
004fa320 00000004 B GouraudTexturedPolygon_ClipWithPositiveY
004fa324 00000004 B GouraudTexturedPolygon_ClipWithNegativeY
004fa328 00000004 B GouraudTexturedPolygon_ClipWithPositiveX
004fa32c 00000004 B TestVerticesWithFrustrum
004fa330 00000004 B ObjectWithinFrustrum
004fa334 00000004 B ObjectCompletelyWithinFrustrum
004fa338 00000004 B VertexWithinFrustrum
004fa33c 00002710 B FrustrumFlagForVertex
004fca50 00000004 b ObjectCounter
004fca54 00000110 B RenderPolygon
004fcb64 00000004 B DrawFullBright
004fcb68 00000004 b VertexIntensity
004fcb6c 00000004 B NumberOfHeatSources
004fcb70 00000078 B HeatSourceList
004fcbe8 0000000c b ObjectCentre
004fcbf4 00000004 B CloakingMode
004fcbf8 00000030 B ViewMatrix
004fcc28 00000004 B CameraZoomScale
004fcc2c 0000000c B Source
004fcc38 0000000c B Dest
004fcc44 00000004 b HierarchicalObjectsLowestYValue
004fcc48 00000030 B ObjectViewMatrix
004fcc78 00000004 B MirroringActive
004fcc7c 00000004 B CurrentNumberOfTranslucentPolygons
004fcc80 00000004 B TripTasticPhase
004fcc84 00000004 B setup
004fcc88 0000000c B u
004fcc94 0000000c B v
004fcca0 0000000c B du
004fccac 0000000c B dv
004fccb8 00000004 b wv.1
004fccbc 00000004 b o.0
004fccc0 00002ee0 b StarArray
004ffba0 00000248 B Alpha
004ffde8 00000001 B CloakedPredatorIsMoving
004ffdec 00000004 B HeadUpDisplayZOffset
004ffdf0 00004e20 B TranslucentPolygonHeaders
00504c10 00042680 B TranslucentPolygons
00547290 0001d4c0 b ColourIntensityArray
00564750 00003000 B MorphedPts
00567750 00000004 B FogMagnitude
00567754 0000000c B FogPosition
00567760 00000004 B Player
00567764 00000004 B dptr_last
00567768 00000034 b seeded_table
0056779c 00000100 B AAFontWidths
0056789c 00000424 B IntroFont_Light
00567cc0 00000004 b Global_ModuleArrayPtr
00567cc8 00000004 B AVPDPNetID
00567cd0 0000000c B AVPDPplayerName
00567cdc 00000004 B glpDP
00567ce0 00000004 B NumActiveBlocks
00567ce8 00000bb8 b FreeBlockList
005688a0 00000bb8 B ActiveBlockList
00569458 00000004 b NumFreeBlocks
00569460 00000190 b FreeTxAnimBlockList
005695f0 00000004 b NumFreeTxAnimBlocks
005695f8 00000190 b FreeLightBlockList
00569788 00000004 b NumFreeLightBlocks
0056978c 00001770 b FreeLightBlockData
0056aefc 00001db0 b FreeTxAnimBlockData
0056ccac 00044d90 b FreeBlockData
005b1a40 00000150 B OctantVertex
005b1b90 000006d8 B SphereVertex
005b2268 00000d80 B SphereFace
005b2fe8 00000248 B SphereAtmosV
005b3230 00000248 B SphereAtmosU
005b3478 00000248 B SphereVertexHeight
005b36c0 000006d8 B SphereAtmosRotatedVertex
005b3d98 000006d8 B SphereRotatedVertex
005b4470 00000004 B VideoModeColourDepth
005b4474 00000004 B BackBufferPitch
005b447c 00000004 B WireFrameMode
005b4480 00000004 B FMVParticleColour
005b4484 00000004 B NumberOfLandscapePolygons
005b4488 00000004 B VideoModeNotAvailable
005b448c 00000004 B KeepMainRifFile
005b4490 00004000 B oneoversin
005b8490 00000050 B ScreenDescriptorBlock
005b84e0 00000024 b ClipPlanePoints
005b8504 00000004 B NumActiveVDBs
005b8508 00000004 B FreeVDBList
005b850c 00000174 b FreeVDBData
005b8680 00000004 B NumFreeVDBs
005b8684 00000004 B ActiveVDBList
005b8688 00000001 B Global_Scene
005b868c 00000004 B AwIffConvTransp::rawTranspCol
005b8690 00000004 B AwIffConvTransp::iTranspCol
005b8694 00000001 B rlcAwIffLoader_488
005b8698 00000001 B rlcAwIffLoader_487
005b869c 00000001 B rlcAwIffLoader_486
005b86a0 00000014 b AwTl::g_listAllocated
005b86b4 00000001 B awTlLastErr
005b86b5 00000001 b AwTl::g_bAllocListActive
005b86b8 00000004 b AwTl::g_pMagicFileIdTree
005b86c0 00000024 B AwTl::pixelFormat
005b86e4 00000404 b AwTl::RegisterLoader(char const*, AwTl::TexFileLoader* (*)())::mfidt
005b8ae8 00000004 b guard variable for AwTl::RegisterLoader(char const*, AwTl::TexFileLoader* (*)())::mfidt
005b8aec 0000001c b AwTl::driverDesc
005b8b08 00000010 b AwTl::listTextureFormats
005b8b18 00000024 B AwTl::pfTextureFormat
005b8b40 00000024 B AwTl::pfSurfaceFormat
005b8b68 00000004 B Env_Chunk
005b8b6c 00000010 b FragList
005b8b7c 00000400 B ShapeInMSL::hash_msl
005b8f7c 00000400 B ShapeInMSL::hash_ptr
005b937c 00000400 B ShapeInMSL::hash_name
005b9780 00000008 B local_scale
005b9788 00000010 b msl_shapes
005b9798 00000004 B PaletteMapTable
005b979c 00000004 B current_rif_handle
005b97a0 00000004 B cl_pszGameMode
005b97a8 00000004 b guard variable for Chunk::Register(char const*, char const*, Chunk* (*)(Chunk_With_Children*, char const*))::reg
005b97b0 00000014 b Chunk::Register(char const*, char const*, Chunk* (*)(Chunk_With_Children*, char const*))::reg
005b97c4 00000004 b g_pRifRegister
005b97c8 00000004 B Parent_File
005b97cc 00000004 b db_display_type
005b97d0 00000004 b InitialisedLog
005b97d4 000000ff b LogFileNameP
005b98d4 00000004 b db_vol_zero
005b98d8 00000004 B db_option
005b98e0 00000808 b SymbolCensus
005ba0e8 00000030 b Depths
005ba118 00000808 b EncodingTable
005ba920 00002000 b DecodeTable
005bc920 00002020 b TreeNodes
005be940 00000014 b IFF::g_listAllocated
005be954 00000001 b IFF::g_bAllocListActive
005be958 00000004 b guard variable for IFF::Chunk::Register(IFF::ID, IFF::ID, IFF::Chunk* (*)())::reg
005be960 00000014 b IFF::Chunk::Register(IFF::ID, IFF::ID, IFF::Chunk* (*)())::reg
005be974 00000004 b IFF::g_pRegister
005be978 00000004 b IFF::ID_ANY
005be97c 00000001 B IFF::rccProp_599
005be980 00000001 B IFF::rccCat_598
005be984 00000001 B IFF::rccList_597
005be988 00000001 B IFF::rccForm_596
005be98c 00000465 b TextprintBuffer
005bedf4 00000004 b DHM_NumCharsInQueue
005bedf8 00000004 B textprint_Y_offset
005bedfc 00000004 b fTextLost
005bee00 00000001 B ProcessorType
005bee04 00000004 B MMXAvailable
005bee08 00000004 B VideoMode
005bee0c 00000004 B WindowMode
005bee10 00000001 B AttemptVideoModeRestart
005bee11 00000001 B VideoRestartMode
005bee14 00000100 B KeyboardInput
005bef14 00000001 B GotAnyKey
005bef18 00000004 B textprintPosX
005bef1c 00000004 B textprintPosY
005bef20 00000004 B lastTickCount
005bef24 00000004 B NormalFrameTime
005bef28 00000004 B PrevNormalFrameTime
005bef2c 00000004 B RealFrameTime
005bef30 00000004 B FrameRate
005bef34 00000004 B GlobalFrameCounter
005bef38 00000004 B RouteFinder_CallsThisFrame
005bef3c 00000004 B bEnableTextprint
005bef40 00005dc0 b DHM_PrintQueue
005c4d00 00000300 B TestPalette2
005c5000 00000300 B TestPalette
005c5300 00000301 B PaletteBuffer
005c5604 00000004 B fontHeader
005c5608 00000004 B palette_tmp
005c560c 00000001 B KeyASCII
005c560d 00000001 B KeyCode
005c5610 00000004 B NumPaletteShadingTables
005c5614 00000004 B NumShadingTables
005c5618 00000004 B PaletteRemapTable
005c561c 00000004 B TextureLightingTable
005c5620 00000004 B DXMemoryMode
005c5624 00000004 B ZBufferMode
005c5628 00000004 B ScanDrawMode
005c562c 00000004 B VideoModeTypeScreen
005c5630 00000004 B VideoModeType
005c5634 00000004 B InputMode
005c5638 00000400 B LPTestPalette
005c5a38 00000004 B ScreenBuffer
005c5a3c 00000004 B alloc_cnt
005c5a40 00000004 B deall_cnt
005c5a44 00000004 B ShapePointsPtr
005c5a48 00000004 B ShapeNormalsPtr
005c5a4c 00000004 B Shape2NormalsPtr
005c5a50 00000001 B ShapeIsMorphed
005c5a54 00000004 B ItemArrayPtr
005c5a58 00000004 B PolyheaderPtr
005c5a5c 00000004 b patShapePointsPtr
005c5a60 0000000c b patPointData
005c5a6c 00000010 b patPolyVertexIndices
005c5a7c 00000004 B Shape_Chunk::max_id
005c5a80 00000010 b Shape_Chunk::list_assoc_objs()::empty_list
005c5a90 00000004 b guard variable for Shape_Chunk::list_assoc_objs()::empty_list
005c5a94 00000001 B rifccShape_Preprocessed_Data_Chunk_3261
005c5a98 00000001 B rifccConsole_Type_Chunk_3247
005c5a9c 00000001 B rifccAnim_Shape_Centre_Chunk_3089
005c5aa0 00000001 B rifccPoly_Not_In_Bounding_Box_Chunk_3040
005c5aa4 00000001 B rifccAnim_Shape_Alternate_Texturing_Chunk_2973
005c5aa8 00000001 B rifccAnim_Shape_Frame_Data_Chunk_2908
005c5aac 00000001 B rifccAnim_Shape_Sequence_Data_Chunk_2843
005c5ab0 00000001 B rifccAnim_Shape_Frame_Chunk_2804
005c5ab4 00000001 B rifccAnim_Shape_Sequence_Chunk_2610
005c5ab8 00000001 B rifccShape_Fragment_Type_Chunk_2553
005c5abc 00000001 B rifccShape_Fragment_Location_Chunk_2494
005c5ac0 00000001 B rifccShape_Fragments_Data_Chunk_2441
005c5ac4 00000001 B rifccShape_Fragments_Chunk_2426
005c5ac8 00000001 B rifccShape_Name_Chunk_2385
005c5acc 00000001 B rifccShape_Poly_Change_Info_Chunk_2315
005c5ad0 00000001 B rifccShape_Sub_Shape_Header_Chunk_2221
005c5ad4 00000001 B rifccShape_Sub_Shape_Chunk_1989
005c5ad8 00000001 B rifccShape_Morphing_Frame_Data_Chunk_1806
005c5adc 00000001 B rifccShape_Morphing_Data_Chunk_1727
005c5ae0 00000001 B rifccShape_Morphing_Data_Chunk_1726
005c5ae4 00000001 B rifccShape_External_Object_Name_Chunk_1650
005c5ae8 00000001 B rifccShape_External_Filename_Chunk_1597
005c5aec 00000001 B rifccShape_External_File_Chunk_1548
005c5af0 00000001 B rifccShape_Merge_Data_Chunk_1476
005c5af4 00000001 B rifccShape_Merge_Data_Chunk_1475
005c5af8 00000001 B rifccShape_Header_Chunk_1282
005c5afc 00000001 B rifccShape_Texture_Filenames_Chunk_1179
005c5b00 00000001 B rifccShape_Texture_Filenames_Chunk_1178
005c5b04 00000001 B rifccShape_UV_Coord_Chunk_1026
005c5b08 00000001 B rifccShape_UV_Coord_Chunk_1025
005c5b0c 00000001 B rifccShape_UV_Coord_Chunk_1024
005c5b10 00000001 B rifccShape_Centre_Chunk_965
005c5b14 00000001 B rifccShape_Polygon_Chunk_827
005c5b18 00000001 B rifccShape_Polygon_Chunk_826
005c5b1c 00000001 B rifccShape_Polygon_Chunk_825
005c5b20 00000001 B rifccShape_Polygon_Normal_Chunk_728
005c5b24 00000001 B rifccShape_Polygon_Normal_Chunk_727
005c5b28 00000001 B rifccShape_Polygon_Normal_Chunk_726
005c5b2c 00000001 B rifccShape_Vertex_Normal_Chunk_648
005c5b30 00000001 B rifccShape_Vertex_Normal_Chunk_647
005c5b34 00000001 B rifccShape_Vertex_Chunk_546
005c5b38 00000001 B rifccShape_Vertex_Chunk_545
005c5b3c 00000001 B rifccShape_Vertex_Chunk_544
005c5b40 00000004 B Shape_External_File_Chunk::UpdatingExternalShape
005c5b44 00000001 B rifccShape_Chunk_12
005c5b48 00000004 B __Chunk_Include_shpchunk
005c5b4c 00000640 B ImageHeaderPtrs
005c618c 00000004 b NextFreeImageHeaderPtr
005c6190 00000004 B NumImages
005c6194 00011300 B ImageHeaderArray
005d7494 00000004 B ImageBuffer
005d7498 00000010 b tv0.0
005d74a8 00000001 b SDL_main_thread_initialized
005d74ac 00000020 b SDL_SubsystemRefCount
005d74cc 00000001 b SDL_bInMainQuit
005d74cd 00000001 b legacy_version.0
005d74d0 00000004 b spinlock.1
005d74d4 00000004 b assertion_mutex
005d74d8 00000004 b triggered_assertions
005d74dc 00000004 b assertion_running.0
005d74e0 00000004 b assertion_userdata
005d74e4 00000004 b SDL_hints
005d74e8 00000004 b log_function_mutex
005d74ec 00000004 b SDL_loglevels
005d74f0 00000001 b SDL_forced_priority
005d74f1 00000001 b SDL_forced_priority_level
005d74f4 00000004 b SDL_log_userdata
005d74f8 00000064 b current_audio
005d755c 00000040 b open_devices
005d759c 00000004 b format_idx
005d75a0 00000004 b format_idx_sub
005d75a4 00000001 b converters_chosen.0
005d75a8 00000004 B SDL_Convert_S8_to_F32
005d75ac 00000004 B SDL_Convert_U8_to_F32
005d75b0 00000004 B SDL_Convert_S16_to_F32
005d75b4 00000004 B SDL_Convert_U16_to_F32
005d75b8 00000004 B SDL_Convert_S32_to_F32
005d75bc 00000004 B SDL_Convert_F32_to_S8
005d75c0 00000004 B SDL_Convert_F32_to_U8
005d75c4 00000004 B SDL_Convert_F32_to_S16
005d75c8 00000004 B SDL_Convert_F32_to_U16
005d75cc 00000004 B SDL_Convert_F32_to_S32
005d75d0 00000004 b SDL_EventLoggingVerbosity
005d75d4 00000024 b SDL_EventQ
005d75f8 00000004 b SDL_sentinel_pending
005d75fc 00000400 b SDL_disabled_events
005d79fc 00000004 b SDL_event_watchers_lock
005d7a00 00000004 b SDL_event_watchers
005d7a04 00000004 b SDL_event_watchers_count
005d7a08 0000000c b SDL_EventOK
005d7a14 00000001 b SDL_event_watchers_dispatching
005d7a15 00000001 b SDL_event_watchers_removed
005d7a18 00000004 b SDL_numGestureTouches
005d7a1c 00000004 b SDL_gestureTouch
005d7a20 00000001 b recordAll
005d7a24 00000c10 b SDL_keyboard
005d8634 00000008 b name.0
005d8640 000000b0 b SDL_mouse
005d86f0 00000001 b track_mouse_down
005d86f1 00000001 b send_quit_pending
005d86f8 00000004 b SDL_num_touch
005d86fc 00000004 b SDL_touchDevices
005d8700 00000001 b finger_touching
005d8708 00000008 b track_touchid
005d8710 00000008 b track_fingerid
005d8718 00000004 b SDL_haptics
005d871c 00000004 b s_pSupportedControllers
005d8720 00000010 b s_zeroGUID
005d8730 00000004 b SDL_gamecontrollers
005d8734 00000004 b s_pDefaultMapping
005d8738 00000001 b gamecontroller_magic
005d873c 00000001 b SDL_joystick_allows_background_events
005d873d 00000001 b SDL_joysticks_initialized
005d873e 00000001 b SDL_joysticks_quitting
005d8740 00000004 b SDL_joystick_lock_pending
005d8744 00000004 b SDL_joystick_lock
005d8748 00000004 b SDL_joysticks_locked
005d874c 00000004 b SDL_next_joystick_instance_id
005d8750 00000004 b SDL_joystick_player_count
005d8754 00000004 b SDL_joystick_players
005d8758 00000001 B SDL_joystick_magic
005d875c 00000004 b SDL_joysticks
005d8760 00000004 b SDL_steam_virtual_gamepad_info
005d8764 00000004 b SDL_steam_virtual_gamepad_info_count
005d8768 00000004 b SDL_steam_virtual_gamepad_info_check_time
005d876c 00000004 b SDL_steam_virtual_gamepad_info_file
005d8770 00000008 b SDL_steam_virtual_gamepad_info_file_mtime
005d8778 00000004 b SDL_sensor_lock
005d877c 00000004 b SDL_next_sensor_instance_id
005d8780 00000004 b SDL_sensors
005d8784 00000001 b SDL_updating_sensor
005d8788 00000004 b SDL_tls_id.5
005d878c 00000004 b SDL_tls_allocated
005d8790 00000004 b SDL_generic_TLS_mutex
005d8794 00000004 b SDL_generic_TLS
005d8798 00000014 b SDL_global_error.1
005d87ac 00000004 b tls_errbuf.4
005d87b0 00000001 b tls_being_created.3
005d87b4 00000004 b tls_lock.2
005d87b8 00000080 b SDL_global_error_str.0
005d8838 000000a8 b SDL_timer_data
005d88e0 00000004 b formats_lock
005d88e4 00000004 b formats
005d88e8 00000004 b _this
005d88ec 00000004 b SDL_messagebox_count
005d88f0 00000004 b g_VJoys
005d88f4 00000008 b dsp_hook
005d88fc 00000004 b audio_device
005d8900 00000004 b previous_state.3
005d8904 00000004 b previous_state.2
005d8908 00000004 b previous_state.1
005d890c 00000004 b previous_state.0
005d8910 00000001 b ticks_started
005d8918 00000008 b start_tick
005d8920 00000010 b N3DS_sensors
005d8930 00000006 b previous_state.1
005d8938 00000006 b previous_state.0
005d8940 00000001 b checked.0
005d8944 00000004 b SDL_CPUCount
005d8948 0000000d b SDL_CPUType.1
005d8958 00000004 b SDL_SystemRAM
005d895c 00000001 b texture_magic
005d895d 00000001 b renderer_magic
005d8960 00000004 b frame_number.0
005d8964 00000004 b frame_number.0
005d8968 00000400 b sw_keyboard
005d8d68 00000001 b was_pressed.0
005d8d70 000005a8 B __C2Di_Context
005d9318 00000040 b s_projTop
005d9358 00000040 b s_projBot
005d9398 00000004 b uLoc_mdlvMtx
005d939c 00000004 b uLoc_projMtx
005d93a0 b completed.1
005d93a4 b object.0
005d93bc 00000001 V IFF::ConsistencyCheck::ConsistencyCheck()::bReadOnly
005d93c0 0000000c b hookCookie
005d93d0 000002d0 B __C3D_Context
005d96a0 00000004 b frameEndCbData
005d96a4 00000004 b frameEndCb
005d96a8 00000008 b frameCounter
005d96b0 00000001 b isTopStereo
005d96b1 00000001 b needSwapBot
005d96b2 00000001 b needSwapTop
005d96b3 00000001 b measureGpuTime
005d96b4 00000001 b inSafeTransfer
005d96b5 00000001 b inFrame
005d96b8 00000010 b cpuTime
005d96c8 00000010 b gpuTime
005d96d8 0000000c b linkedTarget
005d96e4 00000004 b lastTarget
005d96e8 00000004 b firstTarget
005d96ec 00000008 b C3Di_IVUnifEverDirty
005d96f4 000000c0 b C3Di_FVUnifEverDirty
005d97b4 00000018 b C3Di_ShaderFVecData
005d97cc 00000002 B C3D_BoolUnifsDirty
005d97d0 00000008 B C3D_IVUnifDirty
005d97d8 000000c0 B C3D_FVUnifDirty
005d9898 00000004 B C3D_BoolUnifs
005d989c 00000020 B C3D_IVUnif
005d98bc 00000c00 B C3D_FVUnif
005da4c0 00000008 b sLinearPool
005da4c8 0000000c b sAddrMap
005da4d8 00000008 b sVramPoolB
005da4e0 00000008 b sVramPoolA
005da4e8 0000000c b sAddrMap
005da4f4 00000004 b screenAlloc
005da4f8 00000004 b screenFree
005da4fc 00000002 b gfxIsDoubleBuf
005da500 00000002 b gfxCurBuf
005da502 00000001 b gfxIsVram
005da503 00000001 b gfxTopMode
005da504 00000002 b gfxFramebufferFormats
005da508 00000004 b gfxBottomFramebufferMaxSize
005da50c 00000004 b gfxTopFramebufferMaxSize
005da510 00000008 b gfxBottomFramebuffers
005da518 00000008 b gfxTopFramebuffers
005da520 00000001 V __ctru_speedup
005da524 00000004 b romfs_mount_list
005da528 00000004 V __romfs_path
005da52c 00000004 b arbiter
005da530 00000004 B gpuCmdBufOffset
005da534 00000004 B gpuCmdBufSize
005da538 00000004 B gpuCmdBuf
005da53c 00000004 b boundQueue
005da540 00000001 b shouldStop
005da541 00000001 b isRunning
005da542 00000001 b isActive
005da544 00000004 b curQueue
005da548 00000004 b ndspRefCount
005da54c 00000048 b ndspMaster
005da594 00000004 b ndspThread
005da598 00000001 b ndspThreadRun
005da59c 00001080 b dspVar5Backup
005db61c 00000004 b ndspMutex
005db620 00000008 b sleepEvent
005db628 00000004 b dspSem
005db62c 00000004 b irqEvent
005db630 00000008 b ndspHookCookie
005db638 00000001 b componentFree
005db63a 00000002 b componentDataMask
005db63c 00000002 b componentProgMask
005db640 00000004 b componentSize
005db644 00000004 b componentBin
005db648 00000004 b frameCount
005db64c 00000004 b droppedFrames
005db650 00000001 b bCancelReceived
005db651 00000001 b bSleeping
005db652 00000001 b bEnteringSleep
005db653 00000001 b bDspReady
005db654 00000080 B ndspVars
005db6d4 00000002 B ndspBufferId
005db6d6 00000002 B ndspBufferCurId
005db6d8 00000002 B ndspFrameId
005db6e0 00000c60 b ndspChn
005dc340 00000001 b flagValue.0
005dc341 00000001 b flagInit.1
005dc344 00000004 b serviceName.6
005dc348 00000001 b aptChainloadFlags
005dc349 00000001 b aptChainloadMediatype
005dc34c 00000020 b aptChainloadHmac
005dc36c 00000300 b aptChainloadDeliverArg
005dc670 00000008 b aptChainloadTid
005dc678 00001000 b aptParameters
005dd678 00000004 b aptFlags
005dd67c 00000001 b aptHomeButtonState
005dd680 00000004 b aptMessageFuncData
005dd684 00000004 b aptMessageFunc
005dd688 0000000c b aptFirstHook
005dd694 00000001 b aptEventHandlerThreadQuit
005dd698 00000004 b aptEventHandlerThread
005dd69c 00000008 b aptSleepEvent
005dd6a4 00000008 b aptReceiveEvent
005dd6ac 00000008 b aptEvents
005dd6b4 00000004 b aptLockHandle
005dd6b8 00000004 b aptRefCount
005dd6bc 00000004 b cfguRefCount
005dd6c0 00000004 b cfguHandle
005dd6c4 00000002 b dspSavedCompDataMask
005dd6c6 00000002 b dspSavedCompProgMask
005dd6c8 00000004 b dspSavedCompSize
005dd6cc 00000004 b dspSavedCompBin
005dd6d0 00000001 b dspSleeping
005dd6d1 00000001 b dspComponentLoaded
005dd6d4 00000008 b dspFirstHook
005dd6dc 00000004 b dspRefCount
005dd6e0 00000004 b dspHandle
005dd6e8 00000080 b fsExemptArchives
005dd768 00000004 b fsuRefCount
005dd76c 00000004 b fsuHandle
005dd770 00000007 b gspEventCbOneShot
005dd778 0000001c b gspEventCbData
005dd794 0000001c b gspEventCb
005dd7b0 00000038 b gspEvents
005dd7e8 00000004 b gspLastEvent
005dd7ec 00000001 b gspRunEvents
005dd7f0 00000004 b gspEventThread
005dd7f4 00000004 b gspEvent
005dd7f8 00000001 b gspGpuRight
005dd7f9 00000001 b gspThreadId
005dd7fc 00000004 b gspSharedMem
005dd800 00000004 b gspSharedMemHandle
005dd804 00000004 b gspRefCount
005dd808 00000004 b gspGpuHandle
005dd80c 00000001 b usingIrrst
005dd810 00000004 b hidRefCount
005dd814 00000006 b gRate
005dd81c 00000006 b aVec
005dd824 00000004 b cPos
005dd828 00000004 b tPos
005dd82c 00000004 b kRepeat
005dd830 00000004 b kUp
005dd834 00000004 b kDown
005dd838 00000004 b kHeld
005dd83c 00000004 b kOld
005dd840 00000004 B hidSharedMem
005dd844 00000014 B hidEvents
005dd858 00000004 B hidMemHandle
005dd85c 00000004 B hidHandle
005dd860 00000004 b irrstRefCount
005dd864 00000004 b csPos
005dd868 00000004 b kHeld
005dd86c 00000004 B irrstSharedMem
005dd870 00000004 B irrstEvent
005dd874 00000004 B irrstMemHandle
005dd878 00000004 B irrstHandle
005dd87c 00000004 b ptmSysmRefCount
005dd880 00000004 b ptmSysmHandle
005dd884 00000004 b swkbdSharedMemHandle
005dd888 00000004 b swkbdSharedMem
005dd88c 00000004 V __ctru_linear_heap_size
005dd890 00000004 V __ctru_heap_size
005dd894 00000004 B __ctru_linear_heap
005dd898 00000004 B __ctru_heap
005dd89c 00000004 B __system_retAddr
005dd8a0 00000004 B __system_argv
005dd8a4 00000004 B __system_argc
005dd8a8 b saved_stack
005dd8b0 00000004 B __3dslink_host
005dd8b4 00000004 b srvRefCount
005dd8b8 00000004 b srvHandle
005dd8bc 00000004 b currentAddr
005dd8c0 00000004 b maxAddr
005dd8c4 00000004 b minAddr
005dd8c8 00000004 b srvPmHandle
005dd8d0 000005c0 b archive_devices
005dde90 00000004 b archive_device_cwd
005dde94 00000001 b archive_initialized
005dde98 00000004 b (anonymous namespace)::get_static_cond()::once
005ddea0 00000008 b (anonymous namespace)::fake_cond
005ddea8 00000004 b (anonymous namespace)::static_cond
005ddeac 00000004 b (anonymous namespace)::get_static_mutex()::once
005ddeb0 00000010 b (anonymous namespace)::fake_mutex
005ddec0 00000004 b (anonymous namespace)::static_mutex
005ddec8 0000001c b (anonymous namespace)::emergency_pool
005ddee4 00000004 b init
005ddee8 00000001 B __eh_globals_init::_S_init
005ddeec 0000000c b (anonymous namespace)::eh_globals
005ddef8 00000004 b (anonymous namespace)::__new_handler
005ddefc 00000004 b num_nonopts
005ddf00 00000004 b permute_from
005ddf04 00000004 b optwhere
005ddf08 00000004 B optind
005ddf0c 00000004 B optarg
005ddf10 00000028 B __malloc_current_mallinfo
005ddf38 00000004 B __malloc_max_total_mem
005ddf3c 00000004 B __malloc_max_sbrked_mem
005ddf40 00000004 B __malloc_top_pad
005ddf44 0000000c b __sfp_recursive_mutex
005ddf50 00000168 B __sf
005de0b8 00000004 B __stdio_exit_handler
005de0bc 0000000c b __malloc_recursive_mutex
005de0c8 0000000c b __env_recursive_mutex
005de0d4 00000004 b initial_env
005de0d8 00000190 B __atexit0
005de268 00000004 b prev_tzenv
005de26c 0000000c b __tzname_dst
005de278 0000000c b __tzname_std
005de284 00000004 B _timezone
005de288 00000004 B _daylight
005de28c 00000004 b __tz_mutex
005de290 00000004 B __atexit
005de294 0000000c B __atexit_recursive_mutex
005de2a0 00000400 b temp_cwd
005de6a0 00000004 b __hndl_lock
005de6a4 00000004 B fake_heap_start
005de6a8 00000004 B fake_heap_end
005de6ac 00000004 b __pthread_once_cv
005de6b0 00000004 b __pthread_once_lock
005de6b4 00000004 b heap_start.0
005de6b8 B __tls_start
005df2c0 B __bss_end__
005df2c0 A __end__
005df2c0 B __tls_end
